Player ID + Player Name,Id,Position,First Name,Nickname,Last Name,FPPG,Played,Salary,Game,Team,Opponent,Injury Indicator,Injury Details,Tier,,,Roster Position,Chalk,Weight,Xweight,STack
62415-55050:Christian McCaffrey,62415-55050,RB,Christian,Christian McCaffrey,McCaffrey,16.38000031,5,10400,NYJ@CAR,CAR,NYJ,,,,,,RB/FLEX,1,,,
62415-54140:Dalvin Cook,62415-54140,RB,Dalvin,Dalvin Cook,Cook,22.55714199,14,9400,MIN@CIN,MIN,CIN,,,,,,RB/FLEX,1,1,1,
62415-39280:Derrick Henry,62415-39280,RB,Derrick,Derrick Henry,Henry,19.42353013,17,8900,ARI@TEN,TEN,ARI,,,,,,RB/FLEX,,,,
62415-57439:Patrick Mahomes,62415-57439,QB,Patrick,Patrick Mahomes,Mahomes,24.42222256,18,8800,CLE@KC,KC,CLE,,,,,,QB,,1,,
62415-45889:Davante Adams,62415-45889,WR,Davante,Davante Adams,Adams,20.95000076,16,8600,GB@NO,GB,NO,,,,,,WR/FLEX,1,,,
62415-42104:Alvin Kamara,62415-42104,RB,Alvin,Alvin Kamara,Kamara,21.58235258,17,8600,GB@NO,NO,GB,,,,,,RB/FLEX,1,,,
62415-33076:Travis Kelce,62415-33076,TE,Travis,Travis Kelce,Kelce,18.32000054,18,8500,CLE@KC,KC,CLE,,,,,,TE/FLEX,1,,2,
62415-53681:Tyreek Hill,62415-53681,WR,Tyreek,Tyreek Hill,Hill,18.57222154,18,8500,CLE@KC,KC,CLE,,,,,,WR/FLEX,,,,
62415-64401:Saquon Barkley,62415-64401,RB,Saquon,Saquon Barkley,Barkley,4.133333206,3,8500,DEN@NYG,NYG,DEN,Q,Knee - acl + mcl,,,,RB/FLEX,,,,
62415-63484:Kyler Murray,62415-63484,QB,Kyler,Kyler Murray,Murray,24.42124939,16,8400,ARI@TEN,ARI,TEN,,,,,,QB,,,,
62415-16606:DeAndre Hopkins,62415-16606,WR,DeAndre,DeAndre Hopkins,Hopkins,14.39375019,16,8200,ARI@TEN,ARI,TEN,Q,Undisclosed,,,,WR/FLEX,,,,
62415-62239:Josh Allen,62415-62239,QB,Josh,Josh Allen,Allen,25.14421001,19,8100,PIT@BUF,BUF,PIT,,,,,,QB,,1,,Stack
62415-64555:Calvin Ridley,62415-64555,WR,Calvin,Calvin Ridley,Ridley,15.76666667,15,8100,PHI@ATL,ATL,PHI,,,,,,WR/FLEX,,1,1,
62415-6894:Aaron Rodgers,62415-6894,QB,Aaron,Aaron Rodgers,Rodgers,24.34111192,18,8000,GB@NO,GB,NO,,,,,,QB,,1,,
62415-85671:Justin Jefferson,62415-85671,WR,Justin,Justin Jefferson,Jefferson,14.38749981,16,8000,MIN@CIN,MIN,CIN,Q,Shoulder - ac joint,,,,WR/FLEX,,,,
62415-25079:Stefon Diggs,62415-25079,WR,Stefon,Stefon Diggs,Diggs,16.74736906,19,7900,PIT@BUF,BUF,PIT,Q,Knee,,,,WR/FLEX,1,,,Stack
62415-89675:Jonathan Taylor,62415-89675,RB,Jonathan,Jonathan Taylor,Taylor,15.63749981,16,7900,SEA@IND,IND,SEA,,,,,,RB/FLEX,,,,
62415-72846:A.J. Brown,62415-72846,WR,A.J.,A.J. Brown,Brown,15.3200002,15,7800,ARI@TEN,TEN,ARI,,,,,,WR/FLEX,,,,
62415-22015:Russell Wilson,62415-22015,QB,Russell,Russell Wilson,Wilson,23.04352884,17,7800,SEA@IND,SEA,IND,,,,,,QB,,1,1,Stack
62415-53562:Nick Chubb,62415-53562,RB,Nick,Nick Chubb,Chubb,15.36666667,15,7700,CLE@KC,CLE,KC,,,,,,RB/FLEX,,1,1,
62415-73048:DK Metcalf,62415-73048,WR,DK,DK Metcalf,Metcalf,14.93529376,17,7700,SEA@IND,SEA,IND,,,,,,WR/FLEX,,1,1,Stack
62415-21948:Ryan Tannehill,62415-21948,QB,Ryan,Ryan Tannehill,Tannehill,21.20941162,17,7700,ARI@TEN,TEN,ARI,,,,,,QB,,,,
62415-69189:Justin Herbert,62415-69189,QB,Justin,Justin Herbert,Herbert,22.85599976,15,7600,LAC@WAS,LAC,WAS,,,,,,QB,,,1,
62415-69531:Jalen Hurts,62415-69531,QB,Jalen,Jalen Hurts,Hurts,8.045714242,14,7600,PHI@ATL,PHI,ATL,,,,,,QB,,,1,Stack
62415-54879:Deshaun Watson,62415-54879,QB,Deshaun,Deshaun Watson,Watson,23.52000046,16,7500,JAC@HOU,HOU,JAC,,,,,,QB,,,,
62415-29253:Keenan Allen,62415-29253,WR,Keenan,Keenan Allen,Allen,13.93571472,14,7400,LAC@WAS,LAC,WAS,,,,,,WR/FLEX,,1,1,
62415-40442:Aaron Jones,62415-40442,RB,Aaron,Aaron Jones,Jones,16.03750038,16,7400,GB@NO,GB,NO,,,,,,RB/FLEX,1,,,
62415-6616:Matt Ryan,62415-6616,QB,Matt,Matt Ryan,Ryan,18.34000015,16,7300,PHI@ATL,ATL,PHI,,,,,,QB,,,,
62415-39716:Adam Thielen,62415-39716,WR,Adam,Adam Thielen,Thielen,14.46666667,15,7300,MIN@CIN,MIN,CIN,,,,,,WR/FLEX,,,,
62415-52442:Joe Mixon,62415-52442,RB,Joe,Joe Mixon,Mixon,14.84999975,6,7200,MIN@CIN,CIN,MIN,,,,,,RB/FLEX,1,,,
62415-22038:Kirk Cousins,62415-22038,QB,Kirk,Kirk Cousins,Cousins,19.95000076,16,7200,MIN@CIN,MIN,CIN,,,,,,QB,,,,
62415-63336:Joe Burrow,62415-63336,QB,Joe,Joe Burrow,Burrow,17.87200012,10,7200,MIN@CIN,CIN,MIN,,,,,,QB,,,,
62415-6589:Ben Roethlisberger,62415-6589,QB,Ben,Ben Roethlisberger,Roethlisberger,19.45375061,16,7100,PIT@BUF,PIT,BUF,,,,,,QB,,,,Stack
62415-41535:Baker Mayfield,62415-41535,QB,Baker,Baker Mayfield,Mayfield,16.16111077,18,7100,CLE@KC,CLE,KC,,,,,,QB,,,,
62415-90933:Antonio Gibson,62415-90933,RB,Antonio,Antonio Gibson,Gibson,12.5799998,15,7000,LAC@WAS,WAS,LAC,,,,,,RB/FLEX,1,,,
62415-39793:George Kittle,62415-39793,TE,George,George Kittle,Kittle,12.63749981,8,7000,SF@DET,SF,DET,,,,,,TE/FLEX,1,,,
62415-14185:Cam Newton,62415-14185,QB,Cam,Cam Newton,Newton,17.9986674,15,7000,MIA@NE,NE,MIA,,,,,,QB,,,,
62415-14190:Julio Jones,62415-14190,WR,Julio,Julio Jones,Jones,13.39999983,9,7000,ARI@TEN,TEN,ARI,Q,Undisclosed,,,,WR/FLEX,,,,
62415-80001:Austin Ekeler,62415-80001,RB,Austin,Austin Ekeler,Ekeler,12.57272755,11,6900,LAC@WAS,LAC,WAS,,,,,,RB/FLEX,,1,,
62415-56250:Terry McLaurin,62415-56250,WR,Terry,Terry McLaurin,McLaurin,11.92500019,16,6900,LAC@WAS,WAS,LAC,,,,,,WR/FLEX,,,,
62415-54604:Jimmy Garoppolo,62415-54604,QB,Jimmy,Jimmy Garoppolo,Garoppolo,11.55666606,6,6900,SF@DET,SF,DET,,,,,,QB,,,,
62415-14377:Tyrod Taylor,62415-14377,QB,Tyrod,Tyrod Taylor,Taylor,4.510000229,2,6800,JAC@HOU,HOU,JAC,,,,,,QB,,,,
62415-27050:Tyler Lockett,62415-27050,WR,Tyler,Tyler Lockett,Lockett,12.98235276,17,6800,SEA@IND,SEA,IND,,,,,,WR/FLEX,,1,1,Stack
62415-85741:Clyde Edwards-Helaire,62415-85741,RB,Clyde,Clyde Edwards-Helaire,Edwards-Helaire,11.65999959,15,6800,CLE@KC,KC,CLE,,,,,,RB/FLEX,,1,,
62415-89951:Trevor Lawrence,62415-89951,QB,Trevor,Trevor Lawrence,Lawrence,,,6800,JAC@HOU,JAC,HOU,,,,,,QB,,,,
62415-63519:Daniel Jones,62415-63519,QB,Daniel,Daniel Jones,Jones,13.57285745,14,6700,DEN@NYG,NYG,DEN,,,,,,QB,,,,
62415-24849:Jameis Winston,62415-24849,QB,Jameis,Jameis Winston,Winston,2.160000086,4,6700,GB@NO,NO,GB,,,,,,QB,,,,
62415-45565:Taysom Hill,62415-45565,QB,Taysom,Taysom Hill,Hill,9.15411736,17,6700,GB@NO,NO,GB,,,,,,QB,,,,
62415-64119:Chris Carson,62415-64119,RB,Chris,Chris Carson,Carson,13.69230769,13,6700,SEA@IND,SEA,IND,,,,,,RB/FLEX,,,1,
62415-63043:DJ Moore,62415-63043,WR,DJ,DJ Moore,Moore,11.9,15,6700,NYJ@CAR,CAR,NYJ,,,,,,WR/FLEX,,,,
62415-71845:Miles Sanders,62415-71845,RB,Miles,Miles Sanders,Sanders,13.03333282,12,6600,PHI@ATL,PHI,ATL,,,,,,RB/FLEX,,1,1,Stack
62415-90572:Tua Tagovailoa,62415-90572,QB,Tua,Tua Tagovailoa,Tagovailoa,12.88727223,11,6600,MIA@NE,MIA,NE,,,,,,QB,,,,
62415-66008:Diontae Johnson,62415-66008,WR,Diontae,Diontae Johnson,Johnson,11.47058824,17,6600,PIT@BUF,PIT,BUF,,,,,,WR/FLEX,,,1,Stack
62415-33259:Teddy Bridgewater,62415-33259,QB,Teddy,Teddy Bridgewater,Bridgewater,16.81466675,15,6600,DEN@NYG,DEN,NYG,,,,,,QB,,,,
62415-64051:Drew Lock,62415-64051,QB,Drew,Drew Lock,Lock,15.10153902,13,6600,DEN@NYG,DEN,NYG,,,,,,QB,,,,
62415-7659:Ryan Fitzpatrick,62415-7659,QB,Ryan,Ryan Fitzpatrick,Fitzpatrick,17.91555617,9,6600,LAC@WAS,WAS,LAC,,,,,,QB,,,,
62415-53331:Taylor Heinicke,62415-53331,QB,Taylor,Taylor Heinicke,Heinicke,18.76000023,2,6500,LAC@WAS,WAS,LAC,,,,,,QB,,,,
62415-63589:Sam Darnold,62415-63589,QB,Sam,Sam Darnold,Darnold,11.15538494,13,6500,NYJ@CAR,CAR,NYJ,,,,,,QB,,,,
62415-90406:Zach Wilson,62415-90406,QB,Zach,Zach Wilson,Wilson,,,6500,NYJ@CAR,NYJ,CAR,,,,,,QB,,,,
62415-90575:Najee Harris,62415-90575,RB,Najee,Najee Harris,Harris,,,6500,PIT@BUF,PIT,BUF,,,,,,RB/FLEX,,1,,
62415-31360:Odell Beckham Jr.,62415-31360,WR,Odell,Odell Beckham Jr.,Beckham Jr.,10.75999996,7,6500,CLE@KC,CLE,KC,Q,Knee - acl,,,,WR/FLEX,,1,,
62415-70324:Carson Wentz,62415-70324,QB,Carson,Carson Wentz,Wentz,17.78333282,12,6500,SEA@IND,IND,SEA,Q,Foot,,,,QB,,,,
62415-38435:Jared Goff,62415-38435,QB,Jared,Jared Goff,Goff,16.3023538,17,6500,SF@DET,DET,SF,,,,,,QB,,,,
62415-85798:Brandon Aiyuk,62415-85798,WR,Brandon,Brandon Aiyuk,Aiyuk,12.875,12,6500,SF@DET,SF,DET,,,,,,WR/FLEX,,,,
62415-28573:Michael Thomas,62415-28573,WR,Michael,Michael Thomas,Thomas,8.855555216,9,6500,GB@NO,NO,GB,NA,Ankle,,,,WR/FLEX,,,,
62415-6714:Joe Flacco,62415-6714,QB,Joe,Joe Flacco,Flacco,11.55199966,5,6400,PHI@ATL,PHI,ATL,,,,,,QB,,,,
62415-31394:Jarvis Landry,62415-31394,WR,Jarvis,Jarvis Landry,Landry,10.6564708,17,6400,CLE@KC,CLE,KC,,,,,,WR/FLEX,,1,,
62415-55987:JuJu Smith-Schuster,62415-55987,WR,JuJu,JuJu Smith-Schuster,Smith-Schuster,12.57647077,17,6400,PIT@BUF,PIT,BUF,,,,,,WR/FLEX,,,,Stack
62415-91598:D'Andre Swift,62415-91598,RB,D'Andre,D'Andre Swift,Swift,12.83076947,13,6400,SF@DET,DET,SF,Q,Groin,,,,RB/FLEX,,,,
62415-69333:Jacob Eason,62415-69333,QB,Jacob,Jacob Eason,Eason,0,1,6400,SEA@IND,IND,SEA,,,,,,QB,,,,
62415-149696:Trey Lance,62415-149696,QB,Trey,Trey Lance,Lance,,,6300,SF@DET,SF,DET,,,,,,QB,,,,
62415-92560:Sam Ehlinger,62415-92560,QB,Sam,Sam Ehlinger,Ehlinger,,,6300,SEA@IND,IND,SEA,,,,,,QB,,,,
62415-31170:Brandon Allen,62415-31170,QB,Brandon,Brandon Allen,Allen,8.950000127,6,6300,MIN@CIN,CIN,MIN,,,,,,QB,,,,
62415-56018:Deebo Samuel,62415-56018,WR,Deebo,Deebo Samuel,Samuel,9.171428135,7,6300,SF@DET,SF,DET,,,,,,WR/FLEX,,,,
62415-29501:Brandin Cooks,62415-29501,WR,Brandin,Brandin Cooks,Cooks,12.76666667,15,6300,JAC@HOU,HOU,JAC,,,,,,WR/FLEX,,,,
62415-30231:Jacoby Brissett,62415-30231,QB,Jacoby,Jacoby Brissett,Brissett,1.583076917,13,6300,MIA@NE,MIA,NE,,,,,,QB,,,,
62415-38628:Mitchell Trubisky,62415-38628,QB,Mitchell,Mitchell Trubisky,Trubisky,13.4353849,13,6300,PIT@BUF,BUF,PIT,,,,,,QB,,,,
62415-31047:AJ McCarron,62415-31047,QB,AJ,AJ McCarron,McCarron,0.400000006,2,6200,PHI@ATL,ATL,PHI,,,,,,QB,,,,
62415-61798:Gardner Minshew II,62415-61798,QB,Gardner,Gardner Minshew II,Minshew II,18.35111152,9,6200,JAC@HOU,JAC,HOU,,,,,,QB,,,,
62415-22994:Case Keenum,62415-22994,QB,Case,Case Keenum,Keenum,1.840000033,1,6200,CLE@KC,CLE,KC,,,,,,QB,,,,
62415-90584:Mac Jones,62415-90584,QB,Mac,Mac Jones,Jones,,,6200,MIA@NE,NE,MIA,,,,,,QB,,,,
62415-41827:P.J. Walker,62415-41827,QB,P.J.,P.J. Walker,Walker,2.704000092,5,6200,NYJ@CAR,CAR,NYJ,,,,,,QB,,,,
62415-54244:Kenny Golladay,62415-54244,WR,Kenny,Kenny Golladay,Golladay,11.15999985,5,6200,DEN@NYG,NYG,DEN,Q,Hamstring,,,,WR/FLEX,,,,
62415-69017:Jordan Love,62415-69017,QB,Jordan,Jordan Love,Love,,,6200,GB@NO,GB,NO,Q,Shoulder,,,,QB,,,,
62415-26251:Robby Anderson,62415-26251,WR,Robby,Robby Anderson,Anderson,11.03750038,16,6200,NYJ@CAR,CAR,NYJ,,,,,,WR/FLEX,,,,
62415-61276:James Morgan,62415-61276,QB,James,James Morgan,Morgan,0,1,6200,NYJ@CAR,NYJ,CAR,,,,,,QB,,,,
62415-30635:Mike Davis,62415-30635,RB,Mike,Mike Davis,Davis,12.64285714,14,6200,PHI@ATL,ATL,PHI,,,,,,RB/FLEX,,1,,
62415-28744:Raheem Mostert,62415-28744,RB,Raheem,Raheem Mostert,Mostert,11.46249962,8,6100,SF@DET,SF,DET,,,,,,RB/FLEX,,1,1,
62415-53729:Mason Rudolph,62415-53729,QB,Mason,Mason Rudolph,Rudolph,4.840000153,4,6100,PIT@BUF,PIT,BUF,,,,,,QB,,,,
62415-33260:DeVante Parker,62415-33260,WR,DeVante,DeVante Parker,Parker,9.628571647,14,6100,MIA@NE,MIA,NE,,,,,,WR/FLEX,,,,
62415-8803:Chase Daniel,62415-8803,QB,Chase,Chase Daniel,Daniel,2.831999969,5,6100,LAC@WAS,LAC,WAS,,,,,,QB,,,,
62415-25410:Mike Glennon,62415-25410,QB,Mike,Mike Glennon,Glennon,9.36857169,7,6100,DEN@NYG,NYG,DEN,,,,,,QB,,,,
62415-52606:David Blough,62415-52606,QB,David,David Blough,Blough,1.379999995,2,6100,SF@DET,DET,SF,,,,,,QB,,,,
62415-52917:DJ Chark Jr.,62415-52917,WR,DJ,DJ Chark Jr.,Chark Jr.,9.77692296,13,6100,JAC@HOU,JAC,HOU,Q,Finger,,,,WR/FLEX,,,,
62415-38767:Chris Streveler,62415-38767,QB,Chris,Chris Streveler,Streveler,2.174999952,4,6100,ARI@TEN,ARI,TEN,,,,,,QB,,,,
62415-26483:Geno Smith,62415-26483,QB,Geno,Geno Smith,Smith,0.560000002,2,6100,SEA@IND,SEA,IND,Q,Concussion,,,,QB,,,,
62415-71710:Nate Stanley,62415-71710,QB,Nate,Nate Stanley,Stanley,,,6000,MIN@CIN,MIN,CIN,,,,,,QB,,,,
62415-86080:Kyle Pitts,62415-86080,TE,Kyle,Kyle Pitts,Pitts,,,6000,PHI@ATL,ATL,PHI,,,,,,TE/FLEX,1,1,1,
62415-71798:Anthony Gordon,62415-71798,QB,Anthony,Anthony Gordon,Gordon,0,1,6000,CLE@KC,KC,CLE,,,,,,QB,,,,
62415-39034:Kurt Benkert,62415-39034,QB,Kurt,Kurt Benkert,Benkert,0,1,6000,GB@NO,GB,NO,,,,,,QB,,,,
62415-63611:Kyle Shurmur,62415-63611,QB,Kyle,Kyle Shurmur,Shurmur,,,6000,MIN@CIN,CIN,MIN,,,,,,QB,,,,
62415-69769:Darius Bradwell,62415-69769,QB,Darius,Darius Bradwell,Bradwell,0,1,6000,LAC@WAS,LAC,WAS,,,,,,QB,,,,
62415-45229:Kareem Hunt,62415-45229,RB,Kareem,Kareem Hunt,Hunt,12.66666667,18,6000,CLE@KC,CLE,KC,,,,,,RB/FLEX,,1,,
62415-57537:DeShone Kizer,62415-57537,QB,DeShone,DeShone Kizer,Kizer,,,6000,ARI@TEN,TEN,ARI,,,,,,QB,,,,
62415-69833:Shane Buechele,62415-69833,QB,Shane,Shane Buechele,Buechele,,,6000,CLE@KC,KC,CLE,,,,,,QB,,,,
62415-45259:Logan Woodside,62415-45259,QB,Logan,Logan Woodside,Woodside,0.255999994,5,6000,ARI@TEN,TEN,ARI,,,,,,QB,,,,
62415-61751:Josh Thomas,62415-61751,QB,Josh,Josh Thomas,Thomas,,,6000,PIT@BUF,BUF,PIT,,,,,,QB,,,,
62415-61982:Tommy Stevens,62415-61982,QB,Tommy,Tommy Stevens,Stevens,2.400000095,1,6000,DEN@NYG,NYG,DEN,,,,,,QB,,,,
62415-94797:Kellen Mond,62415-94797,QB,Kellen,Kellen Mond,Mond,,,6000,MIN@CIN,MIN,CIN,,,,,,QB,,,,
62415-41562:Nick Mullens,62415-41562,QB,Nick,Nick Mullens,Mullens,11.66181807,11,6000,PHI@ATL,PHI,ATL,,,,,,QB,,,,
62415-64115:Steven Montez,62415-64115,QB,Steven,Steven Montez,Montez,0,1,6000,LAC@WAS,WAS,LAC,,,,,,QB,,,,
62415-29445:Sean Mannion,62415-29445,QB,Sean,Sean Mannion,Mannion,0.180000007,3,6000,SEA@IND,SEA,IND,,,,,,QB,,,,
62415-39795:Davis Webb,62415-39795,QB,Davis,Davis Webb,Webb,,,6000,PIT@BUF,BUF,PIT,,,,,,QB,,,,
62415-62364:Josh Rosen,62415-62364,QB,Josh,Josh Rosen,Rosen,4.595999908,5,6000,SF@DET,SF,DET,,,,,,QB,,,,
62415-52342:Will Grier,62415-52342,QB,Will,Will Grier,Grier,0,2,6000,NYJ@CAR,CAR,NYJ,,,,,,QB,,,,
62415-83079:Kyle Lauletta,62415-83079,QB,Kyle,Kyle Lauletta,Lauletta,,,6000,CLE@KC,CLE,KC,,,,,,QB,,,,
62415-27801:Nate Sudfeld,62415-27801,QB,Nate,Nate Sudfeld,Sudfeld,-0.25999999,2,6000,SF@DET,SF,DET,,,,,,QB,,,,
62415-29915:Brett Hundley,62415-29915,QB,Brett,Brett Hundley,Hundley,0,2,6000,SEA@IND,IND,SEA,,,,,,QB,,,,
62415-130269:Reid Sinnett,62415-130269,QB,Reid,Reid Sinnett,Sinnett,0,1,6000,MIA@NE,MIA,NE,,,,,,QB,,,,
62415-54507:Alex McGough,62415-54507,QB,Alex,Alex McGough,McGough,,,6000,SEA@IND,SEA,IND,,,,,,QB,,,,
62415-11500:Colt McCoy,62415-11500,QB,Colt,Colt McCoy,McCoy,3.840000153,5,6000,ARI@TEN,ARI,TEN,,,,,,QB,,,,
62415-130334:Jalen Morton,62415-130334,QB,Jalen,Jalen Morton,Morton,,,6000,SEA@IND,IND,SEA,,,,,,QB,,,,
62415-27986:C.J. Beathard,62415-27986,QB,C.J.,C.J. Beathard,Beathard,7.468571254,7,6000,JAC@HOU,JAC,HOU,,,,,,QB,,,,
62415-103824:Easton Stick,62415-103824,QB,Easton,Easton Stick,Stick,-0.039999999,1,6000,LAC@WAS,LAC,WAS,,,,,,QB,,,,
62415-73111:Chase Claypool,62415-73111,WR,Chase,Chase Claypool,Claypool,12.01764724,17,6000,PIT@BUF,PIT,BUF,,,,,,WR/FLEX,,,,1
62415-73118:Ian Book,62415-73118,QB,Ian,Ian Book,Book,,,6000,GB@NO,NO,GB,,,,,,QB,,,,
62415-60840:Jake Browning,62415-60840,QB,Jake,Jake Browning,Browning,,,6000,MIN@CIN,MIN,CIN,,,,,,QB,,,,
62415-40407:Josh Dobbs,62415-40407,QB,Josh,Josh Dobbs,Dobbs,1.039999962,2,6000,PIT@BUF,PIT,BUF,,,,,,QB,,,,
62415-73183:Dwayne Haskins Jr.,62415-73183,QB,Dwayne,Dwayne Haskins Jr.,Haskins Jr.,9.395000458,8,6000,PIT@BUF,PIT,BUF,,,,,,QB,,,,
62415-91639:Jake Fromm,62415-91639,QB,Jake,Jake Fromm,Fromm,,,6000,PIT@BUF,BUF,PIT,,,,,,QB,,,,
62415-60930:Myles Gaskin,62415-60930,RB,Myles,Myles Gaskin,Gaskin,14.36999969,10,6000,MIA@NE,MIA,NE,,,,,,RB/FLEX,,,,
62415-34308:Blake Bortles,62415-34308,QB,Blake,Blake Bortles,Bortles,0,1,6000,GB@NO,GB,NO,,,,,,QB,,,,
62415-60947:Jarrett Stidham,62415-60947,QB,Jarrett,Jarrett Stidham,Stidham,2.656666597,6,6000,MIA@NE,NE,MIA,NA,Back,,,,QB,,,,
62415-89628:Davis Mills,62415-89628,QB,Davis,Davis Mills,Mills,,,6000,JAC@HOU,HOU,JAC,,,,,,QB,,,,
62415-40482:Tim Boyle,62415-40482,QB,Tim,Tim Boyle,Boyle,-0.112499997,8,6000,SF@DET,DET,SF,,,,,,QB,,,,
62415-30253:Jeff Driskel,62415-30253,QB,Jeff,Jeff Driskel,Driskel,8.020000458,4,6000,JAC@HOU,HOU,JAC,,,,,,QB,,,,
62415-61042:Kendall Hinton,62415-61042,QB,Kendall,Kendall Hinton,Hinton,-0.389999986,2,6000,DEN@NYG,DEN,NYG,,,,,,QB,,,,
62415-7844:Chad Henne,62415-7844,QB,Chad,Chad Henne,Henne,6.639999866,4,6000,CLE@KC,KC,CLE,,,,,,QB,,,,
62415-69302:Feleipe Franks,62415-69302,QB,Feleipe,Feleipe Franks,Franks,,,6000,PHI@ATL,ATL,PHI,,,,,,QB,,,,
62415-7872:Brian Hoyer,62415-7872,QB,Brian,Brian Hoyer,Hoyer,1.5,2,6000,MIA@NE,NE,MIA,,,,,,QB,,,,
62415-52929:Jake Luton,62415-52929,QB,Jake,Jake Luton,Luton,6.851999664,5,6000,JAC@HOU,JAC,HOU,,,,,,QB,,,,
62415-61157:Brett Rypien,62415-61157,QB,Brett,Brett Rypien,Rypien,5.100000064,3,6000,DEN@NYG,DEN,NYG,,,,,,QB,,,,
62415-28434:Trevor Siemian,62415-28434,QB,Trevor,Trevor Siemian,Siemian,0.119999997,1,6000,GB@NO,NO,GB,,,,,,QB,,,,
62415-104281:Jake Dolegala,62415-104281,QB,Jake,Jake Dolegala,Dolegala,0,1,6000,MIA@NE,NE,MIA,,,,,,QB,,,,
62415-53095:Kyle Allen,62415-53095,QB,Kyle,Kyle Allen,Allen,11.5,4,6000,LAC@WAS,WAS,LAC,,,,,,QB,,,,
62415-55148:Clayton Thorson,62415-55148,QB,Clayton,Clayton Thorson,Thorson,0,1,6000,DEN@NYG,NYG,DEN,Q,Concussion,,,,QB,,,,
62415-89981:Tee Higgins,62415-89981,WR,Tee,Tee Higgins,Higgins,10.74000041,15,6000,MIN@CIN,CIN,MIN,,,,,,WR/FLEX,1,,,
62415-38837:Danny Etling,62415-38837,QB,Danny,Danny Etling,Etling,0,1,6000,MIN@CIN,MIN,CIN,,,,,,QB,,,,
62415-71672:K.J. Costello,62415-71672,QB,K.J.,K.J. Costello,Costello,,,6000,LAC@WAS,LAC,WAS,,,,,,QB,,,,
62415-24755:Jamison Crowder,62415-24755,WR,Jamison,Jamison Crowder,Crowder,11.87666702,12,5900,NYJ@CAR,NYJ,CAR,,,,,,WR/FLEX,,,,
62415-83074:Dallas Goedert,62415-83074,TE,Dallas,Dallas Goedert,Goedert,7.78333346,12,5900,PHI@ATL,PHI,ATL,,,,,,TE/FLEX,,,,
62415-83081:Chase Edmonds,62415-83081,RB,Chase,Chase Edmonds,Edmonds,8.84375,16,5900,ARI@TEN,ARI,TEN,,,,,,RB/FLEX,,,,
62415-130288:James Robinson,62415-130288,RB,James,James Robinson,Robinson,16.13571385,14,5900,JAC@HOU,JAC,HOU,,,,,,RB/FLEX,1,,,
62415-40669:Tyler Boyd,62415-40669,WR,Tyler,Tyler Boyd,Boyd,10.20933329,15,5900,MIN@CIN,CIN,MIN,,,,,,WR/FLEX,,,,
62415-57403:Courtland Sutton,62415-57403,WR,Courtland,Courtland Sutton,Sutton,4.050000191,2,5800,DEN@NYG,DEN,NYG,Q,Knee - acl + mcl,,,,WR/FLEX,,,,
62415-45439:Corey Davis,62415-45439,WR,Corey,Corey Davis,Davis,10.59333293,15,5800,NYJ@CAR,NYJ,CAR,,,,,,WR/FLEX,,,,
62415-64576:Damien Harris,62415-64576,RB,Damien,Damien Harris,Harris,8.880000305,10,5800,MIA@NE,NE,MIA,,,,,,RB/FLEX,1,,,
62415-22103:Marvin Jones Jr.,62415-22103,WR,Marvin,Marvin Jones Jr.,Jones Jr.,11.86250019,16,5800,JAC@HOU,JAC,HOU,,,,,,WR/FLEX,1,,,
62415-71706:T.J. Hockenson,62415-71706,TE,T.J.,T.J. Hockenson,Hockenson,8.862500191,16,5700,SF@DET,DET,SF,Q,Undisclosed,,,,TE/FLEX,1,,,
62415-39829:Mike Williams,62415-39829,WR,Mike,Mike Williams,Williams,9.264285496,14,5700,LAC@WAS,LAC,WAS,Q,Hip,,,,WR/FLEX,,,,
62415-62497:David Johnson,62415-62497,RB,David,David Johnson,Johnson,13.58333333,12,5700,JAC@HOU,HOU,JAC,,,,,,RB/FLEX,,,,
62415-42028:Will Fuller V,62415-42028,WR,Will,Will Fuller V,Fuller V,14.76363581,11,5700,MIA@NE,MIA,NE,IR,Foot,,,,WR/FLEX,,,,
62415-52916:Russell Gage,62415-52916,WR,Russell,Russell Gage,Gage,9.066249847,16,5700,PHI@ATL,ATL,PHI,,,,,,WR/FLEX,,,,
62415-28900:Melvin Gordon III,62415-28900,RB,Melvin,Melvin Gordon III,Gordon III,11.39999962,16,5600,DEN@NYG,DEN,NYG,Q,Groin,,,,RB/FLEX,,,,
62415-29683:Nelson Agholor,62415-29683,WR,Nelson,Nelson Agholor,Agholor,10.10000038,16,5600,MIA@NE,NE,MIA,,,,,,WR/FLEX,,,,
62415-93541:Javonte Williams,62415-93541,RB,Javonte,Javonte Williams,Williams,,,5600,DEN@NYG,DEN,NYG,,,,,,RB/FLEX,,,,
62415-56809:Allen Lazard,62415-56809,WR,Allen,Allen Lazard,Lazard,8.883333206,12,5600,GB@NO,GB,NO,,,,,,WR/FLEX,,,,
62415-34295:Breshad Perriman,62415-34295,WR,Breshad,Breshad Perriman,Perriman,7.008333206,12,5600,SF@DET,DET,SF,Q,Hip,,,,WR/FLEX,,,,
62415-22031:T.Y. Hilton,62415-22031,WR,T.Y.,T.Y. Hilton,Hilton,8.774999619,16,5600,SEA@IND,IND,SEA,,,,,,WR/FLEX,,,,
62415-26355:Logan Thomas,62415-26355,TE,Logan,Logan Thomas,Thomas,8.854117898,17,5600,LAC@WAS,WAS,LAC,,,,,,TE/FLEX,,1,,
62415-87859:Laviska Shenault Jr.,62415-87859,WR,Laviska,Laviska Shenault Jr.,Shenault Jr.,9.150000436,14,5600,JAC@HOU,JAC,HOU,,,,,,WR/FLEX,,,,
62415-90561:Jerry Jeudy,62415-90561,WR,Jerry,Jerry Jeudy,Jeudy,8.225000381,16,5500,DEN@NYG,DEN,NYG,,,,,,WR/FLEX,,,,
62415-27477:Sterling Shepard,62415-27477,WR,Sterling,Sterling Shepard,Shepard,9.961538462,13,5500,DEN@NYG,NYG,DEN,,,,,,WR/FLEX,,,,
62415-56265:Mike Gesicki,62415-56265,TE,Mike,Mike Gesicki,Gesicki,8.853333537,15,5500,MIA@NE,MIA,NE,,,,,,TE/FLEX,,,,
62415-52613:Curtis Samuel,62415-52613,WR,Curtis,Curtis Samuel,Samuel,10.85000038,16,5500,LAC@WAS,WAS,LAC,Q,Groin,,,,WR/FLEX,,,,
62415-85701:Ja'Marr Chase,62415-85701,WR,Ja'Marr,Ja'Marr Chase,Chase,,,5500,MIN@CIN,CIN,MIN,,,,,,WR/FLEX,,,,
62415-40687:James Conner,62415-40687,RB,James,James Conner,Conner,11.7357145,14,5500,ARI@TEN,ARI,TEN,Q,Toe,,,,RB/FLEX,,,,
62415-22288:Cole Beasley,62415-22288,WR,Cole,Cole Beasley,Beasley,10.44444444,18,5500,PIT@BUF,BUF,PIT,,,,,,WR/FLEX,,,,
62415-89956:Travis Etienne,62415-89956,RB,Travis,Travis Etienne,Etienne,,,5500,JAC@HOU,JAC,HOU,,,,,,RB/FLEX,,,,
62415-57342:Tre'Quan Smith,62415-57342,WR,Tre'Quan,Tre'Quan Smith,Smith,7.721428462,14,5500,GB@NO,NO,GB,Q,Undisclosed,,,,WR/FLEX,,,,
62415-71705:Noah Fant,62415-71705,TE,Noah,Noah Fant,Fant,7.88666687,15,5400,DEN@NYG,DEN,NYG,,,,,,TE/FLEX,,,,
62415-63625:Nyheim Hines,62415-63625,RB,Nyheim,Nyheim Hines,Hines,10.02941176,17,5400,SEA@IND,IND,SEA,,,,,,RB/FLEX,,,,
62415-63634:Jakobi Meyers,62415-63634,WR,Jakobi,Jakobi Meyers,Meyers,8.693845896,13,5400,MIA@NE,NE,MIA,,,,,,WR/FLEX,,,,
62415-70027:Zack Moss,62415-70027,RB,Zack,Zack Moss,Moss,7.235714504,14,5400,PIT@BUF,BUF,PIT,,,,,,RB/FLEX,,,,
62415-94625:Jalen Reagor,62415-94625,WR,Jalen,Jalen Reagor,Reagor,5.974999746,12,5400,PHI@ATL,PHI,ATL,,,,,,WR/FLEX,,1,,Stack
62415-80353:Robert Tonyan,62415-80353,TE,Robert,Robert Tonyan,Tonyan,9.929411944,17,5400,GB@NO,GB,NO,,,,,,TE/FLEX,,,,
62415-62535:Tyrell Williams,62415-62535,WR,Tyrell,Tyrell Williams,Williams,9.392307575,13,5400,SF@DET,DET,SF,,,,,,WR/FLEX,,,,
62415-27776:Tevin Coleman,62415-27776,RB,Tevin,Tevin Coleman,Coleman,1.528571401,7,5400,NYJ@CAR,NYJ,CAR,,,,,,RB/FLEX,,,,
62415-71352:Mecole Hardman,62415-71352,WR,Mecole,Mecole Hardman,Hardman,6.715789393,19,5400,CLE@KC,KC,CLE,,,,,,WR/FLEX,,1,,
62415-14187:A.J. Green,62415-14187,WR,A.J.,A.J. Green,Green,5.487500191,16,5400,ARI@TEN,ARI,TEN,Q,Undisclosed,,,,WR/FLEX,,,,
62415-14257:Randall Cobb,62415-14257,WR,Randall,Randall Cobb,Cobb,8.109999847,10,5400,GB@NO,GB,NO,,,,,,WR/FLEX,,,,
62415-90576:DeVonta Smith,62415-90576,WR,DeVonta,DeVonta Smith,Smith,,,5300,PHI@ATL,PHI,ATL,Q,Knee - mcl,,,,WR/FLEX,,1,,
62415-39580:Devontae Booker,62415-39580,RB,Devontae,Devontae Booker,Booker,5.146666463,15,5300,DEN@NYG,NYG,DEN,,,,,,RB/FLEX,,,,
62415-70603:Devin Singletary,62415-70603,RB,Devin,Devin Singletary,Singletary,7.331579108,19,5300,PIT@BUF,BUF,PIT,,,,,,RB/FLEX,,,,
62415-72725:Irv Smith Jr.,62415-72725,TE,Irv,Irv Smith Jr.,Smith Jr.,6.958333333,12,5300,MIN@CIN,MIN,CIN,,,,,,TE/FLEX,,,,
62415-11505:Emmanuel Sanders,62415-11505,WR,Emmanuel,Emmanuel Sanders,Sanders,8.962499619,16,5300,PIT@BUF,BUF,PIT,,,,,,WR/FLEX,,,,Stack
62415-93539:Michael Carter,62415-93539,RB,Michael,Michael Carter,Carter,,,5300,NYJ@CAR,NYJ,CAR,,,,,,RB/FLEX,,,,
62415-34331:Latavius Murray,62415-34331,RB,Latavius,Latavius Murray,Murray,8.356249809,16,5300,GB@NO,NO,GB,,,,,,RB/FLEX,,,,
62415-69213:Michael Pittman Jr.,62415-69213,WR,Michael,Michael Pittman Jr.,Pittman Jr.,6.1,15,5300,SEA@IND,IND,SEA,,,,,,WR/FLEX,,1,,
62415-91872:Joshua Kelley,62415-91872,RB,Joshua,Joshua Kelley,Kelley,5.361538227,13,5300,LAC@WAS,LAC,WAS,,,,,,RB/FLEX,,,,
62415-104176:Deonte Harris,62415-104176,WR,Deonte,Deonte Harris,Harris,4.518181888,11,5300,GB@NO,NO,GB,,,,,,WR/FLEX,,,,
62415-40845:Hunter Henry,62415-40845,TE,Hunter,Hunter Henry,Henry,8.235714504,14,5300,MIA@NE,NE,MIA,Q,Shoulder,,,,TE/FLEX,,,,
62415-30733:Cordarrelle Patterson,62415-30733,WR/RB,Cordarrelle,Cordarrelle Patterson,Patterson,3.476470498,17,5200,PHI@ATL,ATL,PHI,,,,,,RB/WR/FLEX,,,,
62415-53640:Sony Michel,62415-53640,RB,Sony,Sony Michel,Michel,7.977778117,9,5200,MIA@NE,NE,MIA,,,,,,RB/FLEX,,,,
62415-90573:Jaylen Waddle,62415-90573,WR,Jaylen,Jaylen Waddle,Waddle,,,5200,MIA@NE,MIA,NE,,,,,,WR/FLEX,,,,
62415-41426:Phillip Lindsay,62415-41426,RB,Phillip,Phillip Lindsay,Lindsay,5.681818182,11,5200,JAC@HOU,HOU,JAC,,,,,,RB/FLEX,,,,
62415-86646:Trey Sermon,62415-86646,RB,Trey,Trey Sermon,Sermon,,,5200,SF@DET,SF,DET,,,,,,RB/FLEX,,,,
62415-25272:Eric Ebron,62415-25272,TE,Eric,Eric Ebron,Ebron,8.09375,16,5200,PIT@BUF,PIT,BUF,,,,,,TE/FLEX,,,,
62415-41936:Anthony Miller,62415-41936,WR,Anthony,Anthony Miller,Miller,5.152941087,17,5200,JAC@HOU,HOU,JAC,Q,Shoulder,,,,WR/FLEX,,,,
62415-60858:Christian Kirk,62415-60858,WR,Christian,Christian Kirk,Kirk,8.742857252,14,5200,ARI@TEN,ARI,TEN,,,,,,WR/FLEX,,,,
62415-71246:Marquez Callaway,62415-71246,WR,Marquez,Marquez Callaway,Callaway,3.533333249,9,5200,GB@NO,NO,GB,,,,,,WR/FLEX,,1,,
62415-7761:Jared Cook,62415-7761,TE,Jared,Jared Cook,Cook,6.952940997,17,5200,LAC@WAS,LAC,WAS,,,,,,TE/FLEX,,,,
62415-40647:Marquez Valdes-Scantling,62415-40647,WR,Marquez,Marquez Valdes-Scantling,Valdes-Scantling,9.100000381,16,5200,GB@NO,GB,NO,,,,,,WR/FLEX,,,,
62415-86192:KJ Hamler,62415-86192,WR,KJ,KJ Hamler,Hamler,5.77692296,13,5100,DEN@NYG,DEN,NYG,,,,,,WR/FLEX,,,,
62415-57651:Travis Fulgham,62415-57651,WR,Travis,Travis Fulgham,Fulgham,8.075000127,12,5100,PHI@ATL,PHI,ATL,,,,,,WR/FLEX,,,,
62415-43334:J.D. McKissic,62415-43334,RB,J.D.,J.D. McKissic,McKissic,9.394117468,17,5100,LAC@WAS,WAS,LAC,,,,,,RB/FLEX,,,,
62415-86780:Salvon Ahmed,62415-86780,RB,Salvon,Salvon Ahmed,Ahmed,9.071428571,7,5100,MIA@NE,MIA,NE,,,,,,RB/FLEX,,,,
62415-41872:Evan Engram,62415-41872,TE,Evan,Evan Engram,Engram,6.84375,16,5100,DEN@NYG,NYG,DEN,,,,,,TE/FLEX,,,,
62415-40126:Austin Hooper,62415-40126,TE,Austin,Austin Hooper,Hooper,7.146666463,15,5100,CLE@KC,CLE,KC,,,,,,TE/FLEX,,,,
62415-64843:Jalen Guyton,62415-64843,WR,Jalen,Jalen Guyton,Guyton,5.193749905,16,5100,LAC@WAS,LAC,WAS,,,,,,WR/FLEX,,,,
62415-52897:Darrel Williams,62415-52897,RB,Darrel,Darrel Williams,Williams,4.5,16,5100,CLE@KC,KC,CLE,,,,,,RB/FLEX,,,,
62415-30403:Chris Conley,62415-30403,WR,Chris,Chris Conley,Conley,5.507142748,14,5100,JAC@HOU,HOU,JAC,,,,,,WR/FLEX,,,,
62415-12549:San Francisco 49ers,62415-12549,D,San Francisco,San Francisco 49ers,49ers,5.625,16,5000,SF@DET,SF,DET,,,,,,DEF,,,1,
62415-63819:Darius Slayton,62415-63819,WR,Darius,Darius Slayton,Slayton,7.25,16,5000,DEN@NYG,NYG,DEN,,,,,,WR/FLEX,,,,
62415-88575:Elijah Moore,62415-88575,WR,Elijah,Elijah Moore,Moore,,,5000,NYJ@CAR,NYJ,CAR,Q,Quadriceps,,,,WR/FLEX,,,,
62415-45791:Rashard Higgins,62415-45791,WR,Rashard,Rashard Higgins,Higgins,8.25,14,5000,CLE@KC,CLE,KC,,,,,,WR/FLEX,,,,
62415-64242:Keke Coutee,62415-64242,WR,Keke,Keke Coutee,Coutee,8.8125,8,5000,JAC@HOU,HOU,JAC,,,,,,WR/FLEX,,,,
62415-39818:Wayne Gallman Jr.,62415-39818,RB,Wayne,Wayne Gallman Jr.,Gallman Jr.,8.406666565,15,5000,SF@DET,SF,DET,,,,,,RB/FLEX,,,,
62415-93107:AJ Dillon,62415-93107,RB,AJ,AJ Dillon,Dillon,4.136363636,11,5000,GB@NO,GB,NO,,,,,,RB/FLEX,,,,
62415-56262:Parris Campbell,62415-56262,WR,Parris,Parris Campbell,Campbell,3.899999936,3,5000,SEA@IND,IND,SEA,,,,,,WR/FLEX,,,1,
62415-86997:Amon-Ra St. Brown,62415-86997,WR,Amon-Ra,Amon-Ra St. Brown,St. Brown,,,5000,SF@DET,DET,SF,,,,,,WR/FLEX,,,,
62415-64496:Olamide Zaccheaus,62415-64496,WR,Olamide,Olamide Zaccheaus,Zaccheaus,4.340000153,10,5000,PHI@ATL,ATL,PHI,,,,,,WR/FLEX,,,,
62415-64585:Dawson Knox,62415-64585,TE,Dawson,Dawson Knox,Knox,5.592857361,14,5000,PIT@BUF,BUF,PIT,,,,,,TE/FLEX,,,,
62415-29780:Zach Ertz,62415-29780,TE,Zach,Zach Ertz,Ertz,5.409090909,11,5000,PHI@ATL,PHI,ATL,,,,,,TE/FLEX,,,,
62415-87418:Josh Palmer,62415-87418,WR,Josh,Josh Palmer,Palmer,,,5000,LAC@WAS,LAC,WAS,,,,,,WR/FLEX,,,,
62415-32234:Malcolm Brown,62415-32234,RB,Malcolm,Malcolm Brown,Brown,5.716666751,18,5000,MIA@NE,MIA,NE,,,,,,RB/FLEX,,,,
62415-40434:Greg Ward,62415-40434,WR,Greg,Greg Ward,Ward,6.662499905,16,5000,PHI@ATL,PHI,ATL,,,,,,WR/FLEX,,,,
62415-62967:Preston Williams,62415-62967,WR,Preston,Preston Williams,Williams,8.225000381,8,5000,MIA@NE,MIA,NE,NA,Foot,,,,WR/FLEX,,,,
62415-69168:N'Keal Harry,62415-69168,WR,N'Keal,N'Keal Harry,Harry,4.415384733,13,5000,MIA@NE,NE,MIA,,,,,,WR/FLEX,,,,
62415-40857:Peyton Barber,62415-40857,RB,Peyton,Peyton Barber,Barber,3.785714286,14,5000,LAC@WAS,WAS,LAC,,,,,,RB/FLEX,,,,
62415-86052:Kadarius Toney,62415-86052,WR,Kadarius,Kadarius Toney,Toney,,,4900,DEN@NYG,NYG,DEN,Q,Undisclosed,,,,WR/FLEX,,,,
62415-53303:Matt Breida,62415-53303,RB,Matt,Matt Breida,Breida,3.75,10,4900,PIT@BUF,BUF,PIT,,,,,,RB/FLEX,,,,
62415-24671:Adam Humphries,62415-24671,WR,Adam,Adam Humphries,Humphries,6.614285605,7,4900,LAC@WAS,WAS,LAC,,,,,,WR/FLEX,,,,
62415-53390:Zach Pascal,62415-53390,WR,Zach,Zach Pascal,Pascal,7.417646969,17,4900,SEA@IND,IND,SEA,,,,,,WR/FLEX,,,,
62415-63806:Kerryon Johnson,62415-63806,RB,Kerryon,Kerryon Johnson,Johnson,4.449999946,14,4900,PHI@ATL,PHI,ATL,Q,Knee,,,,RB/FLEX,,,,
62415-94534:Gabriel Davis,62415-94534,WR,Gabriel,Gabriel Davis,Davis,6.836841784,19,4900,PIT@BUF,BUF,PIT,,,,,,WR/FLEX,,,,
62415-14704:Chris Hogan,62415-14704,WR,Chris,Chris Hogan,Hogan,3.133333206,6,4900,GB@NO,NO,GB,,,,,,WR/FLEX,,,,
62415-80289:Kendrick Bourne,62415-80289,WR,Kendrick,Kendrick Bourne,Bourne,7.01333313,15,4900,MIA@NE,NE,MIA,,,,,,WR/FLEX,,,,
62415-55748:James Washington,62415-55748,WR,James,James Washington,Washington,5.523529502,17,4900,PIT@BUF,PIT,BUF,Q,Leg,,,,WR/FLEX,,,,
62415-64031:Hayden Hurst,62415-64031,TE,Hayden,Hayden Hurst,Hurst,7.568749905,16,4900,PHI@ATL,ATL,PHI,,,,,,TE/FLEX,,,,
62415-45631:Jamaal Williams,62415-45631,RB,Jamaal,Jamaal Williams,Williams,7.787499905,16,4900,SF@DET,DET,SF,,,,,,RB/FLEX,,,,
62415-70383:Darrynton Evans,62415-70383,RB,Darrynton,Darrynton Evans,Evans,2.533333302,6,4900,ARI@TEN,TEN,ARI,Q,Knee,,,,RB/FLEX,,,,
62415-72453:Denzel Mims,62415-72453,WR,Denzel,Denzel Mims,Mims,4.920000076,10,4900,NYJ@CAR,NYJ,CAR,,,,,,WR/FLEX,,,,
62415-48116:Jonnu Smith,62415-48116,TE,Jonnu,Jonnu Smith,Smith,8.106666565,15,4900,MIA@NE,NE,MIA,Q,Ankle,,,,TE/FLEX,,,,
62415-93408:Rondale Moore,62415-93408,WR,Rondale,Rondale Moore,Moore,,,4900,ARI@TEN,ARI,TEN,,,,,,WR/FLEX,,,,
62415-52451:Samaje Perine,62415-52451,RB,Samaje,Samaje Perine,Perine,5.01666673,12,4900,MIN@CIN,CIN,MIN,,,,,,RB/FLEX,,,,
62415-91419:Nico Collins,62415-91419,WR,Nico,Nico Collins,Collins,,,4900,JAC@HOU,HOU,JAC,,,,,,WR/FLEX,,,,
62415-38264:Demarcus Robinson,62415-38264,WR,Demarcus,Demarcus Robinson,Robinson,5.211764616,17,4900,CLE@KC,KC,CLE,,,,,,WR/FLEX,,,,
62415-85672:Terrace Marshall Jr.,62415-85672,WR,Terrace,Terrace Marshall Jr.,Marshall Jr.,,,4900,NYJ@CAR,CAR,NYJ,,,,,,WR/FLEX,,,,
62415-57091:Tim Patrick,62415-57091,WR,Tim,Tim Patrick,Patrick,9.046666463,15,4900,DEN@NYG,DEN,NYG,,,,,,WR/FLEX,,,,
62415-53097:Josh Reynolds,62415-53097,WR,Josh,Josh Reynolds,Reynolds,6.252941356,17,4900,ARI@TEN,TEN,ARI,,,,,,WR/FLEX,,,,
62415-79998:Keelan Cole Sr.,62415-79998,WR,Keelan,Keelan Cole Sr.,Cole Sr.,7.993750095,16,4800,NYJ@CAR,NYJ,CAR,,,,,,WR/FLEX,,,,
62415-28930:James White,62415-28930,RB,James,James White,White,6.57857132,14,4800,MIA@NE,NE,MIA,,,,,,RB/FLEX,,,,
62415-12550:Seattle Seahawks,62415-12550,D,Seattle,Seattle Seahawks,Seahawks,6.352941176,17,4800,SEA@IND,SEA,IND,,,,,,DEF,,,,
62415-24920:Devonta Freeman,62415-24920,RB,Devonta,Devonta Freeman,Freeman,6.5,5,4800,GB@NO,NO,GB,,,,,,RB/FLEX,,,,
62415-31207:C.J. Uzomah,62415-31207,TE,C.J.,C.J. Uzomah,Uzomah,6.233333588,3,4800,MIN@CIN,CIN,MIN,,,,,,TE/FLEX,,,,
62415-57840:Rashaad Penny,62415-57840,RB,Rashaad,Rashaad Penny,Penny,0.850000024,4,4800,SEA@IND,SEA,IND,Q,Thigh,,,,RB/FLEX,,,,
62415-72182:D'Wayne Eskridge,62415-72182,WR,D'Wayne,D'Wayne Eskridge,Eskridge,,,4800,SEA@IND,SEA,IND,NA,Toe,,,,WR/FLEX,,,,
62415-57909:Marlon Mack,62415-57909,RB,Marlon,Marlon Mack,Mack,3.549999952,2,4800,SEA@IND,IND,SEA,,,,,,RB/FLEX,,,,
62415-43912:Chad Beebe,62415-43912,WR,Chad,Chad Beebe,Beebe,3.645454407,11,4800,MIN@CIN,MIN,CIN,,,,,,WR/FLEX,,,,
62415-39859:Jack Doyle,62415-39859,TE,Jack,Jack Doyle,Doyle,5.07857132,14,4800,SEA@IND,IND,SEA,,,,,,TE/FLEX,,,,
62415-72776:Alexander Mattison,62415-72776,RB,Alexander,Alexander Mattison,Mattison,6.184615502,13,4800,MIN@CIN,MIN,CIN,,,,,,RB/FLEX,,,,
62415-87122:Lynn Bowden Jr.,62415-87122,WR,Lynn,Lynn Bowden Jr.,Bowden Jr.,3.958000183,10,4800,MIA@NE,MIA,NE,,,,,,WR/FLEX,,,,
62415-70889:Benny Snell Jr.,62415-70889,RB,Benny,Benny Snell Jr.,Snell Jr.,4.506249905,16,4800,PIT@BUF,PIT,BUF,Q,Undisclosed,,,,RB/FLEX,,,,
62415-56580:Christian Blake,62415-56580,WR,Christian,Christian Blake,Blake,2.575000048,8,4800,PHI@ATL,ATL,PHI,,,,,,WR/FLEX,,,,
62415-60705:Tyron Johnson,62415-60705,WR,Tyron,Tyron Johnson,Johnson,6.318181818,11,4800,LAC@WAS,LAC,WAS,Q,Foot,,,,WR/FLEX,,,,
62415-28473:Carlos Hyde,62415-28473,RB,Carlos,Carlos Hyde,Hyde,7.036363775,11,4800,JAC@HOU,JAC,HOU,,,,,,RB/FLEX,,,,
62415-55165:Justin Jackson,62415-55165,RB,Justin,Justin Jackson,Jackson,6.974999905,8,4800,LAC@WAS,LAC,WAS,Q,Groin,,,,RB/FLEX,,,,
62415-57299:Gerald Everett,62415-57299,TE,Gerald,Gerald Everett,Everett,4.258823619,17,4800,SEA@IND,SEA,IND,,,,,,TE/FLEX,,,,
62415-57338:Jordan Akins,62415-57338,TE,Jordan,Jordan Akins,Akins,5.015384381,13,4800,JAC@HOU,HOU,JAC,Q,Leg,,,,TE/FLEX,,,,
62415-57432:Cameron Batson,62415-57432,WR,Cameron,Cameron Batson,Batson,2.510000038,10,4700,ARI@TEN,TEN,ARI,,,,,,WR/FLEX,,,,
62415-79987:David Moore,62415-79987,WR,David,David Moore,Moore,6.017647238,17,4700,NYJ@CAR,CAR,NYJ,,,,,,WR/FLEX,,,,
62415-69836:Collin Johnson,62415-69836,WR,Collin,Collin Johnson,Johnson,4.563636433,11,4700,JAC@HOU,JAC,HOU,,,,,,WR/FLEX,,,,
62415-71957:Quintez Cephus,62415-71957,WR,Quintez,Quintez Cephus,Cephus,4.741666794,12,4700,SF@DET,DET,SF,Q,Head,,,,WR/FLEX,,,,
62415-80294:Anthony Firkser,62415-80294,TE,Anthony,Anthony Firkser,Firkser,4.349999905,16,4700,ARI@TEN,TEN,ARI,,,,,,TE/FLEX,,,,
62415-27229:Ameer Abdullah,62415-27229,RB,Ameer,Ameer Abdullah,Abdullah,2.6,10,4700,MIN@CIN,MIN,CIN,,,,,,RB/FLEX,,,,
62415-55970:Royce Freeman,62415-55970,RB,Royce,Royce Freeman,Freeman,2.827272762,11,4700,DEN@NYG,DEN,NYG,,,,,,RB/FLEX,,,,
62415-27338:Rex Burkhead,62415-27338,RB,Rex,Rex Burkhead,Burkhead,9.509999847,10,4700,JAC@HOU,HOU,JAC,,,,,,RB/FLEX,,,,
62415-54010:Brian Hill,62415-54010,RB,Brian,Brian Hill,Hill,5.181250095,16,4700,ARI@TEN,TEN,ARI,,,,,,RB/FLEX,,,,
62415-90912:Kenneth Gainwell,62415-90912,RB,Kenneth,Kenneth Gainwell,Gainwell,,,4700,PHI@ATL,PHI,ATL,,,,,,RB/FLEX,,,,
62415-64339:Auden Tate,62415-64339,WR,Auden,Auden Tate,Tate,2.444444444,9,4700,MIN@CIN,CIN,MIN,,,,,,WR/FLEX,,,,
62415-70601:Harrison Bryant,62415-70601,TE,Harrison,Harrison Bryant,Bryant,3.557142803,14,4700,CLE@KC,CLE,KC,,,,,,TE/FLEX,,,,
62415-91426:Donovan Peoples-Jones,62415-91426,WR,Donovan,Donovan Peoples-Jones,Peoples-Jones,3.964285714,14,4700,CLE@KC,CLE,KC,,,,,,WR/FLEX,,,,
62415-64841:Equanimeous St. Brown,62415-64841,WR,Equanimeous,Equanimeous St. Brown,St. Brown,2.660000038,10,4700,GB@NO,GB,NO,,,,,,WR/FLEX,,,,
62415-54608:Jerick McKinnon,62415-54608,RB,Jerick,Jerick McKinnon,McKinnon,7.835714068,14,4700,CLE@KC,KC,CLE,,,,,,RB/FLEX,,,,
62415-93538:Dyami Brown,62415-93538,WR,Dyami,Dyami Brown,Brown,,,4700,LAC@WAS,WAS,LAC,,,,,,WR/FLEX,,,,
62415-34154:J.J. Nelson,62415-34154,WR,J.J.,J.J. Nelson,Nelson,0,1,4700,SEA@IND,IND,SEA,IR,Groin,,,,WR/FLEX,,,,
62415-71031:Lil'Jordan Humphrey,62415-71031,WR,Lil'Jordan,Lil'Jordan Humphrey,Humphrey,4.666666667,3,4700,GB@NO,NO,GB,,,,,,WR/FLEX,,,,
62415-87467:Chuba Hubbard,62415-87467,RB,Chuba,Chuba Hubbard,Hubbard,,,4700,NYJ@CAR,CAR,NYJ,,,,,,RB/FLEX,,,,
62415-26038:Tyler Kroft,62415-26038,TE,Tyler,Tyler Kroft,Kroft,5.983333588,6,4700,NYJ@CAR,NYJ,CAR,,,,,,TE/FLEX,,,,
62415-60910:Dede Westbrook,62415-60910,WR,Dede,Dede Westbrook,Westbrook,-0.366666675,3,4700,MIN@CIN,MIN,CIN,Q,Knee - acl,,,,WR/FLEX,,,,
62415-22018:Mohamed Sanu,62415-22018,WR,Mohamed,Mohamed Sanu,Sanu,4.4375,8,4700,SF@DET,SF,DET,,,,,,WR/FLEX,,,,
62415-63050:Ty Johnson,62415-63050,RB,Ty,Ty Johnson,Johnson,5.027272658,11,4700,NYJ@CAR,NYJ,CAR,,,,,,RB/FLEX,,,,
62415-69295:Byron Pringle,62415-69295,WR,Byron,Byron Pringle,Pringle,4.60000017,9,4700,CLE@KC,KC,CLE,,,,,,WR/FLEX,,1,,
62415-69303:Freddie Swain,62415-69303,WR,Freddie,Freddie Swain,Swain,2.692857197,14,4700,SEA@IND,SEA,IND,,,,,,WR/FLEX,,,,
62415-71367:La'Mical Perine,62415-71367,RB,La'Mical,La'Mical Perine,Perine,4.7,10,4700,NYJ@CAR,NYJ,CAR,,,,,,RB/FLEX,,,,
62415-71444:Travis Homer,62415-71444,RB,Travis,Travis Homer,Homer,3.14444436,9,4700,SEA@IND,SEA,IND,NA,Calf,,,,RB/FLEX,,,,
62415-40758:Corey Clement,62415-40758,RB,Corey,Corey Clement,Clement,2.055555556,9,4700,DEN@NYG,NYG,DEN,,,,,,RB/FLEX,,,,
62415-14211:Mark Ingram II,62415-14211,RB,Mark,Mark Ingram II,Ingram II,4.990000153,10,4700,JAC@HOU,HOU,JAC,,,,,,RB/FLEX,,,,
62415-24533:Mo Alie-Cox,62415-24533,TE,Mo,Mo Alie-Cox,Alie-Cox,4.381249905,16,4700,SEA@IND,IND,SEA,Q,Knee,,,,TE/FLEX,,,,
62415-55323:Jaylen Samuels,62415-55323,RB,Jaylen,Jaylen Samuels,Samuels,1.32222218,9,4600,PIT@BUF,PIT,BUF,,,,,,RB/FLEX,,,,
62415-55335:David Njoku,62415-55335,TE,David,David Njoku,Njoku,3.99230781,13,4600,CLE@KC,CLE,KC,Q,Shoulder,,,,TE/FLEX,,,,
62415-71723:Dez Fitzpatrick,62415-71723,WR,Dez,Dez Fitzpatrick,Fitzpatrick,,,4600,ARI@TEN,TEN,ARI,,,,,,WR/FLEX,,,,
62415-88109:Gary Brightwell,62415-88109,RB,Gary,Gary Brightwell,Brightwell,,,4600,DEN@NYG,NYG,DEN,,,,,,RB/FLEX,,,,
62415-94262:Antonio Gandy-Golden,62415-94262,WR,Antonio,Antonio Gandy-Golden,Gandy-Golden,0.75,4,4600,LAC@WAS,WAS,LAC,,,,,,WR/FLEX,,,,
62415-55366:Qadree Ollison,62415-55366,RB,Qadree,Qadree Ollison,Ollison,0.300000012,1,4600,PHI@ATL,ATL,PHI,,,,,,RB/FLEX,,,,
62415-86113:Ihmir Smith-Marsette,62415-86113,WR,Ihmir,Ihmir Smith-Marsette,Smith-Marsette,,,4600,MIN@CIN,MIN,CIN,,,,,,WR/FLEX,,,,
62415-104577:Gunner Olszewski,62415-104577,WR,Gunner,Gunner Olszewski,Olszewski,1.916666667,12,4600,MIA@NE,NE,MIA,,,,,,WR/FLEX,,,,
62415-57543:D'Ernest Johnson,62415-57543,RB,D'Ernest,D'Ernest Johnson,Johnson,1.21875,16,4600,CLE@KC,CLE,KC,,,,,,RB/FLEX,,,,
62415-69860:Trayveon Williams,62415-69860,RB,Trayveon,Trayveon Williams,Williams,2.742857252,7,4600,MIN@CIN,CIN,MIN,Q,Hamstring,,,,RB/FLEX,,,,
62415-53498:Richie James,62415-53498,WR,Richie,Richie James,James,5.290000153,10,4600,SF@DET,SF,DET,,,,,,WR/FLEX,,,,
62415-12553:Carolina Panthers,62415-12553,D,Carolina,Carolina Panthers,Panthers,6.25,16,4600,NYJ@CAR,CAR,NYJ,,,,,,DEF,,,,
62415-86295:Michael Warren,62415-86295,RB,Michael,Michael Warren,Warren,0,2,4600,SF@DET,DET,SF,IR,Undisclosed,,,,RB/FLEX,,,,
62415-70023:Cornell Powell,62415-70023,WR,Cornell,Cornell Powell,Powell,,,4600,CLE@KC,KC,CLE,,,,,,WR/FLEX,,,,
62415-53639:Isaiah McKenzie,62415-53639,WR,Isaiah,Isaiah McKenzie,McKenzie,5.551764544,17,4600,PIT@BUF,BUF,PIT,,,,,,WR/FLEX,,,,
62415-55694:Mike Thomas,62415-55694,WR,Mike,Mike Thomas,Thomas,2.379999924,10,4600,MIN@CIN,CIN,MIN,,,,,,WR/FLEX,,,,
62415-43433:Boston Scott,62415-43433,RB,Boston,Boston Scott,Scott,5.193749905,16,4600,PHI@ATL,PHI,ATL,,,,,,RB/FLEX,,,,
62415-41475:John Ross III,62415-41475,WR,John,John Ross III,Ross III,0.900000016,3,4600,DEN@NYG,NYG,DEN,Q,Hamstring,,,,WR/FLEX,,,,
62415-62055:Ray-Ray McCloud III,62415-62055,WR,Ray-Ray,Ray-Ray McCloud III,McCloud III,1.305882398,17,4600,PIT@BUF,PIT,BUF,,,,,,WR/FLEX,,,,
62415-58041:Mike Boone,62415-58041,RB,Mike,Mike Boone,Boone,2.316666603,6,4600,DEN@NYG,DEN,NYG,Q,Quadriceps,,,,RB/FLEX,,,,
62415-94936:Larry Rountree III,62415-94936,RB,Larry,Larry Rountree III,Rountree III,,,4600,LAC@WAS,LAC,WAS,,,,,,RB/FLEX,,,,
62415-93023:Jermar Jefferson,62415-93023,RB,Jermar,Jermar Jefferson,Jefferson,,,4600,SF@DET,DET,SF,,,,,,RB/FLEX,,,,
62415-41867:Jordan Wilkins,62415-41867,RB,Jordan,Jordan Wilkins,Wilkins,4.60833327,12,4600,SEA@IND,IND,SEA,,,,,,RB/FLEX,,,,
62415-111540:Rhamondre Stevenson,62415-111540,RB,Rhamondre,Rhamondre Stevenson,Stevenson,,,4600,MIA@NE,NE,MIA,,,,,,RB/FLEX,,,,
62415-70663:Frank Darby,62415-70663,WR,Frank,Frank Darby,Darby,,,4600,PHI@ATL,ATL,PHI,,,,,,WR/FLEX,,,,
62415-29734:Ty Montgomery,62415-29734,RB,Ty,Ty Montgomery,Montgomery,3.5,5,4600,GB@NO,NO,GB,,,,,,RB/FLEX,,,,
62415-62508:James O'Shaughnessy,62415-62508,TE,James,James O'Shaughnessy,O'Shaughnessy,2.680000051,15,4600,JAC@HOU,JAC,HOU,,,,,,TE/FLEX,,,,
62415-42046:Durham Smythe,62415-42046,TE,Durham,Durham Smythe,Smythe,3.523076864,13,4600,MIA@NE,MIA,NE,,,,,,TE/FLEX,,,,
62415-68694:Antonio Williams,62415-68694,RB,Antonio,Antonio Williams,Williams,20.79999924,1,4600,PIT@BUF,BUF,PIT,Q,Neck,,,,RB/FLEX,,,,
62415-91225:Kylin Hill,62415-91225,RB,Kylin,Kylin Hill,Hill,,,4600,GB@NO,GB,NO,,,,,,RB/FLEX,,,,
62415-83091:Trenton Cannon,62415-83091,RB,Trenton,Trenton Cannon,Cannon,0.64000001,10,4600,NYJ@CAR,CAR,NYJ,,,,,,RB/FLEX,,,,
62415-25813:Phillip Dorsett II,62415-25813,WR,Phillip,Phillip Dorsett II,Dorsett II,0,1,4600,JAC@HOU,JAC,HOU,,,,,,WR/FLEX,,,,
62415-130270:Adam Trautman,62415-130270,TE,Adam,Adam Trautman,Trautman,2.863636364,11,4600,GB@NO,NO,GB,,,,,,TE/FLEX,,,,
62415-64744:Josh Adams,62415-64744,RB,Josh,Josh Adams,Adams,4.799999782,7,4600,NYJ@CAR,NYJ,CAR,,,,,,RB/FLEX,,,,
62415-52495:Braxton Berrios,62415-52495,WR,Braxton,Braxton Berrios,Berrios,5.253333537,15,4600,NYJ@CAR,NYJ,CAR,Q,Groin,,,,WR/FLEX,,,,
62415-68901:Gerrid Doaks,62415-68901,RB,Gerrid,Gerrid Doaks,Doaks,,,4600,MIA@NE,MIA,NE,,,,,,RB/FLEX,,,,
62415-52591:Rodney Smith,62415-52591,RB,Rodney,Rodney Smith,Smith,3.555555556,9,4600,NYJ@CAR,CAR,NYJ,Q,Undisclosed,,,,RB/FLEX,,,,
62415-73130:Chris Evans,62415-73130,RB,Chris,Chris Evans,Evans,,,4600,MIN@CIN,CIN,MIN,,,,,,RB/FLEX,,,,
62415-22037:Lamar Miller,62415-22037,RB,Lamar,Lamar Miller,Miller,0.533333341,3,4600,LAC@WAS,WAS,LAC,,,,,,RB/FLEX,,,,
62415-91677:Shi Smith,62415-91677,WR,Shi,Shi Smith,Smith,,,4600,NYJ@CAR,CAR,NYJ,,,,,,WR/FLEX,,,,
62415-54817:Diontae Spencer,62415-54817,WR,Diontae,Diontae Spencer,Spencer,1.090909091,11,4600,DEN@NYG,DEN,NYG,,,,,,WR/FLEX,,,,
62415-87662:Anthony Schwartz,62415-87662,WR,Anthony,Anthony Schwartz,Schwartz,,,4600,CLE@KC,CLE,KC,Q,Hamstring,,,,WR/FLEX,,,,
62415-61060:Devine Ozigbo,62415-61060,RB,Devine,Devine Ozigbo,Ozigbo,1.466666698,6,4600,JAC@HOU,JAC,HOU,,,,,,RB/FLEX,,,,
62415-85762:Eno Benjamin,62415-85762,RB,Eno,Eno Benjamin,Benjamin,0,2,4600,ARI@TEN,ARI,TEN,,,,,,RB/FLEX,,,,
62415-69383:Dezmon Patmon,62415-69383,WR,Dezmon,Dezmon Patmon,Patmon,0,1,4600,SEA@IND,IND,SEA,,,,,,WR/FLEX,,,,
62415-57208:KeeSean Johnson,62415-57208,WR,KeeSean,KeeSean Johnson,Johnson,2.479999924,10,4600,ARI@TEN,ARI,TEN,,,,,,WR/FLEX,,,,
62415-94087:DeeJay Dallas,62415-94087,RB,DeeJay,DeeJay Dallas,Dallas,5.377777947,9,4600,SEA@IND,SEA,IND,,,,,,RB/FLEX,,,,
62415-73687:Quez Watkins,62415-73687,WR,Quez,Quez Watkins,Watkins,4.020000076,5,4600,PHI@ATL,PHI,ATL,,,,,,WR/FLEX,,,,
62415-63447:Penny Hart,62415-63447,WR,Penny,Penny Hart,Hart,1.350000024,2,4600,SEA@IND,SEA,IND,Q,Ankle,,,,WR/FLEX,,,,
62415-92168:Damion Willis,62415-92168,WR,Damion,Damion Willis,Willis,0,1,4500,DEN@NYG,NYG,DEN,,,,,,WR/FLEX,,,,
62415-69646:Dedrick Mills,62415-69646,RB,Dedrick,Dedrick Mills,Mills,,,4500,SF@DET,DET,SF,,,,,,RB/FLEX,,,,
62415-69655:Stephen Sullivan,62415-69655,WR,Stephen,Stephen Sullivan,Sullivan,0,1,4500,NYJ@CAR,CAR,NYJ,,,,,,WR/FLEX,,,,
62415-63550:Isaiah Zuber,62415-63550,WR,Isaiah,Isaiah Zuber,Zuber,1.5,4,4500,MIA@NE,NE,MIA,,,,,,WR/FLEX,,,,
62415-86078:Trevon Grimes,62415-86078,WR,Trevon,Trevon Grimes,Grimes,,,4500,PHI@ATL,PHI,ATL,Q,Undisclosed,,,,WR/FLEX,,,,
62415-63554:Dalton Schoen,62415-63554,WR,Dalton,Dalton Schoen,Schoen,0,1,4500,CLE@KC,KC,CLE,,,,,,WR/FLEX,,,,
62415-71756:Aaron Fuller,62415-71756,WR,Aaron,Aaron Fuller,Fuller,0,1,4500,SEA@IND,SEA,IND,,,,,,WR/FLEX,,,,
62415-63576:Kirk Merritt,62415-63576,WR,Kirk,Kirk Merritt,Merritt,0,1,4500,MIA@NE,MIA,NE,,,,,,WR/FLEX,,,,
62415-79972:Chad Williams,62415-79972,WR,Chad,Chad Williams,Williams,0,1,4500,CLE@KC,KC,CLE,,,,,,WR/FLEX,,,,
62415-79979:Jamal Agnew,62415-79979,WR,Jamal,Jamal Agnew,Agnew,1.621428626,14,4500,JAC@HOU,JAC,HOU,,,,,,WR/FLEX,,,,
62415-79982:Alex Armah,62415-79982,RB,Alex,Alex Armah,Armah,0.399999985,13,4500,GB@NO,NO,GB,,,,,,RB/FLEX,,,,
62415-61555:David Sills,62415-61555,WR,David,David Sills,Sills,0,1,4500,DEN@NYG,NYG,DEN,,,,,,WR/FLEX,,,,
62415-63603:Jared Pinkney,62415-63603,WR,Jared,Jared Pinkney,Pinkney,0,1,4500,ARI@TEN,TEN,ARI,,,,,,WR/FLEX,,,,
62415-30837:Jordan Matthews,62415-30837,WR,Jordan,Jordan Matthews,Matthews,2.650000095,2,4500,SF@DET,SF,DET,,,,,,WR/FLEX,,,,
62415-55414:Cody Thompson,62415-55414,WR,Cody,Cody Thompson,Thompson,0,1,4500,SEA@IND,SEA,IND,,,,,,WR/FLEX,,,,
62415-88186:JoJo Ward,62415-88186,WR,JoJo,JoJo Ward,Ward,0,2,4500,ARI@TEN,ARI,TEN,,,,,,WR/FLEX,,,,
62415-84101:Vyncint Smith,62415-84101,WR,Vyncint,Vyncint Smith,Smith,0.449999988,4,4500,NYJ@CAR,NYJ,CAR,,,,,,WR/FLEX,,,,
62415-71821:Joe Reed,62415-71821,WR,Joe,Joe Reed,Reed,0.988888847,9,4500,LAC@WAS,LAC,WAS,,,,,,WR/FLEX,,,,
62415-47249:Darvin Kidsy,62415-47249,WR,Darvin,Darvin Kidsy,Kidsy,0,1,4500,SEA@IND,SEA,IND,,,,,,WR/FLEX,,,,
62415-61593:Jauan Jennings,62415-61593,WR,Jauan,Jauan Jennings,Jennings,0,1,4500,SF@DET,SF,DET,,,,,,WR/FLEX,,,,
62415-28827:Dare Ogunbowale,62415-28827,RB,Dare,Dare Ogunbowale,Ogunbowale,2.489999962,10,4500,JAC@HOU,JAC,HOU,,,,,,RB/FLEX,,,,
62415-86173:Mekhi Sargent,62415-86173,RB,Mekhi,Mekhi Sargent,Sargent,,,4500,ARI@TEN,TEN,ARI,,,,,,RB/FLEX,,,,
62415-63646:Lawrence Cager,62415-63646,WR,Lawrence,Lawrence Cager,Cager,1.5,3,4500,NYJ@CAR,NYJ,CAR,Q,Leg,,,,WR/FLEX,,,,
62415-61610:Jacques Patrick,62415-61610,RB,Jacques,Jacques Patrick,Patrick,0,1,4500,MIN@CIN,CIN,MIN,,,,,,RB/FLEX,,,,
62415-65724:JaMycal Hasty,62415-65724,RB,JaMycal,JaMycal Hasty,Hasty,4.600000064,6,4500,SF@DET,SF,DET,,,,,,RB/FLEX,,,,
62415-61631:Olabisi Johnson,62415-61631,WR,Olabisi,Olabisi Johnson,Johnson,3.487499952,8,4500,MIN@CIN,MIN,CIN,IR,Knee - acl,,,,WR/FLEX,,,,
62415-41155:Taquan Mizzell,62415-41155,WR,Taquan,Taquan Mizzell,Mizzell,,,4500,DEN@NYG,NYG,DEN,Q,Undisclosed,,,,WR/FLEX,,,,
62415-149710:Mike Strachan,62415-149710,WR,Mike,Mike Strachan,Strachan,,,4500,SEA@IND,IND,SEA,,,,,,WR/FLEX,,,,
62415-88277:Anthony McFarland Jr.,62415-88277,RB,Anthony,Anthony McFarland Jr.,McFarland Jr.,1.79090916,11,4500,PIT@BUF,PIT,BUF,,,,,,RB/FLEX,,,,
62415-28890:Derek Watt,62415-28890,RB,Derek,Derek Watt,Watt,0.066666668,3,4500,PIT@BUF,PIT,BUF,,,,,,RB/FLEX,,,,
62415-55514:Buddy Howell,62415-55514,RB,Buddy,Buddy Howell,Howell,2.399999936,3,4500,JAC@HOU,HOU,JAC,,,,,,RB/FLEX,,,,
62415-57565:Austin Walter,62415-57565,RB,Austin,Austin Walter,Walter,0.875,4,4500,NYJ@CAR,NYJ,CAR,,,,,,RB/FLEX,,,,
62415-28907:Alex Erickson,62415-28907,WR,Alex,Alex Erickson,Erickson,1.185714313,14,4500,JAC@HOU,HOU,JAC,,,,,,WR/FLEX,,,,
62415-71917:Rico Bussey,62415-71917,WR,Rico,Rico Bussey,Bussey,,,4500,PIT@BUF,PIT,BUF,,,,,,WR/FLEX,,,,
62415-94453:Darwin Thompson,62415-94453,RB,Darwin,Darwin Thompson,Thompson,5.940000153,5,4500,CLE@KC,KC,CLE,,,,,,RB/FLEX,,,,
62415-12533:Green Bay Packers,62415-12533,D,Green Bay,Green Bay Packers,Packers,6,18,4500,GB@NO,GB,NO,,,,,,DEF,,,,
62415-92413:Eli Mitchell,62415-92413,RB,Eli,Eli Mitchell,Mitchell,,,4500,SF@DET,SF,DET,Q,Hip,,,,RB/FLEX,,,,
62415-69884:Darius Anderson,62415-69884,RB,Darius,Darius Anderson,Anderson,0,1,4500,SEA@IND,IND,SEA,,,,,,RB/FLEX,,,,
62415-55552:Jeff Wilson Jr.,62415-55552,RB,Jeff,Jeff Wilson Jr.,Wilson Jr.,11.31666692,12,4500,SF@DET,SF,DET,NA,Knee - meniscus,,,,RB/FLEX,,,,
62415-41221:Andre Patton,62415-41221,WR,Andre,Andre Patton,Patton,0,2,4500,PHI@ATL,PHI,ATL,,,,,,WR/FLEX,,,,
62415-71955:Mason Stokke,62415-71955,RB,Mason,Mason Stokke,Stokke,,,4500,NYJ@CAR,CAR,NYJ,,,,,,RB/FLEX,,,,
62415-33047:Chris Moore,62415-33047,WR,Chris,Chris Moore,Moore,0,1,4500,JAC@HOU,HOU,JAC,,,,,,WR/FLEX,,,,
62415-71974:Malcolm Perry,62415-71974,WR,Malcolm,Malcolm Perry,Perry,2.244444529,9,4500,MIA@NE,MIA,NE,,,,,,WR/FLEX,,,,
62415-90408:Dax Milne,62415-90408,WR,Dax,Dax Milne,Milne,,,4500,LAC@WAS,WAS,LAC,,,,,,WR/FLEX,,,,
62415-45371:Darius Phillips,62415-45371,WR,Darius,Darius Phillips,Phillips,0,3,4500,MIN@CIN,CIN,MIN,,,,,,WR/FLEX,,,,
62415-24929:Kelvin Benjamin,62415-24929,WR,Kelvin,Kelvin Benjamin,Benjamin,,,4500,DEN@NYG,NYG,DEN,,,,,,WR/FLEX,,,,
62415-41319:Jeff Badet,62415-41319,WR,Jeff,Jeff Badet,Badet,0,2,4500,PHI@ATL,ATL,PHI,IR,Lower leg,,,,WR/FLEX,,,,
62415-63855:K.J. Osborn,62415-63855,WR,K.J.,K.J. Osborn,Osborn,0,8,4500,MIN@CIN,MIN,CIN,,,,,,WR/FLEX,,,,
62415-22898:Brandon Bolden,62415-22898,RB,Brandon,Brandon Bolden,Bolden,0,1,4500,MIA@NE,NE,MIA,,,,,,RB/FLEX,,,,
62415-70019:Tavien Feaster,62415-70019,RB,Tavien,Tavien Feaster,Feaster,0,1,4500,ARI@TEN,ARI,TEN,,,,,,RB/FLEX,,,,
62415-47501:Marken Michel,62415-47501,WR,Marken,Marken Michel,Michel,0,2,4500,PHI@ATL,PHI,ATL,,,,,,WR/FLEX,,,,
62415-53646:Austin Proehl,62415-53646,WR,Austin,Austin Proehl,Proehl,,,4500,LAC@WAS,LAC,WAS,,,,,,WR/FLEX,,,,
62415-43416:Trent Taylor,62415-43416,WR,Trent,Trent Taylor,Taylor,1.236363671,11,4500,MIN@CIN,CIN,MIN,,,,,,WR/FLEX,,,,
62415-80281:C.J. Board,62415-80281,WR,C.J.,C.J. Board,Board,1.589999962,10,4500,DEN@NYG,NYG,DEN,,,,,,WR/FLEX,,,,
62415-41371:Khalfani Muhammad,62415-41371,RB,Khalfani,Khalfani Muhammad,Muhammad,0,1,4500,ARI@TEN,ARI,TEN,,,,,,RB/FLEX,,,,
62415-47523:Tajae Sharpe,62415-47523,WR,Tajae,Tajae Sharpe,Sharpe,0,3,4500,PHI@ATL,ATL,PHI,,,,,,WR/FLEX,,,,
62415-63919:Bailey Gaither,62415-63919,WR,Bailey,Bailey Gaither,Gaither,,,4500,GB@NO,GB,NO,,,,,,WR/FLEX,,,,
62415-147899:Darius Clark,62415-147899,RB,Darius,Darius Clark,Clark,,,4500,NYJ@CAR,CAR,NYJ,,,,,,RB/FLEX,,,,
62415-72133:Antoine Wesley,62415-72133,WR,Antoine,Antoine Wesley,Wesley,0,1,4500,ARI@TEN,ARI,TEN,Q,Shoulder,,,,WR/FLEX,,,,
62415-86472:John Hightower,62415-86472,WR,John,John Hightower,Hightower,2.379999924,10,4500,PHI@ATL,PHI,ATL,Q,Groin,,,,WR/FLEX,,,,
62415-96714:Travis Toivonen,62415-96714,WR,Travis,Travis Toivonen,Toivonen,,,4500,SEA@IND,SEA,IND,,,,,,WR/FLEX,,,,
62415-88525:Kawaan Baker,62415-88525,WR,Kawaan,Kawaan Baker,Baker,,,4500,GB@NO,NO,GB,,,,,,WR/FLEX,,,,
62415-31184:Jonathan Williams,62415-31184,RB,Jonathan,Jonathan Williams,Williams,0.866666635,3,4500,LAC@WAS,WAS,LAC,,,,,,RB/FLEX,,,,
62415-41430:Devin Ross,62415-41430,WR,Devin,Devin Ross,Ross,0,1,4500,MIA@NE,NE,MIA,,,,,,WR/FLEX,,,,
62415-14820:Nick Bellore,62415-14820,RB,Nick,Nick Bellore,Bellore,0.633333325,3,4500,SEA@IND,SEA,IND,,,,,,RB/FLEX,,,,
62415-39428:Kyle Juszczyk,62415-39428,RB,Kyle,Kyle Juszczyk,Juszczyk,4.506249905,16,4500,SF@DET,SF,DET,,,,,,RB/FLEX,,,,
62415-88590:Scottie Phillips,62415-88590,RB,Scottie,Scottie Phillips,Phillips,2.099999905,1,4500,JAC@HOU,HOU,JAC,,,,,,RB/FLEX,,,,
62415-96798:Josh Johnson,62415-96798,RB,Josh,Josh Johnson,Johnson,,,4500,SEA@IND,SEA,IND,,,,,,RB/FLEX,,,,
62415-72235:Damon Hazelton,62415-72235,WR,Damon,Damon Hazelton,Hazelton,,,4500,JAC@HOU,HOU,JAC,,,,,,WR/FLEX,,,,
62415-70206:Jason Huntley,62415-70206,RB,Jason,Jason Huntley,Huntley,0.480000019,5,4500,PHI@ATL,PHI,ATL,Q,Ribs,,,,RB/FLEX,,,,
62415-45637:Michael Davis,62415-45637,WR,Michael,Michael Davis,Davis,0,2,4500,LAC@WAS,LAC,WAS,,,,,,WR/FLEX,,,,
62415-150090:Cade Johnson,62415-150090,WR,Cade,Cade Johnson,Johnson,,,4500,SEA@IND,SEA,IND,,,,,,WR/FLEX,,,,
62415-88685:Austin Trammell,62415-88685,WR,Austin,Austin Trammell,Trammell,,,4500,PHI@ATL,ATL,PHI,,,,,,WR/FLEX,,,,
62415-88699:Jaret Patterson,62415-88699,RB,Jaret,Jaret Patterson,Patterson,,,4500,LAC@WAS,WAS,LAC,,,,,,RB/FLEX,,,,
62415-33403:Tevin Jones,62415-33403,WR,Tevin,Tevin Jones,Jones,0,1,4500,JAC@HOU,JAC,HOU,,,,,,WR/FLEX,,,,
62415-94850:Jhamon Ausbon,62415-94850,WR,Jhamon,Jhamon Ausbon,Ausbon,,,4500,PHI@ATL,PHI,ATL,,,,,,WR/FLEX,,,,
62415-55940:Chad Hansen,62415-55940,WR,Chad,Chad Hansen,Hansen,7.619999695,5,4500,SF@DET,DET,SF,,,,,,WR/FLEX,,,,
62415-55941:Patrick Laird,62415-55941,RB,Patrick,Patrick Laird,Laird,1.888888889,9,4500,MIA@NE,MIA,NE,,,,,,RB/FLEX,,,,
62415-27273:Andy Janovich,62415-27273,RB,Andy,Andy Janovich,Janovich,0.270000005,10,4500,CLE@KC,CLE,KC,,,,,,RB/FLEX,,,,
62415-70282:Demetric Felton,62415-70282,RB,Demetric,Demetric Felton,Felton,,,4500,CLE@KC,CLE,KC,,,,,,RB/FLEX,,,,
62415-90777:Tre Walker,62415-90777,WR,Tre,Tre Walker,Walker,,,4500,PIT@BUF,BUF,PIT,,,,,,WR/FLEX,,,,
62415-53913:Cody Hollister,62415-53913,WR,Cody,Cody Hollister,Hollister,1.700000048,1,4500,ARI@TEN,TEN,ARI,IR,Ankle,,,,WR/FLEX,,,,
62415-55964:Tony Brooks-James,62415-55964,RB,Tony,Tony Brooks-James,Brooks-James,0.400000006,1,4500,PIT@BUF,PIT,BUF,,,,,,RB/FLEX,,,,
62415-80546:Dan Arnold,62415-80546,TE,Dan,Dan Arnold,Arnold,5.420000203,15,4500,NYJ@CAR,CAR,NYJ,,,,,,TE/FLEX,,,,
62415-47780:Taywan Taylor,62415-47780,WR,Taywan,Taywan Taylor,Taylor,0,2,4500,JAC@HOU,HOU,JAC,,,,,,WR/FLEX,,,,
62415-64175:Hakeem Butler,62415-64175,WR,Hakeem,Hakeem Butler,Butler,0,2,4500,PHI@ATL,PHI,ATL,,,,,,WR/FLEX,,,,
62415-25267:Mack Hollins,62415-25267,WR,Mack,Mack Hollins,Hollins,2.690909126,11,4500,MIA@NE,MIA,NE,,,,,,WR/FLEX,,,,
62415-72370:J.J. Taylor,62415-72370,RB,J.J.,J.J. Taylor,Taylor,1.699999946,7,4500,MIA@NE,NE,MIA,,,,,,RB/FLEX,,,,
62415-72382:Gabe Nabers,62415-72382,RB,Gabe,Gabe Nabers,Nabers,2.212500095,8,4500,LAC@WAS,LAC,WAS,,,,,,RB/FLEX,,,,
62415-64205:Jalen McCleskey,62415-64205,WR,Jalen,Jalen McCleskey,McCleskey,0,1,4500,GB@NO,NO,GB,IR,Hamstring,,,,WR/FLEX,,,,
62415-88793:Stevie Scott III,62415-88793,RB,Stevie,Stevie Scott III,Scott III,,,4500,GB@NO,NO,GB,,,,,,RB/FLEX,,,,
62415-92890:Cody White,62415-92890,WR,Cody,Cody White,White,0,1,4500,PIT@BUF,PIT,BUF,,,,,,WR/FLEX,,,,
62415-64222:Jordan Glasgow,62415-64222,RB,Jordan,Jordan Glasgow,Glasgow,0,2,4500,SEA@IND,IND,SEA,,,,,,RB/FLEX,,,,
62415-70372:Chester Rogers,62415-70372,WR,Chester,Chester Rogers,Rogers,3.770000076,10,4500,ARI@TEN,TEN,ARI,,,,,,WR/FLEX,,,,
62415-56041:Khari Blasingame,62415-56041,RB,Khari,Khari Blasingame,Blasingame,1.180000019,5,4500,ARI@TEN,TEN,ARI,,,,,,RB/FLEX,,,,
62415-56059:Trent Sherfield,62415-56059,WR,Trent,Trent Sherfield,Sherfield,1.875,4,4500,SF@DET,SF,DET,,,,,,WR/FLEX,,,,
62415-64252:Tony Brown,62415-64252,WR,Tony,Tony Brown,Brown,0,1,4500,LAC@WAS,WAS,LAC,,,,,,WR/FLEX,,,,
62415-88830:Whop Philyor,62415-88830,WR,Whop,Whop Philyor,Philyor,,,4500,MIN@CIN,MIN,CIN,,,,,,WR/FLEX,,,,
62415-92932:Javian Hawkins,62415-92932,RB,Javian,Javian Hawkins,Hawkins,,,4500,PHI@ATL,ATL,PHI,,,,,,RB/FLEX,,,,
62415-41741:DaeSean Hamilton,62415-41741,WR,DaeSean,DaeSean Hamilton,Hamilton,4.23333327,12,4500,DEN@NYG,DEN,NYG,IR,Knee - acl,,,,WR/FLEX,,,,
62415-94993:Pooka Williams Jr.,62415-94993,RB,Pooka,Pooka Williams Jr.,Williams Jr.,,,4500,MIN@CIN,CIN,MIN,,,,,,RB/FLEX,,,,
62415-70422:Kalif Raymond,62415-70422,WR,Kalif,Kalif Raymond,Raymond,1.761538432,13,4500,SF@DET,DET,SF,Q,Undisclosed,,,,WR/FLEX,,,,
62415-56099:Cullen Gillaspia,62415-56099,RB,Cullen,Cullen Gillaspia,Gillaspia,0.550000012,2,4500,DEN@NYG,NYG,DEN,,,,,,RB/FLEX,,,,
62415-82731:Brandon Zylstra,62415-82731,WR,Brandon,Brandon Zylstra,Zylstra,0.849999984,6,4500,NYJ@CAR,CAR,NYJ,,,,,,WR/FLEX,,,,
62415-43826:Tommylee Lewis,62415-43826,WR,Tommylee,Tommylee Lewis,Lewis,0.480000019,5,4500,GB@NO,NO,GB,,,,,,WR/FLEX,,,,
62415-95031:Isaiah McKoy,62415-95031,WR,Isaiah,Isaiah McKoy,McKoy,,,4500,PIT@BUF,PIT,BUF,,,,,,WR/FLEX,,,,
62415-31561:Donte Moncrief,62415-31561,WR,Donte,Donte Moncrief,Moncrief,0.400000016,6,4500,JAC@HOU,HOU,JAC,Q,Undisclosed,,,,WR/FLEX,,,,
62415-41806:Laquon Treadwell,62415-41806,WR,Laquon,Laquon Treadwell,Treadwell,3.979999924,5,4500,JAC@HOU,JAC,HOU,,,,,,WR/FLEX,,,,
62415-56142:Juwann Winfree,62415-56142,WR,Juwann,Juwann Winfree,Winfree,,,4500,GB@NO,GB,NO,,,,,,WR/FLEX,,,,
62415-64350:Jeff Smith,62415-64350,WR,Jeff,Jeff Smith,Smith,3.150000095,8,4500,NYJ@CAR,NYJ,CAR,,,,,,WR/FLEX,,,,
62415-70501:C.J. Ham,62415-70501,RB,C.J.,C.J. Ham,Ham,1.954545455,11,4500,MIN@CIN,MIN,CIN,,,,,,RB/FLEX,,,,
62415-64357:Michael Walker,62415-64357,WR,Michael,Michael Walker,Walker,0,2,4500,PHI@ATL,PHI,ATL,IR,Undisclosed,,,,WR/FLEX,,,,
62415-72552:Branden Mack,62415-72552,WR,Branden,Branden Mack,Mack,,,4500,DEN@NYG,DEN,NYG,,,,,,WR/FLEX,,,,
62415-31602:Fred Brown,62415-31602,WR,Fred,Fred Brown,Brown,0,1,4500,ARI@TEN,TEN,ARI,,,,,,WR/FLEX,,,,
62415-93055:Isaiah Hodgins,62415-93055,WR,Isaiah,Isaiah Hodgins,Hodgins,,,4500,PIT@BUF,BUF,PIT,Q,Knee,,,,WR/FLEX,,,,
62415-64389:Nick Westbrook-Ikhine,62415-64389,WR,Nick,Nick Westbrook-Ikhine,Westbrook-Ikhine,1.055555556,9,4500,ARI@TEN,TEN,ARI,,,,,,WR/FLEX,,,,
62415-45964:Marcus Kemp,62415-45964,WR,Marcus,Marcus Kemp,Kemp,0.800000012,2,4500,CLE@KC,KC,CLE,,,,,,WR/FLEX,,,,
62415-64405:Dan Chisena,62415-64405,WR,Dan,Dan Chisena,Chisena,,,4500,MIN@CIN,MIN,CIN,,,,,,WR/FLEX,,,,
62415-54186:A.J. Richardson,62415-54186,WR,A.J.,A.J. Richardson,Richardson,0,2,4500,ARI@TEN,ARI,TEN,,,,,,WR/FLEX,,,,
62415-45997:Keith Kirkwood,62415-45997,WR,Keith,Keith Kirkwood,Kirkwood,0.899999976,2,4500,NYJ@CAR,CAR,NYJ,Q,Concussion,,,,WR/FLEX,,,,
62415-72627:Patrick Taylor,62415-72627,RB,Patrick,Patrick Taylor,Taylor,,,4500,GB@NO,GB,NO,,,,,,RB/FLEX,,,,
62415-103352:Christian Wade,62415-103352,RB,Christian,Christian Wade,Wade,,,4500,PIT@BUF,BUF,PIT,Q,Shoulder,,,,RB/FLEX,,,,
62415-43973:Keith Smith,62415-43973,RB,Keith,Keith Smith,Smith,1.008333365,12,4500,PHI@ATL,ATL,PHI,,,,,,RB/FLEX,,,,
62415-93134:Deon Jackson,62415-93134,RB,Deon,Deon Jackson,Jackson,,,4500,SEA@IND,IND,SEA,,,,,,RB/FLEX,,,,
62415-72669:Isaiah Wright,62415-72669,WR,Isaiah,Isaiah Wright,Wright,2.73333327,12,4500,LAC@WAS,WAS,LAC,,,,,,WR/FLEX,,,,
62415-41954:Victor Bolden,62415-41954,WR,Victor,Victor Bolden,Bolden,0,1,4500,SF@DET,DET,SF,,,,,,WR/FLEX,,,,
62415-70645:Eli Stove,62415-70645,WR,Eli,Eli Stove,Stove,,,4500,LAC@WAS,LAC,WAS,Q,Knee - acl,,,,WR/FLEX,,,,
62415-72693:Adrian Killins,62415-72693,RB,Adrian,Adrian Killins,Killins,-0.25,2,4500,PHI@ATL,PHI,ATL,,,,,,RB/FLEX,,,,
62415-70662:Tyler Vaughns,62415-70662,WR,Tyler,Tyler Vaughns,Vaughns,,,4500,SEA@IND,IND,SEA,,,,,,WR/FLEX,,,,
62415-54280:Duke Williams,62415-54280,WR,Duke,Duke Williams,Williams,7.150000095,4,4500,PIT@BUF,BUF,PIT,Q,Hamstring,,,,WR/FLEX,,,,
62415-41997:River Cracraft,62415-41997,WR,River,River Cracraft,Cracraft,1.419999981,5,4500,SF@DET,SF,DET,,,,,,WR/FLEX,,,,
62415-72718:Benny LeMay,62415-72718,RB,Benny,Benny LeMay,LeMay,0,1,4500,SEA@IND,IND,SEA,,,,,,RB/FLEX,,,,
62415-27671:Jake Kumerow,62415-27671,WR,Jake,Jake Kumerow,Kumerow,8.699999809,1,4500,PIT@BUF,BUF,PIT,,,,,,WR/FLEX,,,,
62415-70680:Jalen Camp,62415-70680,WR,Jalen,Jalen Camp,Camp,,,4500,JAC@HOU,JAC,HOU,,,,,,WR/FLEX,,,,
62415-56356:Isaiah Ford,62415-56356,WR,Isaiah,Isaiah Ford,Ford,4.159999847,10,4500,MIA@NE,MIA,NE,,,,,,WR/FLEX,,,,
62415-154661:Michael Bandy,62415-154661,WR,Michael,Michael Bandy,Bandy,,,4500,LAC@WAS,LAC,WAS,,,,,,WR/FLEX,,,,
62415-148546:Darece Roberson Jr.,62415-148546,WR,Darece,Darece Roberson Jr.,Roberson Jr.,,,4500,SEA@IND,SEA,IND,,,,,,WR/FLEX,,,,
62415-89157:Caleb Huntley,62415-89157,RB,Caleb,Caleb Huntley,Huntley,,,4500,PHI@ATL,ATL,PHI,,,,,,RB/FLEX,,,,
62415-44103:Elijah McGuire,62415-44103,RB,Elijah,Elijah McGuire,McGuire,0,1,4500,CLE@KC,KC,CLE,Q,Ankle,,,,RB/FLEX,,,,
62415-27721:Justin Hardee Sr.,62415-27721,WR,Justin,Justin Hardee Sr.,Hardee Sr.,0,1,4500,NYJ@CAR,NYJ,CAR,,,,,,WR/FLEX,,,,
62415-68685:Austin Mack,62415-68685,WR,Austin,Austin Mack,Mack,2.520000076,5,4500,DEN@NYG,NYG,DEN,Q,Hamstring,,,,WR/FLEX,,,,
62415-72780:Josh Hokit,62415-72780,RB,Josh,Josh Hokit,Hokit,0,1,4500,SF@DET,SF,DET,,,,,,RB/FLEX,,,,
62415-68686:C.J. Saunders,62415-68686,WR,C.J.,C.J. Saunders,Saunders,,,4500,NYJ@CAR,CAR,NYJ,,,,,,WR/FLEX,,,,
62415-70749:Ryan Becker,62415-70749,WR,Ryan,Ryan Becker,Becker,0,2,4500,PHI@ATL,ATL,PHI,,,,,,WR/FLEX,,,,
62415-64627:Scotty Washington,62415-64627,WR,Scotty,Scotty Washington,Washington,0,1,4500,MIN@CIN,CIN,MIN,,,,,,WR/FLEX,,,,
62415-52345:Brandon Powell,62415-52345,WR,Brandon,Brandon Powell,Powell,1.573333359,15,4500,PIT@BUF,BUF,PIT,,,,,,WR/FLEX,,,,
62415-64634:Alex Bachman,62415-64634,WR,Alex,Alex Bachman,Bachman,0,1,4500,DEN@NYG,NYG,DEN,,,,,,WR/FLEX,,,,
62415-42107:Robert Foster,62415-42107,WR,Robert,Robert Foster,Foster,1.566666603,3,4500,MIA@NE,MIA,NE,,,,,,WR/FLEX,,,,
62415-83086:Daurice Fountain,62415-83086,WR,Daurice,Daurice Fountain,Fountain,1.099999984,3,4500,CLE@KC,KC,CLE,,,,,,WR/FLEX,,,,
62415-52371:Kalen Ballage,62415-52371,RB,Kalen,Kalen Ballage,Ballage,6.616666794,12,4500,PIT@BUF,PIT,BUF,Q,Lower body,,,,RB/FLEX,,,,
62415-42142:Jordan Howard,62415-42142,RB,Jordan,Jordan Howard,Howard,3.775000095,8,4500,PHI@ATL,PHI,ATL,,,,,,RB/FLEX,,,,
62415-25760:Allen Hurns,62415-25760,WR,Allen,Allen Hurns,Hurns,0,1,4500,MIA@NE,MIA,NE,,,,,,WR/FLEX,,,,
62415-62628:DeAndre Carter,62415-62628,WR,DeAndre,DeAndre Carter,Carter,0.233333329,12,4500,LAC@WAS,WAS,LAC,,,,,,WR/FLEX,,,,
62415-52397:Devante Downs,62415-52397,RB,Devante,Devante Downs,Downs,0,1,4500,DEN@NYG,NYG,DEN,,,,,,RB/FLEX,,,,
62415-52405:Jalen Hurd,62415-52405,WR,Jalen,Jalen Hurd,Hurd,0,1,4500,SF@DET,SF,DET,,,,,,WR/FLEX,,,,
62415-52409:Jakob Johnson,62415-52409,RB,Jakob,Jakob Johnson,Johnson,1.6875,8,4500,MIA@NE,NE,MIA,,,,,,RB/FLEX,,,,
62415-52410:Josh Malone,62415-52410,WR,Josh,Josh Malone,Malone,1.200000048,4,4500,NYJ@CAR,NYJ,CAR,,,,,,WR/FLEX,,,,
62415-89287:Tamorrion Terry,62415-89287,WR,Tamorrion,Tamorrion Terry,Terry,,,4500,SEA@IND,SEA,IND,,,,,,WR/FLEX,,,,
62415-54472:Cam Sims,62415-54472,WR,Cam,Cam Sims,Sims,6.007142748,14,4500,LAC@WAS,WAS,LAC,,,,,,WR/FLEX,,,,
62415-64718:Kai Locksley,62415-64718,WR,Kai,Kai Locksley,Locksley,,,4500,MIA@NE,MIA,NE,,,,,,WR/FLEX,,,,
62415-40148:Ishmael Hyman,62415-40148,WR,Ishmael,Ishmael Hyman,Hyman,0,2,4500,NYJ@CAR,CAR,NYJ,,,,,,WR/FLEX,,,,
62415-70868:Damarea Crockett,62415-70868,RB,Damarea,Damarea Crockett,Crockett,,,4500,DEN@NYG,DEN,NYG,,,,,,RB/FLEX,,,,
62415-48344:Albert Wilson,62415-48344,WR,Albert,Albert Wilson,Wilson,0,1,4500,MIA@NE,MIA,NE,Q,Undisclosed,,,,WR/FLEX,,,,
62415-130265:John Hurst,62415-130265,WR,John,John Hurst,Hurst,,,4500,LAC@WAS,LAC,WAS,,,,,,WR/FLEX,,,,
62415-130275:Kristian Wilkerson,62415-130275,WR,Kristian,Kristian Wilkerson,Wilkerson,0,1,4500,MIA@NE,NE,MIA,,,,,,WR/FLEX,,,,
62415-130274:Isaiah Coulter,62415-130274,WR,Isaiah,Isaiah Coulter,Coulter,,,4500,JAC@HOU,HOU,JAC,,,,,,WR/FLEX,,,,
62415-130276:Mason Kinsey,62415-130276,WR,Mason,Mason Kinsey,Kinsey,0,1,4500,ARI@TEN,TEN,ARI,,,,,,WR/FLEX,,,,
62415-130279:Matt Cole,62415-130279,WR,Matt,Matt Cole,Cole,0,1,4500,DEN@NYG,NYG,DEN,,,,,,WR/FLEX,,,,
62415-70892:A.J. Rose Jr.,62415-70892,RB,A.J.,A.J. Rose Jr.,Rose Jr.,,,4500,MIN@CIN,MIN,CIN,,,,,,RB/FLEX,,,,
62415-11504:Andre Roberts,62415-11504,WR,Andre,Andre Roberts,Roberts,0.061111112,18,4500,JAC@HOU,HOU,JAC,,,,,,WR/FLEX,,,,
62415-44280:JoJo Natson,62415-44280,WR,JoJo,JoJo Natson,Natson,0.075000003,4,4500,CLE@KC,CLE,KC,,,,,,WR/FLEX,,,,
62415-72955:Antonio Nunn,62415-72955,WR,Antonio,Antonio Nunn,Nunn,,,4500,PHI@ATL,ATL,PHI,,,,,,WR/FLEX,,,,
62415-29949:Marvin Hall,62415-29949,WR,Marvin,Marvin Hall,Hall,4.663636294,11,4500,MIA@NE,NE,MIA,,,,,,WR/FLEX,,,,
62415-89342:Jonathan Adams Jr.,62415-89342,WR,Jonathan,Jonathan Adams Jr.,Adams Jr.,,,4500,SF@DET,DET,SF,,,,,,WR/FLEX,,,,
62415-72961:Anthony Johnson,62415-72961,WR,Anthony,Anthony Johnson,Johnson,0,1,4500,PIT@BUF,PIT,BUF,,,,,,WR/FLEX,,,,
62415-130315:Chris Rowland,62415-130315,WR,Chris,Chris Rowland,Rowland,0,2,4500,PHI@ATL,ATL,PHI,,,,,,WR/FLEX,,,,
62415-130317:Juwan Green,62415-130317,WR,Juwan,Juwan Green,Green,0,1,4500,PHI@ATL,ATL,PHI,,,,,,WR/FLEX,,,,
62415-130318:Mikey Daniel,62415-130318,RB,Mikey,Mikey Daniel,Daniel,0,1,4500,NYJ@CAR,CAR,NYJ,,,,,,RB/FLEX,,,,
62415-130326:Manasseh Bailey,62415-130326,WR,Manasseh,Manasseh Bailey,Bailey,0,1,4500,NYJ@CAR,NYJ,CAR,,,,,,WR/FLEX,,,,
62415-130335:Reggie Begelton,62415-130335,WR,Reggie,Reggie Begelton,Begelton,,,4500,GB@NO,GB,NO,,,,,,WR/FLEX,,,,
62415-60704:Derrick Dillon,62415-60704,WR,Derrick,Derrick Dillon,Dillon,0,1,4500,DEN@NYG,NYG,DEN,Q,Undisclosed,,,,WR/FLEX,,,,
62415-130336:Sandro Platzgummer,62415-130336,RB,Sandro,Sandro Platzgummer,Platzgummer,0,1,4500,DEN@NYG,NYG,DEN,,,,,,RB/FLEX,,,,
62415-130338:Rysen John,62415-130338,WR,Rysen,Rysen John,John,0,1,4500,DEN@NYG,NYG,DEN,,,,,,WR/FLEX,,,,
62415-91428:Tarik Black,62415-91428,WR,Tarik,Tarik Black,Black,,,4500,SEA@IND,IND,SEA,,,,,,WR/FLEX,,,,
62415-46374:Tanner Gentry,62415-46374,WR,Tanner,Tanner Gentry,Gentry,,,4500,PIT@BUF,BUF,PIT,,,,,,WR/FLEX,,,,
62415-130343:Jeff Cotton,62415-130343,WR,Jeff,Jeff Cotton,Cotton,0,1,4500,JAC@HOU,JAC,HOU,,,,,,WR/FLEX,,,,
62415-64808:Juwan Johnson,62415-64808,WR,Juwan,Juwan Johnson,Johnson,1.180000019,5,4500,GB@NO,NO,GB,,,,,,WR/FLEX,,,,
62415-89384:DeMichael Harris,62415-89384,WR,DeMichael,DeMichael Harris,Harris,2.916666667,6,4500,SEA@IND,IND,SEA,,,,,,WR/FLEX,,,,
62415-85306:KhaDarel Hodge,62415-85306,WR,KhaDarel,KhaDarel Hodge,Hodge,2.9375,8,4500,CLE@KC,CLE,KC,,,,,,WR/FLEX,,,,
62415-64828:Chris Finke,62415-64828,WR,Chris,Chris Finke,Finke,0,1,4500,CLE@KC,KC,CLE,Q,Undisclosed,,,,WR/FLEX,,,,
62415-64835:Dexter Williams,62415-64835,RB,Dexter,Dexter Williams,Williams,0.400000006,2,4500,GB@NO,GB,NO,,,,,,RB/FLEX,,,,
62415-56648:Jeremy McNichols,62415-56648,RB,Jeremy,Jeremy McNichols,McNichols,2.393749952,16,4500,ARI@TEN,TEN,ARI,,,,,,RB/FLEX,,,,
62415-52553:De'Mornay Pierson-El,62415-52553,WR,De'Mornay,De'Mornay Pierson-El,Pierson-El,,,4500,DEN@NYG,DEN,NYG,,,,,,WR/FLEX,,,,
62415-52560:Geronimo Allison,62415-52560,WR,Geronimo,Geronimo Allison,Allison,0,1,4500,SF@DET,DET,SF,,,,,,WR/FLEX,,,,
62415-73046:Tre Nixon,62415-73046,WR,Tre,Tre Nixon,Nixon,,,4500,MIA@NE,NE,MIA,,,,,,WR/FLEX,,,,
62415-89437:Tim Jones,62415-89437,WR,Tim,Tim Jones,Jones,,,4500,JAC@HOU,JAC,HOU,,,,,,WR/FLEX,,,,
62415-91504:Blake Proehl,62415-91504,WR,Blake,Blake Proehl,Proehl,,,4500,MIN@CIN,MIN,CIN,Q,Leg,,,,WR/FLEX,,,,
62415-52602:DeAndre Thompkins,62415-52602,WR,DeAndre,DeAndre Thompkins,Thompkins,0,1,4500,GB@NO,GB,NO,,,,,,WR/FLEX,,,,
62415-56698:Dante Pettis,62415-56698,WR,Dante,Dante Pettis,Pettis,2.26666673,6,4500,DEN@NYG,NYG,DEN,,,,,,WR/FLEX,,,,
62415-71039:Kelvin Harmon,62415-71039,WR,Kelvin,Kelvin Harmon,Harmon,0,1,4500,LAC@WAS,WAS,LAC,,,,,,WR/FLEX,,,,
62415-64901:Cameron Scarlett,62415-64901,RB,Cameron,Cameron Scarlett,Scarlett,,,4500,SEA@IND,SEA,IND,,,,,,RB/FLEX,,,,
62415-64905:Trenton Irwin,62415-64905,WR,Trenton,Trenton Irwin,Irwin,0.5,2,4500,MIN@CIN,CIN,MIN,,,,,,WR/FLEX,,,,
62415-64907:JJ Arcega-Whiteside,62415-64907,WR,JJ,JJ Arcega-Whiteside,Arcega-Whiteside,3.7,5,4500,PHI@ATL,PHI,ATL,,,,,,WR/FLEX,,,,
62415-28055:Amara Darboh,62415-28055,WR,Amara,Amara Darboh,Darboh,0,1,4500,DEN@NYG,DEN,NYG,,,,,,WR/FLEX,,,,
62415-73116:Javon McKinley,62415-73116,WR,Javon,Javon McKinley,McKinley,,,4500,SF@DET,DET,SF,,,,,,WR/FLEX,,,,
62415-64926:Michael Jacquet III,62415-64926,WR,Michael,Michael Jacquet III,Jacquet III,0,1,4500,PHI@ATL,PHI,ATL,,,,,,WR/FLEX,,,,
62415-73121:Tony Jones Jr.,62415-73121,RB,Tony,Tony Jones Jr.,Jones Jr.,1.299999952,1,4500,GB@NO,NO,GB,,,,,,RB/FLEX,,,,
62415-32161:Gehrig Dieter,62415-32161,WR,Gehrig,Gehrig Dieter,Dieter,1.5,1,4500,CLE@KC,KC,CLE,,,,,,WR/FLEX,,,,
62415-60835:Isaac Whitney,62415-60835,WR,Isaac,Isaac Whitney,Whitney,,,4500,ARI@TEN,ARI,TEN,,,,,,WR/FLEX,,,,
62415-60838:Andre Baccellia,62415-60838,WR,Andre,Andre Baccellia,Baccellia,0,1,4500,ARI@TEN,ARI,TEN,,,,,,WR/FLEX,,,,
62415-62891:Omar Bayless,62415-62891,WR,Omar,Omar Bayless,Bayless,0,2,4500,NYJ@CAR,CAR,NYJ,,,,,,WR/FLEX,,,,
62415-28080:Devin Funchess,62415-28080,WR,Devin,Devin Funchess,Funchess,4.699999809,1,4500,GB@NO,GB,NO,,,,,,WR/FLEX,,,,
62415-60849:Blake Lynch,62415-60849,WR,Blake,Blake Lynch,Lynch,,,4500,MIN@CIN,MIN,CIN,,,,,,WR/FLEX,,,,
62415-64949:Ja'Marcus Bradley,62415-64949,WR,Ja'Marcus,Ja'Marcus Bradley,Bradley,4.25,2,4500,CLE@KC,CLE,KC,,,,,,WR/FLEX,,,,
62415-60861:Damion Ratley,62415-60861,WR,Damion,Damion Ratley,Ratley,1.383333365,6,4500,SF@DET,DET,SF,,,,,,WR/FLEX,,,,
62415-69056:Mathew Sexton,62415-69056,WR,Mathew,Mathew Sexton,Sexton,,,4500,PIT@BUF,PIT,BUF,,,,,,WR/FLEX,,,,
62415-64962:LeVante Bellamy,62415-64962,RB,LeVante,LeVante Bellamy,Bellamy,0.699999968,3,4500,DEN@NYG,DEN,NYG,Q,Ankle,,,,RB/FLEX,,,,
62415-26057:Michael Burton,62415-26057,RB,Michael,Michael Burton,Burton,1.137500048,8,4500,CLE@KC,KC,CLE,,,,,,RB/FLEX,,,,
62415-64973:Micah Simon,62415-64973,WR,Micah,Micah Simon,Simon,,,4500,NYJ@CAR,CAR,NYJ,,,,,,WR/FLEX,,,,
62415-69068:Jonathan Ward,62415-69068,RB,Jonathan,Jonathan Ward,Ward,1.899999976,4,4500,ARI@TEN,ARI,TEN,Q,Ankle,,,,RB/FLEX,,,,
62415-71120:Riley Lees,62415-71120,WR,Riley,Riley Lees,Lees,,,4500,MIN@CIN,CIN,MIN,,,,,,WR/FLEX,,,,
62415-103896:Nsimba Webster,62415-103896,WR,Nsimba,Nsimba Webster,Webster,-0.125,16,4500,SF@DET,SF,DET,,,,,,WR/FLEX,,,,
62415-21980:Alshon Jeffery,62415-21980,WR,Alshon,Alshon Jeffery,Jeffery,2.5625,8,4500,PHI@ATL,PHI,ATL,,,,,,WR/FLEX,,,,
62415-103901:Davion Davis,62415-103901,WR,Davion,Davion Davis,Davis,,,4500,CLE@KC,CLE,KC,,,,,,WR/FLEX,,,,
62415-103902:Alexander Hollins,62415-103902,WR,Alexander,Alexander Hollins,Hollins,2.799999952,2,4500,CLE@KC,CLE,KC,Q,Hamstring,,,,WR/FLEX,,,,
62415-32235:Marcus Johnson,62415-32235,WR,Marcus,Marcus Johnson,Johnson,4.0625,8,4500,ARI@TEN,TEN,ARI,,,,,,WR/FLEX,,,,
62415-28157:Bennie Fowler III,62415-28157,WR,Bennie,Bennie Fowler III,Fowler III,2.099999905,1,4500,SF@DET,SF,DET,,,,,,WR/FLEX,,,,
62415-103943:Trinity Benson,62415-103943,WR,Trinity,Trinity Benson,Benson,0,1,4500,DEN@NYG,DEN,NYG,,,,,,WR/FLEX,,,,
62415-62994:Steven Sims Jr.,62415-62994,WR,Steven,Steven Sims Jr.,Sims Jr.,3.928571429,14,4500,LAC@WAS,WAS,LAC,,,,,,WR/FLEX,,,,
62415-22035:Travis Benjamin,62415-22035,WR,Travis,Travis Benjamin,Benjamin,0,1,4500,SF@DET,SF,DET,,,,,,WR/FLEX,,,,
62415-73247:Kene Nwangwu,62415-73247,RB,Kene,Kene Nwangwu,Nwangwu,,,4500,MIN@CIN,MIN,CIN,Q,Knee,,,,RB/FLEX,,,,
62415-69150:Jordan Veasy,62415-69150,WR,Jordan,Jordan Veasy,Veasy,0,1,4500,JAC@HOU,HOU,JAC,,,,,,WR/FLEX,,,,
62415-89632:Connor Wedington,62415-89632,WR,Connor,Connor Wedington,Wedington,,,4500,SEA@IND,SEA,IND,,,,,,WR/FLEX,,,,
62415-38444:Tyler Gaffney,62415-38444,RB,Tyler,Tyler Gaffney,Gaffney,,,4500,MIA@NE,NE,MIA,,,,,,RB/FLEX,,,,
62415-63025:Nathan Cottrell,62415-63025,RB,Nathan,Nathan Cottrell,Cottrell,0,6,4500,JAC@HOU,JAC,HOU,,,,,,RB/FLEX,,,,
62415-60978:Carl Tucker,62415-60978,RB,Carl,Carl Tucker,Tucker,,,4500,MIA@NE,MIA,NE,,,,,,RB/FLEX,,,,
62415-71228:Marquez Stevenson,62415-71228,WR,Marquez,Marquez Stevenson,Stevenson,,,4500,PIT@BUF,BUF,PIT,,,,,,WR/FLEX,,,,
62415-87617:Sage Surratt,62415-87617,WR,Sage,Sage Surratt,Surratt,,,4500,SF@DET,DET,SF,,,,,,WR/FLEX,,,,
62415-52808:Dontrell Hilliard,62415-52808,RB,Dontrell,Dontrell Hilliard,Hilliard,1.1,5,4500,JAC@HOU,HOU,JAC,Q,Undisclosed,,,,RB/FLEX,,,,
62415-104012:Ashton Dulin,62415-104012,WR,Ashton,Ashton Dulin,Dulin,0.877777788,9,4500,SEA@IND,IND,SEA,Q,Undisclosed,,,,WR/FLEX,,,,
62415-63061:Gary Jennings,62415-63061,WR,Gary,Gary Jennings,Jennings,0,1,4500,SEA@IND,IND,SEA,Q,Undisclosed,,,,WR/FLEX,,,,
62415-69215:Josh Imatorbhebhe,62415-69215,WR,Josh,Josh Imatorbhebhe,Imatorbhebhe,,,4500,JAC@HOU,JAC,HOU,Q,Undisclosed,,,,WR/FLEX,,,,
62415-22113:Alfred Morris,62415-22113,RB,Alfred,Alfred Morris,Morris,3.920000076,10,4500,DEN@NYG,NYG,DEN,,,,,,RB/FLEX,,,,
62415-87657:Seth Williams,62415-87657,WR,Seth,Seth Williams,Williams,,,4500,DEN@NYG,DEN,NYG,,,,,,WR/FLEX,,,,
62415-104041:Myron Mitchell,62415-104041,WR,Myron,Myron Mitchell,Mitchell,,,4500,MIN@CIN,MIN,CIN,,,,,,WR/FLEX,,,,
62415-71280:Kalija Lipscomb,62415-71280,WR,Kalija,Kalija Lipscomb,Lipscomb,,,4500,ARI@TEN,TEN,ARI,,,,,,WR/FLEX,,,,
62415-38514:Kevin White,62415-38514,WR,Kevin,Kevin White,White,0,2,4500,SF@DET,SF,DET,,,,,,WR/FLEX,,,,
62415-56946:Ventell Bryant,62415-56946,WR,Ventell,Ventell Bryant,Bryant,0,1,4500,NYJ@CAR,CAR,NYJ,IR,Suspension,,,,WR/FLEX,,,,
62415-93824:Easop Winston,62415-93824,WR,Easop,Easop Winston,Winston,0,2,4500,GB@NO,NO,GB,,,,,,WR/FLEX,,,,
62415-91783:Warren Jackson,62415-91783,WR,Warren,Warren Jackson,Jackson,,,4500,MIN@CIN,MIN,CIN,,,,,,WR/FLEX,,,,
62415-61072:Stanley Morgan,62415-61072,WR,Stanley,Stanley Morgan,Morgan,0,1,4500,MIN@CIN,CIN,MIN,,,,,,WR/FLEX,,,,
62415-7856:Matthew Slater,62415-7856,WR,Matthew,Matthew Slater,Slater,0,1,4500,MIA@NE,NE,MIA,,,,,,WR/FLEX,,,,
62415-89785:Spencer Brown,62415-89785,RB,Spencer,Spencer Brown,Brown,,,4500,NYJ@CAR,CAR,NYJ,,,,,,RB/FLEX,,,,
62415-71355:Elijah Holyfield,62415-71355,RB,Elijah,Elijah Holyfield,Holyfield,0,1,4500,PHI@ATL,PHI,ATL,,,,,,RB/FLEX,,,,
62415-104124:Darrius Shepherd,62415-104124,WR,Darrius,Darrius Shepherd,Shepherd,0.728571415,7,4500,CLE@KC,KC,CLE,,,,,,WR/FLEX,,,,
62415-69310:Josh Hammond,62415-69310,WR,Josh,Josh Hammond,Hammond,0,2,4500,JAC@HOU,JAC,HOU,,,,,,WR/FLEX,,,,
62415-73406:DeVontres Dukes,62415-73406,WR,DeVontres,DeVontres Dukes,Dukes,,,4500,DEN@NYG,DEN,NYG,,,,,,WR/FLEX,,,,
62415-71360:Tyler Simmons,62415-71360,WR,Tyler,Tyler Simmons,Simmons,,,4500,PIT@BUF,PIT,BUF,,,,,,WR/FLEX,,,,
62415-52931:Eli Penny,62415-52931,RB,Eli,Eli Penny,Penny,0.642857143,7,4500,DEN@NYG,NYG,DEN,,,,,,RB/FLEX,,,,
62415-71372:Tyrie Cleveland,62415-71372,WR,Tyrie,Tyrie Cleveland,Cleveland,1.328571456,7,4500,DEN@NYG,DEN,NYG,,,,,,WR/FLEX,,,,
62415-65231:Adam Prentice,62415-65231,RB,Adam,Adam Prentice,Prentice,,,4500,DEN@NYG,DEN,NYG,,,,,,RB/FLEX,,,,
62415-85714:Tory Carter,62415-85714,RB,Tory,Tory Carter,Carter,,,4500,ARI@TEN,TEN,ARI,,,,,,RB/FLEX,,,,
62415-89817:Austin Watkins Jr.,62415-89817,WR,Austin,Austin Watkins Jr.,Watkins Jr.,,,4500,SF@DET,SF,DET,O,Foot,,,,WR/FLEX,,,,
62415-85731:Racey McMath,62415-85731,WR,Racey,Racey McMath,McMath,,,4500,ARI@TEN,TEN,ARI,,,,,,WR/FLEX,,,,
62415-147168:Chris Blair,62415-147168,WR,Chris,Chris Blair,Blair,,,4500,GB@NO,GB,NO,,,,,,WR/FLEX,,,,
62415-38634:Ryan Switzer,62415-38634,WR,Ryan,Ryan Switzer,Switzer,0,1,4500,CLE@KC,CLE,KC,,,,,,WR/FLEX,,,,
62415-71414:Quartney Davis,62415-71414,WR,Quartney,Quartney Davis,Davis,,,4500,SEA@IND,IND,SEA,Q,Shoulder,,,,WR/FLEX,,,,
62415-26384:Trey Edmunds,62415-26384,RB,Trey,Trey Edmunds,Edmunds,0,1,4500,PIT@BUF,PIT,BUF,,,,,,RB/FLEX,,,,
62415-61200:Jaylinn Hawkins,62415-61200,WR,Jaylinn,Jaylinn Hawkins,Hawkins,0,1,4500,PHI@ATL,ATL,PHI,,,,,,WR/FLEX,,,,
62415-65331:Sutton Smith,62415-65331,RB,Sutton,Sutton Smith,Smith,0,1,4500,GB@NO,NO,GB,,,,,,RB/FLEX,,,,
62415-71477:Maurice Ffrench,62415-71477,WR,Maurice,Maurice Ffrench,Ffrench,,,4500,CLE@KC,KC,CLE,,,,,,WR/FLEX,,,,
62415-73551:Stantley Thomas-Oliver III,62415-73551,WR,Stantley,Stantley Thomas-Oliver III,Thomas-Oliver III,0,2,4500,NYJ@CAR,CAR,NYJ,,,,,,WR/FLEX,,,,
62415-28502:Devin Smith,62415-28502,WR,Devin,Devin Smith,Smith,6.599999746,3,4500,MIA@NE,NE,MIA,Q,Undisclosed,,,,WR/FLEX,,,,
62415-63319:K.J. Hill,62415-63319,WR,K.J.,K.J. Hill,Hill,0.800000017,11,4500,LAC@WAS,LAC,WAS,,,,,,WR/FLEX,,,,
62415-104289:Malik Taylor,62415-104289,WR,Malik,Malik Taylor,Taylor,1.6,10,4500,GB@NO,GB,NO,,,,,,WR/FLEX,,,,
62415-63330:Mike Weber,62415-63330,RB,Mike,Mike Weber,Weber,,,4500,DEN@NYG,NYG,DEN,Q,Hip,,,,RB/FLEX,,,,
62415-104297:Jason Moore,62415-104297,WR,Jason,Jason Moore,Moore,0,1,4500,LAC@WAS,LAC,WAS,,,,,,WR/FLEX,,,,
62415-89970:Amari Rodgers,62415-89970,WR,Amari,Amari Rodgers,Rodgers,,,4500,GB@NO,GB,NO,,,,,,WR/FLEX,,,,
62415-63360:Antonio Callaway,62415-63360,WR,Antonio,Antonio Callaway,Callaway,0.75,4,4500,CLE@KC,KC,CLE,Q,Knee,,,,WR/FLEX,,,,
62415-40843:Alex Collins,62415-40843,RB,Alex,Alex Collins,Collins,6.866666794,3,4500,SEA@IND,SEA,IND,,,,,,RB/FLEX,,,,
62415-63383:Jordan Scarlett,62415-63383,RB,Jordan,Jordan Scarlett,Scarlett,0,2,4500,MIA@NE,MIA,NE,,,,,,RB/FLEX,,,,
62415-14237:Kyle Rudolph,62415-14237,TE,Kyle,Kyle Rudolph,Rudolph,4.28333346,12,4500,DEN@NYG,NYG,DEN,NA,Foot,,,,TE/FLEX,,,,
62415-40866:J'Mon Moore,62415-40866,WR,J'Mon,J'Mon Moore,Moore,0,1,4500,PHI@ATL,ATL,PHI,Q,Undisclosed,,,,WR/FLEX,,,,
62415-63399:Terry Godwin,62415-63399,WR,Terry,Terry Godwin,Godwin,1.25,4,4500,JAC@HOU,JAC,HOU,IR,Undisclosed,,,,WR/FLEX,,,,
62415-34729:Dwayne Washington,62415-34729,RB,Dwayne,Dwayne Washington,Washington,0.283333341,6,4500,GB@NO,NO,GB,,,,,,RB/FLEX,,,,
62415-63403:Tae Crowder,62415-63403,RB,Tae,Tae Crowder,Crowder,3,2,4500,DEN@NYG,NYG,DEN,,,,,,RB/FLEX,,,,
62415-69558:Greg Dortch,62415-69558,WR,Greg,Greg Dortch,Dortch,0,2,4500,ARI@TEN,ARI,TEN,,,,,,WR/FLEX,,,,
62415-55224:Reggie Bonnafon,62415-55224,RB,Reggie,Reggie Bonnafon,Bonnafon,3.924999952,4,4500,NYJ@CAR,CAR,NYJ,Q,Undisclosed,,,,RB/FLEX,,,,
62415-63419:Andy Isabella,62415-63419,WR,Andy,Andy Isabella,Isabella,4.027272658,11,4500,ARI@TEN,ARI,TEN,IR,Undisclosed,,,,WR/FLEX,,,,
62415-32703:Jakeem Grant,62415-32703,WR,Jakeem,Jakeem Grant,Grant,4.950000218,14,4500,MIA@NE,MIA,NE,,,,,,WR/FLEX,,,,
62415-104388:Tom Kennedy,62415-104388,WR,Tom,Tom Kennedy,Kennedy,0,1,4500,SF@DET,DET,SF,,,,,,WR/FLEX,,,,
62415-69577:Tre Harbison,62415-69577,RB,Tre,Tre Harbison,Harbison,,,4500,CLE@KC,CLE,KC,IR,Concussion,,,,RB/FLEX,,,,
62415-40932:Pharoh Cooper,62415-40932,WR,Pharoh,Pharoh Cooper,Cooper,0.653333346,15,4500,JAC@HOU,JAC,HOU,,,,,,WR/FLEX,,,,
62415-71661:Tino Ellis,62415-71661,WR,Tino,Tino Ellis,Ellis,,,4500,MIA@NE,MIA,NE,,,,,,WR/FLEX,,,,
62415-65518:John Ursua,62415-65518,WR,John,John Ursua,Ursua,0,1,4500,SEA@IND,SEA,IND,,,,,,WR/FLEX,,,,
62415-14319:Taiwan Jones,62415-14319,RB,Taiwan,Taiwan Jones,Jones,0,3,4500,PIT@BUF,BUF,PIT,,,,,,RB/FLEX,,,,
62415-63479:John Kelly,62415-63479,RB,John,John Kelly,Kelly,0,1,4500,CLE@KC,CLE,KC,,,,,,RB/FLEX,,,,
62415-55336:Chris Herndon,62415-55336,TE,Chris,Chris Herndon,Herndon,4.476923136,13,4400,NYJ@CAR,NYJ,CAR,,,,,,TE/FLEX,,,,
62415-86244:Pat Freiermuth,62415-86244,TE,Pat,Pat Freiermuth,Freiermuth,,,4400,PIT@BUF,PIT,BUF,,,,,,TE/FLEX,,,,
62415-12541:New England Patriots,62415-12541,D,New England,New England Patriots,Patriots,6.75,16,4400,MIA@NE,NE,MIA,,,,,,DEF,,,,
62415-54007:Jacob Hollister,62415-54007,TE,Jacob,Jacob Hollister,Hollister,3.560000102,15,4400,PIT@BUF,BUF,PIT,,,,,,TE/FLEX,,,,
62415-72515:Ian Thomas,62415-72515,TE,Ian,Ian Thomas,Thomas,2.346153846,13,4400,NYJ@CAR,CAR,NYJ,,,,,,TE/FLEX,,,,
62415-60451:Tyler Conklin,62415-60451,TE,Tyler,Tyler Conklin,Conklin,4.985714504,7,4400,MIN@CIN,MIN,CIN,,,,,,TE/FLEX,,,,
62415-56708:Will Dissly,62415-56708,TE,Will,Will Dissly,Dissly,3.106250048,16,4400,SEA@IND,SEA,IND,,,,,,TE/FLEX,,,,
62415-38301:Darren Fells,62415-38301,TE,Darren,Darren Fells,Fells,5.474999746,12,4400,SF@DET,DET,SF,,,,,,TE/FLEX,,,,
62415-14348:Lee Smith,62415-14348,TE,Lee,Lee Smith,Smith,3.5,5,4300,PHI@ATL,ATL,PHI,,,,,,TE/FLEX,,,,
62415-12548:Los Angeles Chargers,62415-12548,D,Los Angeles,Los Angeles Chargers,Chargers,5,16,4300,LAC@WAS,LAC,WAS,,,,,,DEF,,,,
62415-6672:Marcedes Lewis,62415-6672,TE,Marcedes,Marcedes Lewis,Lewis,3.454545455,11,4300,GB@NO,GB,NO,,,,,,TE/FLEX,,,,
62415-29314:Richard Rodgers,62415-29314,TE,Richard,Richard Rodgers,Rodgers,7.3125,8,4300,PHI@ATL,PHI,ATL,,,,,,TE/FLEX,,,,
62415-29411:Pharaoh Brown,62415-29411,TE,Pharaoh,Pharaoh Brown,Brown,4.412499905,8,4300,JAC@HOU,HOU,JAC,,,,,,TE/FLEX,,,,
62415-56711:Drew Sample,62415-56711,TE,Drew,Drew Sample,Sample,3.681250095,16,4300,MIN@CIN,CIN,MIN,,,,,,TE/FLEX,,,,
62415-28346:Maxx Williams,62415-28346,TE,Maxx,Maxx Williams,Williams,2.525000095,8,4300,ARI@TEN,ARI,TEN,,,,,,TE/FLEX,,,,
62415-104278:Donald Parham Jr.,62415-104278,TE,Donald,Donald Parham Jr.,Parham Jr.,3.890000153,10,4300,LAC@WAS,LAC,WAS,,,,,,TE/FLEX,,,,
62415-79967:Adam Shaheen,62415-79967,TE,Adam,Adam Shaheen,Shaheen,3,13,4200,MIA@NE,MIA,NE,,,,,,TE/FLEX,,,,
62415-12552:Washington Football Team,62415-12552,D,Washington,Washington Football Team,Football Team,7.823529412,17,4200,LAC@WAS,WAS,LAC,,,,,,DEF,,,,
62415-41469:Darrell Daniels,62415-41469,TE,Darrell,Darrell Daniels,Daniels,2.400000095,8,4200,ARI@TEN,ARI,TEN,,,,,,TE/FLEX,,,,
62415-83138:Ross Dwelley,62415-83138,TE,Ross,Ross Dwelley,Dwelley,3.333333333,12,4200,SF@DET,SF,DET,,,,,,TE/FLEX,,,,
62415-70859:Albert Okwuegbunam,62415-70859,TE,Albert,Albert Okwuegbunam,Okwuegbunam,5.900000095,4,4200,DEN@NYG,DEN,NYG,,,,,,TE/FLEX,,,,
62415-73089:Devin Asiasi,62415-73089,TE,Devin,Devin Asiasi,Asiasi,2.179999924,5,4200,MIA@NE,NE,MIA,,,,,,TE/FLEX,,,,
62415-18009:Chris Manhertz,62415-18009,TE,Chris,Chris Manhertz,Manhertz,1.171428544,7,4200,JAC@HOU,JAC,HOU,,,,,,TE/FLEX,,,,
62415-38523:Geoff Swaim,62415-38523,TE,Geoff,Geoff Swaim,Swaim,2.82857132,7,4200,ARI@TEN,TEN,ARI,,,,,,TE/FLEX,,,,
62415-61112:Josiah Deguara,62415-61112,TE,Josiah,Josiah Deguara,Deguara,1.700000048,1,4200,GB@NO,GB,NO,Q,Knee - acl,,,,TE/FLEX,,,,
62415-94094:Brevin Jordan,62415-94094,TE,Brevin,Brevin Jordan,Jordan,,,4200,JAC@HOU,HOU,JAC,,,,,,TE/FLEX,,,,
62415-28570:Nick Vannett,62415-28570,TE,Nick,Nick Vannett,Vannett,2.045454545,11,4200,GB@NO,NO,GB,,,,,,TE/FLEX,,,,
62415-79980:Eric Saubert,62415-79980,TE,Eric,Eric Saubert,Saubert,0.516666651,6,4100,DEN@NYG,DEN,NYG,,,,,,TE/FLEX,,,,
62415-71806:Kaden Smith,62415-71806,TE,Kaden,Kaden Smith,Smith,1.442857197,14,4100,DEN@NYG,NYG,DEN,,,,,,TE/FLEX,,,,
62415-86178:Dominique Dafney,62415-86178,TE,Dominique,Dominique Dafney,Dafney,2.400000095,4,4100,GB@NO,GB,NO,,,,,,TE/FLEX,,,,
62415-12531:Denver Broncos,62415-12531,D,Denver,Denver Broncos,Broncos,5.0625,16,4100,DEN@NYG,DEN,NYG,,,,,,DEF,,,,
62415-12535:Indianapolis Colts,62415-12535,D,Indianapolis,Indianapolis Colts,Colts,8.647058824,17,4100,SEA@IND,IND,SEA,,,,,,DEF,,,,
62415-65839:Kahale Warring,62415-65839,TE,Kahale,Kahale Warring,Warring,1.25,4,4100,JAC@HOU,HOU,JAC,,,,,,TE/FLEX,,,,
62415-55609:Ryan Izzo,62415-55609,TE,Ryan,Ryan Izzo,Izzo,2.439999962,10,4100,JAC@HOU,HOU,JAC,Q,Undisclosed,,,,TE/FLEX,,,,
62415-45472:Garrett Griffin,62415-45472,TE,Garrett,Garrett Griffin,Griffin,,,4100,GB@NO,NO,GB,,,,,,TE/FLEX,,,,
62415-47551:Mason Schreck,62415-47551,TE,Mason,Mason Schreck,Schreck,0,2,4100,MIN@CIN,CIN,MIN,,,,,,TE/FLEX,,,,
62415-84440:Jaeden Graham,62415-84440,TE,Jaeden,Jaeden Graham,Graham,0.666666667,6,4100,PHI@ATL,ATL,PHI,IR,Knee,,,,TE/FLEX,,,,
62415-86770:Hunter Bryant,62415-86770,TE,Hunter,Hunter Bryant,Bryant,1.633333365,3,4100,SF@DET,DET,SF,IR,Undisclosed,,,,TE/FLEX,,,,
62415-27403:Blake Bell,62415-27403,TE,Blake,Blake Bell,Bell,1.518181888,11,4100,CLE@KC,KC,CLE,,,,,,TE/FLEX,,,,
62415-56212:Tommy Sweeney,62415-56212,TE,Tommy,Tommy Sweeney,Sweeney,3.079999924,5,4100,PIT@BUF,BUF,PIT,Q,Foot,,,,TE/FLEX,,,,
62415-91101:Tommy Tremble,62415-91101,TE,Tommy,Tommy Tremble,Tremble,,,4100,NYJ@CAR,CAR,NYJ,,,,,,TE/FLEX,,,,
62415-72705:John Bates,62415-72705,TE,John,John Bates,Bates,,,4100,LAC@WAS,WAS,LAC,,,,,,TE/FLEX,,,,
62415-70705:Trevon Wesco,62415-70705,TE,Trevon,Trevon Wesco,Wesco,0.333333333,3,4100,NYJ@CAR,NYJ,CAR,,,,,,TE/FLEX,,,,
62415-89283:Tre' McKitty,62415-89283,TE,Tre',Tre' McKitty,McKitty,,,4100,LAC@WAS,LAC,WAS,,,,,,TE/FLEX,,,,
62415-64833:Alize Mack,62415-64833,TE,Alize,Alize Mack,Mack,,,4100,SF@DET,DET,SF,,,,,,TE/FLEX,,,,
62415-64864:Noah Togiai,62415-64864,TE,Noah,Noah Togiai,Togiai,0,2,4100,SEA@IND,IND,SEA,,,,,,TE/FLEX,,,,
62415-73176:Luke Farrell,62415-73176,TE,Luke,Luke Farrell,Farrell,,,4100,JAC@HOU,JAC,HOU,,,,,,TE/FLEX,,,,
62415-103900:Brandon Dillon,62415-103900,TE,Brandon,Brandon Dillon,Dillon,1.100000024,1,4100,MIN@CIN,MIN,CIN,,,,,,TE/FLEX,,,,
62415-62998:Jace Sternberger,62415-62998,TE,Jace,Jace Sternberger,Sternberger,2.924999952,8,4100,GB@NO,GB,NO,IR,Suspension,,,,TE/FLEX,,,,
62415-71351:Charlie Woerner,62415-71351,TE,Charlie,Charlie Woerner,Woerner,1.274999976,4,4100,SF@DET,SF,DET,,,,,,TE/FLEX,,,,
62415-16078:Ross Travis,62415-16078,TE,Ross,Ross Travis,Travis,0,1,4100,ARI@TEN,ARI,TEN,,,,,,TE/FLEX,,,,
62415-85994:Dalton Keene,62415-85994,TE,Dalton,Dalton Keene,Keene,0.774999976,4,4100,MIA@NE,NE,MIA,IR,Knee - meniscus,,,,TE/FLEX,,,,
62415-90123:Quintin Morris,62415-90123,TE,Quintin,Quintin Morris,Morris,,,4000,PIT@BUF,BUF,PIT,,,,,,TE/FLEX,,,,
62415-71697:Shaun Beyer,62415-71697,TE,Shaun,Shaun Beyer,Beyer,,,4000,DEN@NYG,DEN,NYG,,,,,,TE/FLEX,,,,
62415-40977:Ricky Seals-Jones,62415-40977,TE,Ricky,Ricky Seals-Jones,Seals-Jones,0,1,4000,LAC@WAS,WAS,LAC,,,,,,TE/FLEX,,,,
62415-137249:Briley Moore-McKinney,62415-137249,TE,Briley,Briley Moore-McKinney,Moore-McKinney,,,4000,ARI@TEN,TEN,ARI,IR,Knee - acl,,,,TE/FLEX,,,,
62415-59455:Sammis Reyes,62415-59455,TE,Sammis,Sammis Reyes,Reyes,,,4000,LAC@WAS,WAS,LAC,,,,,,TE/FLEX,,,,
62415-30800:Jason Croom,62415-30800,TE,Jason,Jason Croom,Croom,6.800000191,1,4000,PHI@ATL,PHI,ATL,,,,,,TE/FLEX,,,,
62415-71767:Caleb Wilson,62415-71767,TE,Caleb,Caleb Wilson,Wilson,0,1,4000,LAC@WAS,WAS,LAC,,,,,,TE/FLEX,,,,
62415-80011:Antony Auclair,62415-80011,TE,Antony,Antony Auclair,Auclair,0,1,4000,JAC@HOU,HOU,JAC,,,,,,TE/FLEX,,,,
62415-65737:Sam Tecklenburg,62415-65737,TE,Sam,Sam Tecklenburg,Tecklenburg,0,2,4000,NYJ@CAR,CAR,NYJ,,,,,,TE/FLEX,,,,
62415-149708:Zach Davidson,62415-149708,TE,Zach,Zach Davidson,Davidson,,,4000,MIN@CIN,MIN,CIN,,,,,,TE/FLEX,,,,
62415-149727:Bernhard Seikovits,62415-149727,TE,Bernhard,Bernhard Seikovits,Seikovits,,,4000,ARI@TEN,ARI,TEN,,,,,,TE/FLEX,,,,
62415-12539:Miami Dolphins,62415-12539,D,Miami,Miami Dolphins,Dolphins,9,16,4000,MIA@NE,MIA,NE,,,,,,DEF,,,,
62415-61693:Danny Pinter,62415-61693,TE,Danny,Danny Pinter,Pinter,0,1,4000,SEA@IND,IND,SEA,Q,Foot,,,,TE/FLEX,,,,
62415-12547:Pittsburgh Steelers,62415-12547,D,Pittsburgh,Pittsburgh Steelers,Steelers,8.470588235,17,4000,PIT@BUF,PIT,BUF,,,,,,DEF,,,,
62415-149827:Nick Guggemos,62415-149827,TE,Nick,Nick Guggemos,Guggemos,,,4000,LAC@WAS,WAS,LAC,,,,,,TE/FLEX,,,,
62415-149832:Shane Zylstra,62415-149832,TE,Shane,Shane Zylstra,Zylstra,,,4000,MIN@CIN,MIN,CIN,,,,,,TE/FLEX,,,,
62415-63839:Tyler Mabry,62415-63839,TE,Tyler,Tyler Mabry,Mabry,0,1,4000,SEA@IND,SEA,IND,,,,,,TE/FLEX,,,,
62415-63841:Matt Seybert,62415-63841,TE,Matt,Matt Seybert,Seybert,,,4000,LAC@WAS,LAC,WAS,,,,,,TE/FLEX,,,,
62415-94609:Pro Wells,62415-94609,TE,Pro,Pro Wells,Wells,,,4000,MIN@CIN,CIN,MIN,,,,,,TE/FLEX,,,,
62415-41552:Dylan Cantrell,62415-41552,TE,Dylan,Dylan Cantrell,Cantrell,0,2,4000,LAC@WAS,WAS,LAC,IR,Undisclosed,,,,TE/FLEX,,,,
62415-64088:Cheyenne O'Grady,62415-64088,TE,Cheyenne,Cheyenne O'Grady,O'Grady,,,4000,MIN@CIN,CIN,MIN,,,,,,TE/FLEX,,,,
62415-29277:Stephen Anderson,62415-29277,TE,Stephen,Stephen Anderson,Anderson,3.650000095,4,4000,LAC@WAS,LAC,WAS,,,,,,TE/FLEX,,,,
62415-47788:Deon Yelder,62415-47788,TE,Deon,Deon Yelder,Yelder,1.183333317,6,4000,ARI@TEN,TEN,ARI,,,,,,TE/FLEX,,,,
62415-62127:Cole Hikutini,62415-62127,TE,Cole,Cole Hikutini,Hikutini,0,1,4000,DEN@NYG,NYG,DEN,Q,Hip,,,,TE/FLEX,,,,
62415-70342:Temarrick Hemingway,62415-70342,TE,Temarrick,Temarrick Hemingway,Hemingway,0.5,3,4000,LAC@WAS,WAS,LAC,,,,,,TE/FLEX,,,,
62415-29390:Evan Baylis,62415-29390,TE,Evan,Evan Baylis,Baylis,0,2,4000,CLE@KC,KC,CLE,Q,Ankle,,,,TE/FLEX,,,,
62415-64221:Zach Gentry,62415-64221,TE,Zach,Zach Gentry,Gentry,0,1,4000,PIT@BUF,PIT,BUF,,,,,,TE/FLEX,,,,
62415-54011:Austin Fort,62415-54011,TE,Austin,Austin Fort,Fort,0,1,4000,DEN@NYG,DEN,NYG,,,,,,TE/FLEX,,,,
62415-70426:Reggie Gilliam,62415-70426,TE,Reggie,Reggie Gilliam,Gilliam,4.300000191,2,4000,PIT@BUF,BUF,PIT,,,,,,TE/FLEX,,,,
62415-58189:Mitchell Fraboni,62415-58189,TE,Mitchell,Mitchell Fraboni,Fraboni,,,4000,JAC@HOU,HOU,JAC,,,,,,TE/FLEX,,,,
62415-66402:Jack Driscoll,62415-66402,TE,Jack,Jack Driscoll,Driscoll,0,1,4000,PHI@ATL,PHI,ATL,,,,,,TE/FLEX,,,,
62415-23435:Andrew DePaola,62415-23435,TE,Andrew,Andrew DePaola,DePaola,,,4000,MIN@CIN,MIN,CIN,,,,,,TE/FLEX,,,,
62415-93075:Hunter Long,62415-93075,TE,Hunter,Hunter Long,Long,,,4000,MIA@NE,MIA,NE,Q,Lower body,,,,TE/FLEX,,,,
62415-91046:Brock Wright,62415-91046,TE,Brock,Brock Wright,Wright,,,4000,SF@DET,DET,SF,,,,,,TE/FLEX,,,,
62415-70604:John Raine,62415-70604,TE,John,John Raine,Raine,,,4000,PHI@ATL,ATL,PHI,,,,,,TE/FLEX,,,,
62415-93143:Noah Gray,62415-93143,TE,Noah,Noah Gray,Gray,,,4000,CLE@KC,KC,CLE,,,,,,TE/FLEX,,,,
62415-72665:Kenny Yeboah,62415-72665,TE,Kenny,Kenny Yeboah,Yeboah,,,4000,NYJ@CAR,NYJ,CAR,,,,,,TE/FLEX,,,,
62415-43993:Andrew Vollert,62415-43993,TE,Andrew,Andrew Vollert,Vollert,0,1,4000,SEA@IND,IND,SEA,,,,,,TE/FLEX,,,,
62415-54239:Matt Sokol,62415-54239,TE,Matt,Matt Sokol,Sokol,0,1,4000,LAC@WAS,LAC,WAS,,,,,,TE/FLEX,,,,
62415-70658:Cary Angeline,62415-70658,TE,Cary,Cary Angeline,Angeline,,,4000,ARI@TEN,ARI,TEN,,,,,,TE/FLEX,,,,
62415-27672:Matt LaCosse,62415-27672,TE,Matt,Matt LaCosse,LaCosse,0,1,4000,MIA@NE,NE,MIA,,,,,,TE/FLEX,,,,
62415-29725:Levine Toilolo,62415-29725,TE,Levine,Levine Toilolo,Toilolo,1.183333317,6,4000,DEN@NYG,NYG,DEN,IR,Achilles,,,,TE/FLEX,,,,
62415-62505:MyCole Pruitt,62415-62505,TE,MyCole,MyCole Pruitt,Pruitt,5.079999924,5,4000,SF@DET,SF,DET,Q,Calf,,,,TE/FLEX,,,,
62415-64603:Farrod Green,62415-64603,TE,Farrod,Farrod Green,Green,0,1,4000,SEA@IND,IND,SEA,,,,,,TE/FLEX,,,,
62415-42077:James Winchester,62415-42077,TE,James,James Winchester,Winchester,0,1,4000,CLE@KC,KC,CLE,,,,,,TE/FLEX,,,,
62415-46177:David Wells,62415-46177,TE,David,David Wells,Wells,,,4000,MIA@NE,NE,MIA,,,,,,TE/FLEX,,,,
62415-46200:Daniel Brunskill,62415-46200,TE,Daniel,Daniel Brunskill,Brunskill,0,1,4000,SF@DET,SF,DET,,,,,,TE/FLEX,,,,
62415-58499:Parker Hesse,62415-58499,TE,Parker,Parker Hesse,Hesse,,,4000,PHI@ATL,ATL,PHI,,,,,,TE/FLEX,,,,
62415-54426:Andrew Beck,62415-54426,TE,Andrew,Andrew Beck,Beck,0,1,4000,DEN@NYG,DEN,NYG,,,,,,TE/FLEX,,,,
62415-9409:Clark Harris,62415-9409,TE,Clark,Clark Harris,Harris,0,1,4000,MIN@CIN,CIN,MIN,,,,,,TE/FLEX,,,,
62415-52461:Carson Meier,62415-52461,TE,Carson,Carson Meier,Meier,0,1,4000,MIA@NE,MIA,NE,,,,,,TE/FLEX,,,,
62415-130286:Ben Ellefson,62415-130286,TE,Ben,Ben Ellefson,Ellefson,0.875,4,4000,JAC@HOU,JAC,HOU,,,,,,TE/FLEX,,,,
62415-52468:Ethan Wolf,62415-52468,TE,Ethan,Ethan Wolf,Wolf,0,1,4000,GB@NO,NO,GB,Q,Ankle,,,,TE/FLEX,,,,
62415-64762:Nakia Griffin-Stewart,62415-64762,TE,Nakia,Nakia Griffin-Stewart,Griffin-Stewart,,,4000,DEN@NYG,NYG,DEN,,,,,,TE/FLEX,,,,
62415-62718:Daniel Brown,62415-62718,TE,Daniel,Daniel Brown,Brown,1.024999976,4,4000,NYJ@CAR,NYJ,CAR,Q,Hamstring,,,,TE/FLEX,,,,
62415-29956:Joshua Perkins,62415-29956,TE,Joshua,Joshua Perkins,Perkins,0,1,4000,SF@DET,SF,DET,,,,,,TE/FLEX,,,,
62415-83220:Nick Keizer,62415-83220,TE,Nick,Nick Keizer,Keizer,0.811111132,9,4000,CLE@KC,KC,CLE,,,,,,TE/FLEX,,,,
62415-34073:Ryan Griffin,62415-34073,TE,Ryan,Ryan Griffin,Griffin,2.620000076,5,4000,NYJ@CAR,NYJ,CAR,Q,Hamstring,,,,TE/FLEX,,,,
62415-60699:Kalif Jackson,62415-60699,TE,Kalif,Kalif Jackson,Jackson,,,4000,MIA@NE,MIA,NE,,,,,,TE/FLEX,,,,
62415-83226:Kevin Rader,62415-83226,TE,Kevin,Kevin Rader,Rader,0,2,4000,PIT@BUF,PIT,BUF,,,,,,TE/FLEX,,,,
62415-68895:Bruno Labelle,62415-68895,TE,Bruno,Bruno Labelle,Labelle,,,4000,ARI@TEN,ARI,TEN,IR,Undisclosed,,,,TE/FLEX,,,,
62415-66857:Jibri Blount,62415-66857,TE,Jibri,Jibri Blount,Blount,,,4000,MIA@NE,MIA,NE,,,,,,TE/FLEX,,,,
62415-138552:Connor Davis,62415-138552,TE,Connor,Connor Davis,Davis,0,1,4000,CLE@KC,CLE,KC,,,,,,TE/FLEX,,,,
62415-68975:Josh Pederson,62415-68975,TE,Josh,Josh Pederson,Pederson,,,4000,GB@NO,NO,GB,,,,,,TE/FLEX,,,,
62415-60791:Tommy Hudson,62415-60791,TE,Tommy,Tommy Hudson,Hudson,,,4000,ARI@TEN,TEN,ARI,,,,,,TE/FLEX,,,,
62415-87422:Dom Wood-Anderson,62415-87422,TE,Dom,Dom Wood-Anderson,Wood-Anderson,0,1,4000,SEA@IND,SEA,IND,,,,,,TE/FLEX,,,,
62415-71048:Thaddeus Moss,62415-71048,TE,Thaddeus,Thaddeus Moss,Moss,0,1,4000,MIN@CIN,CIN,MIN,,,,,,TE/FLEX,,,,
62415-73172:Jake Hausmann,62415-73172,TE,Jake,Jake Hausmann,Hausmann,,,4000,DEN@NYG,NYG,DEN,,,,,,TE/FLEX,,,,
62415-54746:Tyler Ott,62415-54746,TE,Tyler,Tyler Ott,Ott,0,1,4000,SEA@IND,SEA,IND,,,,,,TE/FLEX,,,,
62415-71143:Kylen Granson,62415-71143,TE,Kylen,Kylen Granson,Granson,,,4000,SEA@IND,IND,SEA,,,,,,TE/FLEX,,,,
62415-89588:Colby Parkinson,62415-89588,TE,Colby,Colby Parkinson,Parkinson,1.299999952,2,4000,SEA@IND,SEA,IND,Q,Foot,,,,TE/FLEX,,,,
62415-73266:Dylan Soehner,62415-73266,TE,Dylan,Dylan Soehner,Soehner,,,4000,GB@NO,NO,GB,IR,Undisclosed,,,,TE/FLEX,,,,
62415-46644:Paul Quessenberry,62415-46644,TE,Paul,Paul Quessenberry,Quessenberry,0,1,4000,JAC@HOU,HOU,JAC,,,,,,TE/FLEX,,,,
62415-69173:Hunter Kampmoyer,62415-69173,TE,Hunter,Hunter Kampmoyer,Kampmoyer,,,4000,LAC@WAS,LAC,WAS,,,,,,TE/FLEX,,,,
62415-60981:Charlie Heck,62415-60981,TE,Charlie,Charlie Heck,Heck,0.800000012,1,4000,JAC@HOU,HOU,JAC,,,,,,TE/FLEX,,,,
62415-60984:Jake Bargas,62415-60984,TE,Jake,Jake Bargas,Bargas,,,4000,MIN@CIN,MIN,CIN,,,,,,TE/FLEX,,,,
62415-30272:Colin Thompson,62415-30272,TE,Colin,Colin Thompson,Thompson,2.399999936,3,4000,NYJ@CAR,CAR,NYJ,,,,,,TE/FLEX,,,,
62415-104008:Stephen Carlson,62415-104008,TE,Stephen,Stephen Carlson,Carlson,0.449999988,8,4000,CLE@KC,CLE,KC,O,Knee,,,,TE/FLEX,,,,
62415-56947:Chris Myarick,62415-56947,TE,Chris,Chris Myarick,Myarick,0,1,4000,MIA@NE,MIA,NE,,,,,,TE/FLEX,,,,
62415-38528:Tyrone Swoopes,62415-38528,TE,Tyrone,Tyrone Swoopes,Swoopes,0,1,4000,LAC@WAS,WAS,LAC,IR,Undisclosed,,,,TE/FLEX,,,,
62415-87690:Sal Cannella,62415-87690,TE,Sal,Sal Cannella,Cannella,,,4000,MIA@NE,MIA,NE,,,,,,TE/FLEX,,,,
62415-65182:Mitchell Wilcox,62415-65182,TE,Mitchell,Mitchell Wilcox,Wilcox,0,1,4000,MIN@CIN,CIN,MIN,,,,,,TE/FLEX,,,,
62415-69326:Isaac Nauta,62415-69326,TE,Isaac,Isaac Nauta,Nauta,0.266666671,3,4000,GB@NO,GB,NO,,,,,,TE/FLEX,,,,
62415-63189:Hunter Thedford,62415-63189,TE,Hunter,Hunter Thedford,Thedford,,,4000,SF@DET,DET,SF,Q,Undisclosed,,,,TE/FLEX,,,,
62415-71386:Jordan Thomas,62415-71386,TE,Jordan,Jordan Thomas,Thomas,1.700000048,4,4000,SEA@IND,IND,SEA,,,,,,TE/FLEX,,,,
62415-61172:Tyler Davis,62415-61172,TE,Tyler,Tyler Davis,Davis,0,2,4000,JAC@HOU,JAC,HOU,,,,,,TE/FLEX,,,,
62415-95999:Charlie Taumoepeau,62415-95999,TE,Charlie,Charlie Taumoepeau,Taumoepeau,0,1,4000,SF@DET,DET,SF,,,,,,TE/FLEX,,,,
62415-65318:Daniel Crawford,62415-65318,TE,Daniel,Daniel Crawford,Crawford,,,4000,GB@NO,GB,NO,,,,,,TE/FLEX,,,,
62415-91945:Cam Sutton,62415-91945,TE,Cam,Cam Sutton,Sutton,0,2,4000,SEA@IND,SEA,IND,,,,,,TE/FLEX,,,,
62415-40746:Troy Fumagalli,62415-40746,TE,Troy,Troy Fumagalli,Fumagalli,2.571428571,7,4000,MIA@NE,NE,MIA,,,,,,TE/FLEX,,,,
62415-55099:Ian Bunting,62415-55099,TE,Ian,Ian Bunting,Bunting,0,1,4000,ARI@TEN,ARI,TEN,,,,,,TE/FLEX,,,,
62415-38722:Cethan Carter,62415-38722,TE,Cethan,Cethan Carter,Carter,1.114285742,7,4000,MIA@NE,MIA,NE,Q,Leg,,,,TE/FLEX,,,,
62415-69451:Jack Stoll,62415-69451,TE,Jack,Jack Stoll,Stoll,,,4000,PHI@ATL,PHI,ATL,,,,,,TE/FLEX,,,,
62415-63321:Rashod Berry,62415-63321,TE,Rashod,Rashod Berry,Berry,0,1,4000,MIA@NE,NE,MIA,,,,,,TE/FLEX,,,,
62415-69516:Miller Forristall,62415-69516,TE,Miller,Miller Forristall,Forristall,,,4000,ARI@TEN,TEN,ARI,,,,,,TE/FLEX,,,,
62415-38805:Marcus Baugh,62415-38805,TE,Marcus,Marcus Baugh,Baugh,0.349999994,2,4000,PIT@BUF,PIT,BUF,,,,,,TE/FLEX,,,,
62415-55209:Nate Becker,62415-55209,TE,Nate,Nate Becker,Becker,,,4000,PIT@BUF,BUF,PIT,,,,,,TE/FLEX,,,,
62415-65477:Giovanni Ricci,62415-65477,TE,Giovanni,Giovanni Ricci,Ricci,0,2,4000,NYJ@CAR,CAR,NYJ,,,,,,TE/FLEX,,,,
62415-65492:Dax Raymond,62415-65492,TE,Dax,Dax Raymond,Raymond,0,1,4000,PIT@BUF,PIT,BUF,Q,Undisclosed,,,,TE/FLEX,,,,
62415-14304:Luke Stocker,62415-14304,TE,Luke,Luke Stocker,Stocker,0.980000019,10,4000,ARI@TEN,TEN,ARI,,,,,,TE/FLEX,,,,
62415-57325:Jordan Franks,62415-57325,TE,Jordan,Jordan Franks,Franks,0,1,4000,CLE@KC,CLE,KC,,,,,,TE/FLEX,,,,
62415-104447:Jody Fortson,62415-104447,TE,Jody,Jody Fortson,Fortson,,,4000,CLE@KC,KC,CLE,,,,,,TE/FLEX,,,,
62415-12525:Atlanta Falcons,62415-12525,D,Atlanta,Atlanta Falcons,Falcons,4.5,16,3900,PHI@ATL,ATL,PHI,,,,,,DEF,,,,
62415-12554:Jacksonville Jaguars,62415-12554,D,Jacksonville,Jacksonville Jaguars,Jaguars,3.375,16,3900,JAC@HOU,JAC,HOU,,,,,,DEF,,,,
62415-12540:Minnesota Vikings,62415-12540,D,Minnesota,Minnesota Vikings,Vikings,3.8125,16,3800,MIN@CIN,MIN,CIN,,,,,,DEF,,,,
62415-12545:Philadelphia Eagles,62415-12545,D,Philadelphia,Philadelphia Eagles,Eagles,6.4375,16,3800,PHI@ATL,PHI,ATL,,,,,,DEF,,,,
62415-12542:New Orleans Saints,62415-12542,D,New Orleans,New Orleans Saints,Saints,7.277777778,18,3700,GB@NO,NO,GB,,,,,,DEF,,,,
62415-12543:New York Giants,62415-12543,D,New York,New York Giants,Giants,6.25,16,3700,DEN@NYG,NYG,DEN,,,,,,DEF,,,,
62415-12526:Buffalo Bills,62415-12526,D,Buffalo,Buffalo Bills,Bills,7.157894737,19,3600,PIT@BUF,BUF,PIT,,,,,,DEF,,,,
62415-12536:Kansas City Chiefs,62415-12536,D,Kansas City,Kansas City Chiefs,Chiefs,6.368421053,19,3600,CLE@KC,KC,CLE,,,,,,DEF,,,,
62415-12534:Tennessee Titans,62415-12534,D,Tennessee,Tennessee Titans,Titans,4.352941176,17,3500,ARI@TEN,TEN,ARI,,,,,,DEF,,,,
62415-12544:New York Jets,62415-12544,D,New York,New York Jets,Jets,4.1875,16,3500,NYJ@CAR,NYJ,CAR,,,,,,DEF,,,,
62415-12546:Arizona Cardinals,62415-12546,D,Arizona,Arizona Cardinals,Cardinals,6.9375,16,3400,ARI@TEN,ARI,TEN,,,,,,DEF,,,,
62415-12556:Houston Texans,62415-12556,D,Houston,Houston Texans,Texans,3,16,3400,JAC@HOU,HOU,JAC,,,,,,DEF,,,,
62415-12532:Detroit Lions,62415-12532,D,Detroit,Detroit Lions,Lions,2.1875,16,3300,SF@DET,DET,SF,,,,,,DEF,,,,
62415-12529:Cleveland Browns,62415-12529,D,Cleveland,Cleveland Browns,Browns,6.277777778,18,3100,CLE@KC,CLE,KC,,,,,,DEF,,,,
62415-12528:Cincinnati Bengals,62415-12528,D,Cincinnati,Cincinnati Bengals,Bengals,2.8125,16,3000,MIN@CIN,CIN,MIN,,,,,,DEF,,,,
