Player ID + Player Name,Id,Position,First Name,Nickname,Last Name,FPPG,Played,Salary,Game,Team,Opponent,Injury Indicator,Injury Details,Tier,,,Roster Position
64292-39280:Derrick Henry,64292-39280,RB,Derrick,Derrick Henry,Henry,26.95000076,2,9700,IND@TEN,TEN,IND,,,,,,RB/FLEX
64292-54140:Dalvin Cook,64292-54140,RB,Dalvin,Dalvin Cook,Cook,16.60000038,2,9500,SEA@MIN,MIN,SEA,,,,,,RB/FLEX
64292-63484:Kyler Murray,64292-63484,QB,Kyler,Kyler Murray,Murray,34.83000183,2,9000,ARI@JAC,ARI,JAC,,,,,,QB
64292-57439:Patrick Mahomes,64292-57439,QB,Patrick,Patrick Mahomes,Mahomes,29.14999962,2,8700,LAC@KC,KC,LAC,,,,,,QB
64292-53681:Tyreek Hill,64292-53681,WR,Tyreek,Tyreek Hill,Hill,18,2,8700,LAC@KC,KC,LAC,,,,,,WR/FLEX
64292-16606:DeAndre Hopkins,64292-16606,WR,DeAndre,DeAndre Hopkins,Hopkins,18.35000038,2,8500,ARI@JAC,ARI,JAC,,,,,,WR/FLEX
64292-33076:Travis Kelce,64292-33076,TE,Travis,Travis Kelce,Kelce,21.5,2,8500,LAC@KC,KC,LAC,,,,,,TE/FLEX
64292-22015:Russell Wilson,64292-22015,QB,Russell,Russell Wilson,Wilson,25.19000053,2,8400,SEA@MIN,SEA,MIN,,,,,,QB
64292-63115:Lamar Jackson,64292-63115,QB,Lamar,Lamar Jackson,Jackson,26.12999916,2,8400,BAL@DET,BAL,DET,,,,,,QB
64292-64555:Calvin Ridley,64292-64555,WR,Calvin,Calvin Ridley,Ridley,11.69999981,2,8100,ATL@NYG,ATL,NYG,,,,,,WR/FLEX
64292-27050:Tyler Lockett,64292-27050,WR,Tyler,Tyler Lockett,Lockett,25.89999962,2,8000,SEA@MIN,SEA,MIN,,,,,,WR/FLEX
64292-62239:Josh Allen,64292-62239,QB,Josh,Josh Allen,Allen,17.43000031,2,8000,WAS@BUF,BUF,WAS,,,,,,QB
64292-42104:Alvin Kamara,64292-42104,RB,Alvin,Alvin Kamara,Kamara,10.80000019,2,8000,NO@NE,NO,NE,,,,,,RB/FLEX
64292-79970:Cooper Kupp,64292-79970,WR,Cooper,Cooper Kupp,Kupp,26.29999924,2,7900,TB@LAR,LAR,TB,,,,,,WR/FLEX
64292-53562:Nick Chubb,64292-53562,RB,Nick,Nick Chubb,Chubb,18.70000076,2,7800,CHI@CLE,CLE,CHI,,,,,,RB/FLEX
64292-6498:Tom Brady,64292-6498,QB,Tom,Tom Brady,Brady,29.39999962,2,7800,TB@LAR,TB,LAR,,,,,,QB
64292-25079:Stefon Diggs,64292-25079,WR,Stefon,Stefon Diggs,Diggs,12.69999981,2,7700,WAS@BUF,BUF,WAS,,,,,,WR/FLEX
64292-64119:Chris Carson,64292-64119,RB,Chris,Chris Carson,Carson,13.14999962,2,7700,SEA@MIN,SEA,MIN,,,,,,RB/FLEX
64292-22038:Kirk Cousins,64292-22038,QB,Kirk,Kirk Cousins,Cousins,23.64999962,2,7700,SEA@MIN,MIN,SEA,,,,,,QB
64292-6654:Matthew Stafford,64292-6654,QB,Matthew,Matthew Stafford,Stafford,21.28000069,2,7600,TB@LAR,LAR,TB,,,,,,QB
64292-39716:Adam Thielen,64292-39716,WR,Adam,Adam Thielen,Thielen,19.29999924,2,7600,SEA@MIN,MIN,SEA,,,,,,WR/FLEX
64292-90575:Najee Harris,64292-90575,RB,Najee,Najee Harris,Harris,11,2,7500,CIN@PIT,PIT,CIN,,,,,,RB/FLEX
64292-69189:Justin Herbert,64292-69189,QB,Justin,Justin Herbert,Herbert,15.55000019,2,7500,LAC@KC,LAC,KC,,,,,,QB
64292-63519:Daniel Jones,64292-63519,QB,Daniel,Daniel Jones,Jones,25.42000008,2,7400,ATL@NYG,NYG,ATL,,,,,,QB
64292-25011:Darren Waller,64292-25011,TE,Darren,Darren Waller,Waller,15.25,2,7400,MIA@LV,LV,MIA,,,,,,TE/FLEX
64292-91598:D'Andre Swift,64292-91598,RB,D'Andre,D'Andre Swift,Swift,20.39999962,1,7400,BAL@DET,DET,BAL,,,,,,RB/FLEX
64292-85671:Justin Jefferson,64292-85671,WR,Justin,Justin Jefferson,Jefferson,12.77000046,2,7400,SEA@MIN,MIN,SEA,,,,,,WR/FLEX
64292-55635:Chris Godwin,64292-55635,WR,Chris,Chris Godwin,Godwin,16.60000038,2,7300,TB@LAR,TB,LAR,,,,,,WR/FLEX
64292-33259:Teddy Bridgewater,64292-33259,QB,Teddy,Teddy Bridgewater,Bridgewater,20.84000015,2,7300,NYJ@DEN,DEN,NYJ,,,,,,QB
64292-45859:Derek Carr,64292-45859,QB,Derek,Derek Carr,Carr,24.59000015,2,7200,MIA@LV,LV,MIA,Q,Ankle,,,,QB
64292-56250:Terry McLaurin,64292-56250,WR,Terry,Terry McLaurin,McLaurin,15.19999981,2,7200,WAS@BUF,WAS,BUF,,,,,,WR/FLEX
64292-72731:Josh Jacobs,64292-72731,RB,Josh,Josh Jacobs,Jacobs,16.5,1,7200,MIA@LV,LV,MIA,Q,Toe,,,,RB/FLEX
64292-73048:DK Metcalf,64292-73048,WR,DK,DK Metcalf,Metcalf,11.14999962,2,7200,SEA@MIN,SEA,MIN,,,,,,WR/FLEX
64292-6616:Matt Ryan,64292-6616,QB,Matt,Matt Ryan,Ryan,13.32999992,2,7100,ATL@NYG,ATL,NYG,,,,,,QB
64292-38435:Jared Goff,64292-38435,QB,Jared,Jared Goff,Goff,29.92000008,1,7100,BAL@DET,DET,BAL,,,,,,QB
64292-32384:Mike Evans,64292-32384,WR,Mike,Mike Evans,Evans,12.94999981,2,7100,TB@LAR,TB,LAR,,,,,,WR/FLEX
64292-80001:Austin Ekeler,64292-80001,RB,Austin,Austin Ekeler,Ekeler,14.85000038,2,7000,LAC@KC,LAC,KC,,,,,,RB/FLEX
64292-66008:Diontae Johnson,64292-66008,WR,Diontae,Diontae Johnson,Johnson,13.55000019,2,7000,CIN@PIT,PIT,CIN,Q,Knee,,,,WR/FLEX
64292-70324:Carson Wentz,64292-70324,QB,Carson,Carson Wentz,Wentz,18.45999908,2,7000,IND@TEN,IND,TEN,Q,Ankle,,,,QB
64292-21948:Ryan Tannehill,64292-21948,QB,Ryan,Ryan Tannehill,Tannehill,14.88000011,2,7000,IND@TEN,TEN,IND,,,,,,QB
64292-89675:Jonathan Taylor,64292-89675,RB,Jonathan,Jonathan Taylor,Taylor,10.19999981,2,7000,IND@TEN,IND,TEN,,,,,,RB/FLEX
64292-28643:Allen Robinson II,64292-28643,WR,Allen,Allen Robinson II,Robinson II,7.949999809,2,7000,CHI@CLE,CHI,CLE,,,,,,WR/FLEX
64292-57403:Courtland Sutton,64292-57403,WR,Courtland,Courtland Sutton,Sutton,11.14999962,2,6900,NYJ@DEN,DEN,NYJ,,,,,,WR/FLEX
64292-6589:Ben Roethlisberger,64292-6589,QB,Ben,Ben Roethlisberger,Roethlisberger,13.40999985,2,6900,CIN@PIT,PIT,CIN,,,,,,QB
64292-29253:Keenan Allen,64292-29253,WR,Keenan,Keenan Allen,Allen,13.64999962,2,6900,LAC@KC,LAC,KC,,,,,,WR/FLEX
64292-73273:David Montgomery,64292-73273,RB,David,David Montgomery,Montgomery,13.85000038,2,6900,CHI@CLE,CHI,CLE,,,,,,RB/FLEX
64292-53331:Taylor Heinicke,64292-53331,QB,Taylor,Taylor Heinicke,Heinicke,15.81000042,2,6800,WAS@BUF,WAS,BUF,,,,,,QB
64292-24849:Jameis Winston,64292-24849,QB,Jameis,Jameis Winston,Winston,19.97999954,2,6800,NO@NE,NO,NE,,,,,,QB
64292-41535:Baker Mayfield,64292-41535,QB,Baker,Baker Mayfield,Mayfield,16.07999992,2,6800,CHI@CLE,CLE,CHI,Q,Shoulder,,,,QB
64292-72846:A.J. Brown,64292-72846,WR,A.J.,A.J. Brown,Brown,9.350000381,2,6800,IND@TEN,TEN,IND,,,,,,WR/FLEX
64292-90572:Tua Tagovailoa,64292-90572,QB,Tua,Tua Tagovailoa,Tagovailoa,8.850000381,2,6700,MIA@LV,MIA,LV,Q,Ribs,,,,QB
64292-52442:Joe Mixon,64292-52442,RB,Joe,Joe Mixon,Mixon,15.30000019,2,6700,CIN@PIT,CIN,PIT,,,,,,RB/FLEX
64292-30231:Jacoby Brissett,64292-30231,QB,Jacoby,Jacoby Brissett,Brissett,3.480000019,2,6700,MIA@LV,MIA,LV,,,,,,QB
64292-63336:Joe Burrow,64292-63336,QB,Joe,Joe Burrow,Burrow,15.96000004,2,6700,CIN@PIT,CIN,PIT,,,,,,QB
64292-14190:Julio Jones,64292-14190,WR,Julio,Julio Jones,Jones,10.10000038,2,6700,IND@TEN,TEN,IND,,,,,,WR/FLEX
64292-86687:Marquise Brown,64292-86687,WR,Marquise,Marquise Brown,Brown,18.35000038,2,6600,BAL@DET,BAL,DET,,,,,,WR/FLEX
64292-83081:Chase Edmonds,64292-83081,RB,Chase,Chase Edmonds,Edmonds,11.30000019,2,6600,ARI@JAC,ARI,JAC,,,,,,RB/FLEX
64292-89951:Trevor Lawrence,64292-89951,QB,Trevor,Trevor Lawrence,Lawrence,15.44999981,2,6600,ARI@JAC,JAC,ARI,,,,,,QB
64292-90406:Zach Wilson,64292-90406,QB,Zach,Zach Wilson,Wilson,12.81000042,2,6500,NYJ@DEN,NYJ,DEN,,,,,,QB
64292-90584:Mac Jones,64292-90584,QB,Mac,Mac Jones,Jones,11.34000015,2,6500,NO@NE,NE,NO,,,,,,QB
64292-31360:Odell Beckham Jr.,64292-31360,WR,Odell,Odell Beckham Jr.,Beckham Jr.,10.75999996,7,6500,CHI@CLE,CLE,CHI,Q,Knee - acl,,,,WR/FLEX
64292-31394:Jarvis Landry,64292-31394,WR,Jarvis,Jarvis Landry,Landry,9.149999619,2,6500,CHI@CLE,CLE,CHI,Q,Knee - mcl,,,,WR/FLEX
64292-11460:Rob Gronkowski,64292-11460,TE,Rob,Rob Gronkowski,Gronkowski,21.45000076,2,6500,TB@LAR,TB,LAR,,,,,,TE/FLEX
64292-91591:Justin Fields,64292-91591,QB,Justin,Justin Fields,Fields,5.599999905,2,6500,CHI@CLE,CHI,CLE,,,,,,QB
64292-7659:Ryan Fitzpatrick,64292-7659,QB,Ryan,Ryan Fitzpatrick,Fitzpatrick,0.720000029,1,6500,WAS@BUF,WAS,BUF,IR,Hip,,,,QB
64292-69333:Jacob Eason,64292-69333,QB,Jacob,Jacob Eason,Eason,0,1,6500,IND@TEN,IND,TEN,,,,,,QB
64292-85741:Clyde Edwards-Helaire,64292-85741,RB,Clyde,Clyde Edwards-Helaire,Edwards-Helaire,5.650000095,2,6500,LAC@KC,KC,LAC,,,,,,RB/FLEX
64292-14225:Andy Dalton,64292-14225,QB,Andy,Andy Dalton,Dalton,7.639999866,2,6500,CHI@CLE,CHI,CLE,Q,Knee,,,,QB
64292-64051:Drew Lock,64292-64051,QB,Drew,Drew Lock,Lock,15.10153902,13,6400,NYJ@DEN,DEN,NYJ,,,,,,QB
64292-27477:Sterling Shepard,64292-27477,WR,Sterling,Sterling Shepard,Shepard,16.89999962,2,6400,ATL@NYG,NYG,ATL,,,,,,WR/FLEX
64292-60977:Ty'Son Williams,64292-60977,RB,Ty'Son,Ty'Son Williams,Williams,13.60000038,2,6400,BAL@DET,BAL,DET,,,,,,RB/FLEX
64292-38628:Mitchell Trubisky,64292-38628,QB,Mitchell,Mitchell Trubisky,Trubisky,-0.200000003,1,6400,WAS@BUF,BUF,WAS,,,,,,QB
64292-71706:T.J. Hockenson,64292-71706,TE,T.J.,T.J. Hockenson,Hockenson,21.70000076,1,6300,BAL@DET,DET,BAL,,,,,,TE/FLEX
64292-30761:Nathan Peterman,64292-30761,QB,Nathan,Nathan Peterman,Peterman,1.899999976,1,6300,MIA@LV,LV,MIA,,,,,,QB
64292-45565:Taysom Hill,64292-45565,QB,Taysom,Taysom Hill,Hill,0.910000026,2,6300,NO@NE,NO,NE,,,,,,QB
64292-70157:Darrell Henderson Jr.,64292-70157,RB,Darrell,Darrell Henderson Jr.,Henderson Jr.,15.44999981,2,6300,TB@LAR,LAR,TB,Q,Ribs,,,,RB/FLEX
64292-29358:Marcus Mariota,64292-29358,QB,Marcus,Marcus Mariota,Mariota,3.099999905,1,6300,MIA@LV,LV,MIA,IR,Quadriceps,,,,QB
64292-22103:Marvin Jones Jr.,64292-22103,WR,Marvin,Marvin Jones Jr.,Jones Jr.,15.35000038,2,6300,ARI@JAC,JAC,ARI,,,,,,WR/FLEX
64292-86080:Kyle Pitts,64292-86080,TE,Kyle,Kyle Pitts,Pitts,7.449999809,2,6200,ATL@NYG,ATL,NYG,,,,,,TE/FLEX
64292-31047:AJ McCarron,64292-31047,QB,AJ,AJ McCarron,McCarron,0.400000006,2,6200,ATL@NYG,ATL,NYG,IR,Knee - acl,,,,QB
64292-31170:Brandon Allen,64292-31170,QB,Brandon,Brandon Allen,Allen,8.950000127,6,6200,CIN@PIT,CIN,PIT,,,,,,QB
64292-22994:Case Keenum,64292-22994,QB,Case,Case Keenum,Keenum,1.840000033,1,6200,CHI@CLE,CLE,CHI,,,,,,QB
64292-64576:Damien Harris,64292-64576,RB,Damien,Damien Harris,Harris,11.80000019,2,6200,NO@NE,NE,NO,,,,,,RB/FLEX
64292-89981:Tee Higgins,64292-89981,WR,Tee,Tee Higgins,Higgins,13.39999962,2,6200,CIN@PIT,CIN,PIT,,,,,,WR/FLEX
64292-71705:Noah Fant,64292-71705,TE,Noah,Noah Fant,Fant,10.25,2,6100,NYJ@DEN,DEN,NYJ,,,,,,TE/FLEX
64292-70051:Tyler Huntley,64292-70051,QB,Tyler,Tyler Huntley,Huntley,2.125,4,6100,BAL@DET,BAL,DET,,,,,,QB
64292-53729:Mason Rudolph,64292-53729,QB,Mason,Mason Rudolph,Rudolph,4.840000153,4,6100,CIN@PIT,PIT,CIN,,,,,,QB
64292-8803:Chase Daniel,64292-8803,QB,Chase,Chase Daniel,Daniel,2.831999969,5,6100,LAC@KC,LAC,KC,,,,,,QB
64292-55987:JuJu Smith-Schuster,64292-55987,WR,JuJu,JuJu Smith-Schuster,Smith-Schuster,10.30000019,2,6100,CIN@PIT,PIT,CIN,,,,,,WR/FLEX
64292-90933:Antonio Gibson,64292-90933,RB,Antonio,Antonio Gibson,Gibson,9.300000191,2,6100,WAS@BUF,WAS,BUF,,,,,,RB/FLEX
64292-25410:Mike Glennon,64292-25410,QB,Mike,Mike Glennon,Glennon,9.36857169,7,6100,ATL@NYG,NYG,ATL,,,,,,QB
64292-56192:John Wolford,64292-56192,QB,John,John Wolford,Wolford,3.799999952,4,6100,TB@LAR,LAR,TB,,,,,,QB
64292-29685:Robert Woods,64292-29685,WR,Robert,Robert Woods,Woods,10.19999981,2,6100,TB@LAR,LAR,TB,,,,,,WR/FLEX
64292-38767:Chris Streveler,64292-38767,QB,Chris,Chris Streveler,Streveler,2.174999952,4,6100,ARI@JAC,ARI,JAC,,,,,,QB
64292-26483:Geno Smith,64292-26483,QB,Geno,Geno Smith,Smith,0.560000002,2,6100,SEA@MIN,SEA,MIN,,,,,,QB
64292-71710:Nate Stanley,64292-71710,QB,Nate,Nate Stanley,Stanley,,,6000,SEA@MIN,MIN,SEA,IR,Undisclosed,,,,QB
64292-71798:Anthony Gordon,64292-71798,QB,Anthony,Anthony Gordon,Gordon,0,1,6000,LAC@KC,KC,LAC,,,,,,QB
64292-63611:Kyle Shurmur,64292-63611,QB,Kyle,Kyle Shurmur,Shurmur,,,6000,WAS@BUF,WAS,BUF,,,,,,QB
64292-69769:Darius Bradwell,64292-69769,QB,Darius,Darius Bradwell,Bradwell,0,1,6000,LAC@KC,LAC,KC,,,,,,QB
64292-57537:DeShone Kizer,64292-57537,QB,DeShone,DeShone Kizer,Kizer,,,6000,IND@TEN,TEN,IND,,,,,,QB
64292-69833:Shane Buechele,64292-69833,QB,Shane,Shane Buechele,Buechele,,,6000,LAC@KC,KC,LAC,,,,,,QB
64292-45259:Logan Woodside,64292-45259,QB,Logan,Logan Woodside,Woodside,0.255999994,5,6000,IND@TEN,TEN,IND,,,,,,QB
64292-28900:Melvin Gordon III,64292-28900,RB,Melvin,Melvin Gordon III,Gordon III,13.60000038,2,6000,NYJ@DEN,DEN,NYJ,,,,,,RB/FLEX
64292-61751:Josh Thomas,64292-61751,QB,Josh,Josh Thomas,Thomas,,,6000,WAS@BUF,BUF,WAS,,,,,,QB
64292-149889:Kenji Bahar,64292-149889,QB,Kenji,Kenji Bahar,Bahar,,,6000,BAL@DET,BAL,DET,,,,,,QB
64292-92560:Sam Ehlinger,64292-92560,QB,Sam,Sam Ehlinger,Ehlinger,,,6000,IND@TEN,IND,TEN,IR,Knee,,,,QB
64292-88602:Jordan Ta'amu,64292-88602,QB,Jordan,Jordan Ta'amu,Ta'amu,,,6000,BAL@DET,DET,BAL,,,,,,QB
64292-61982:Tommy Stevens,64292-61982,QB,Tommy,Tommy Stevens,Stevens,2.400000095,1,6000,ATL@NYG,NYG,ATL,,,,,,QB
64292-94797:Kellen Mond,64292-94797,QB,Kellen,Kellen Mond,Mond,,,6000,SEA@MIN,MIN,SEA,,,,,,QB
64292-41562:Nick Mullens,64292-41562,QB,Nick,Nick Mullens,Mullens,11.66181807,11,6000,CHI@CLE,CLE,CHI,,,,,,QB
64292-64115:Steven Montez,64292-64115,QB,Steven,Steven Montez,Montez,0,1,6000,BAL@DET,DET,BAL,,,,,,QB
64292-29445:Sean Mannion,64292-29445,QB,Sean,Sean Mannion,Mannion,,,6000,SEA@MIN,MIN,SEA,,,,,,QB
64292-39795:Davis Webb,64292-39795,QB,Davis,Davis Webb,Webb,,,6000,WAS@BUF,BUF,WAS,,,,,,QB
64292-64401:Saquon Barkley,64292-64401,RB,Saquon,Saquon Barkley,Barkley,5.550000191,2,6000,ATL@NYG,NYG,ATL,,,,,,RB/FLEX
64292-39829:Mike Williams,64292-39829,WR,Mike,Mike Williams,Williams,18.39999962,2,6000,LAC@KC,LAC,KC,,,,,,WR/FLEX
64292-62364:Josh Rosen,64292-62364,QB,Josh,Josh Rosen,Rosen,0,1,6000,ATL@NYG,ATL,NYG,,,,,,QB
64292-29605:Matt Barkley,64292-29605,QB,Matt,Matt Barkley,Barkley,2.569999933,4,6000,IND@TEN,TEN,IND,,,,,,QB
64292-33702:Ryan Griffin,64292-33702,QB,Ryan,Ryan Griffin,Griffin,,,6000,TB@LAR,TB,LAR,,,,,,QB
64292-56286:Trace McSorley,64292-56286,QB,Trace,Trace McSorley,McSorley,3.100000064,3,6000,BAL@DET,BAL,DET,,,,,,QB
64292-62566:Travis Jonsen,64292-62566,QB,Travis,Travis Jonsen,Jonsen,,,6000,TB@LAR,TB,LAR,O,Undisclosed,,,,QB
64292-64637:Brian Lewerke,64292-64637,QB,Brian,Brian Lewerke,Lewerke,0,1,6000,ATL@NYG,NYG,ATL,,,,,,QB
64292-83079:Kyle Lauletta,64292-83079,QB,Kyle,Kyle Lauletta,Lauletta,,,6000,ARI@JAC,JAC,ARI,,,,,,QB
64292-52436:Mark Andrews,64292-52436,TE,Mark,Mark Andrews,Andrews,5.849999905,2,6000,BAL@DET,BAL,DET,,,,,,TE/FLEX
64292-29915:Brett Hundley,64292-29915,QB,Brett,Brett Hundley,Hundley,0,2,6000,IND@TEN,IND,TEN,,,,,,QB
64292-130269:Reid Sinnett,64292-130269,QB,Reid,Reid Sinnett,Sinnett,0,1,6000,MIA@LV,MIA,LV,,,,,,QB
64292-54507:Alex McGough,64292-54507,QB,Alex,Alex McGough,McGough,,,6000,SEA@MIN,SEA,MIN,,,,,,QB
64292-11500:Colt McCoy,64292-11500,QB,Colt,Colt McCoy,McCoy,3.840000153,5,6000,ARI@JAC,ARI,JAC,,,,,,QB
64292-130334:Jalen Morton,64292-130334,QB,Jalen,Jalen Morton,Morton,,,6000,IND@TEN,IND,TEN,,,,,,QB
64292-130337:Case Cookus,64292-130337,QB,Case,Case Cookus,Cookus,0,1,6000,MIA@LV,LV,MIA,,,,,,QB
64292-27986:C.J. Beathard,64292-27986,QB,C.J.,C.J. Beathard,Beathard,7.468571254,7,6000,ARI@JAC,JAC,ARI,,,,,,QB
64292-11612:Antonio Brown,64292-11612,WR,Antonio,Antonio Brown,Brown,11.69999981,2,6000,TB@LAR,TB,LAR,,,,,,WR/FLEX
64292-60787:Bryce Perkins,64292-60787,QB,Bryce,Bryce Perkins,Perkins,0,2,6000,TB@LAR,LAR,TB,,,,,,QB
64292-52606:David Blough,64292-52606,QB,David,David Blough,Blough,1.379999995,2,6000,BAL@DET,DET,BAL,,,,,,QB
64292-103824:Easton Stick,64292-103824,QB,Easton,Easton Stick,Stick,-0.039999999,1,6000,LAC@KC,LAC,KC,,,,,,QB
64292-32158:Garrett Gilbert,64292-32158,QB,Garrett,Garrett Gilbert,Gilbert,7.760000229,2,6000,NO@NE,NE,NO,,,,,,QB
64292-73118:Ian Book,64292-73118,QB,Ian,Ian Book,Book,,,6000,NO@NE,NO,NE,,,,,,QB
64292-60840:Jake Browning,64292-60840,QB,Jake,Jake Browning,Browning,,,6000,CIN@PIT,CIN,PIT,,,,,,QB
64292-40407:Josh Dobbs,64292-40407,QB,Josh,Josh Dobbs,Dobbs,1.039999962,2,6000,CIN@PIT,PIT,CIN,IR,Toe,,,,QB
64292-73183:Dwayne Haskins Jr.,64292-73183,QB,Dwayne,Dwayne Haskins Jr.,Haskins Jr.,9.395000458,8,6000,CIN@PIT,PIT,CIN,,,,,,QB
64292-91639:Jake Fromm,64292-91639,QB,Jake,Jake Fromm,Fromm,,,6000,WAS@BUF,BUF,WAS,,,,,,QB
64292-22027:Nick Foles,64292-22027,QB,Nick,Nick Foles,Foles,12.46444448,9,6000,CHI@CLE,CHI,CLE,,,,,,QB
64292-60947:Jarrett Stidham,64292-60947,QB,Jarrett,Jarrett Stidham,Stidham,2.656666597,6,6000,NO@NE,NE,NO,NA,Back,,,,QB
64292-40482:Tim Boyle,64292-40482,QB,Tim,Tim Boyle,Boyle,-0.112499997,8,6000,BAL@DET,DET,BAL,IR,Thumb,,,,QB
64292-61042:Kendall Hinton,64292-61042,QB,Kendall,Kendall Hinton,Hinton,2,1,6000,NYJ@DEN,DEN,NYJ,,,,,,QB
64292-95893:Devlin Hodges,64292-95893,QB,Devlin,Devlin Hodges,Hodges,0,1,6000,TB@LAR,LAR,TB,,,,,,QB
64292-7844:Chad Henne,64292-7844,QB,Chad,Chad Henne,Henne,6.639999866,4,6000,LAC@KC,KC,LAC,,,,,,QB
64292-69302:Feleipe Franks,64292-69302,QB,Feleipe,Feleipe Franks,Franks,,,6000,ATL@NYG,ATL,NYG,,,,,,QB
64292-69304:Kyle Trask,64292-69304,QB,Kyle,Kyle Trask,Trask,,,6000,TB@LAR,TB,LAR,,,,,,QB
64292-7872:Brian Hoyer,64292-7872,QB,Brian,Brian Hoyer,Hoyer,1.5,2,6000,NO@NE,NE,NO,,,,,,QB
64292-52929:Jake Luton,64292-52929,QB,Jake,Jake Luton,Luton,6.851999664,5,6000,SEA@MIN,SEA,MIN,,,,,,QB
64292-61157:Brett Rypien,64292-61157,QB,Brett,Brett Rypien,Rypien,5.100000064,3,6000,NYJ@DEN,DEN,NYJ,,,,,,QB
64292-28434:Trevor Siemian,64292-28434,QB,Trevor,Trevor Siemian,Siemian,,,6000,NO@NE,NO,NE,,,,,,QB
64292-53095:Kyle Allen,64292-53095,QB,Kyle,Kyle Allen,Allen,11.5,4,6000,WAS@BUF,WAS,BUF,,,,,,QB
64292-14185:Cam Newton,64292-14185,QB,Cam,Cam Newton,Newton,17.9986674,15,6000,NO@NE,NE,NO,,,,,,QB
64292-55148:Clayton Thorson,64292-55148,QB,Clayton,Clayton Thorson,Thorson,0,1,6000,ATL@NYG,NYG,ATL,Q,Concussion,,,,QB
64292-14194:Blaine Gabbert,64292-14194,QB,Blaine,Blaine Gabbert,Gabbert,-0.300000012,1,6000,TB@LAR,TB,LAR,,,,,,QB
64292-28573:Michael Thomas,64292-28573,WR,Michael,Michael Thomas,Thomas,8.855555216,9,6000,NO@NE,NO,NE,IR,Ankle,,,,WR/FLEX
64292-38837:Danny Etling,64292-38837,QB,Danny,Danny Etling,Etling,0,1,6000,SEA@MIN,MIN,SEA,,,,,,QB
64292-71672:KJ Costello,64292-71672,QB,KJ,KJ Costello,Costello,,,6000,LAC@KC,LAC,KC,,,,,,QB
64292-30733:Cordarrelle Patterson,64292-30733,WR/RB,Cordarrelle,Cordarrelle Patterson,Patterson,14.55000019,2,5900,ATL@NYG,ATL,NYG,,,,,,RB/WR/FLEX
64292-45439:Corey Davis,64292-45439,WR,Corey,Corey Davis,Davis,13,2,5900,NYJ@DEN,NYJ,DEN,,,,,,WR/FLEX
64292-70603:Devin Singletary,64292-70603,RB,Devin,Devin Singletary,Singletary,12.80000019,2,5900,WAS@BUF,BUF,WAS,,,,,,RB/FLEX
64292-60930:Myles Gaskin,64292-60930,RB,Myles,Myles Gaskin,Gaskin,8.350000381,2,5900,MIA@LV,MIA,LV,,,,,,RB/FLEX
64292-85701:Ja'Marr Chase,64292-85701,WR,Ja'Marr,Ja'Marr Chase,Chase,15.39999962,2,5900,CIN@PIT,CIN,PIT,,,,,,WR/FLEX
64292-57091:Tim Patrick,64292-57091,WR,Tim,Tim Patrick,Patrick,11.55000019,2,5900,NYJ@DEN,DEN,NYJ,,,,,,WR/FLEX
64292-93541:Javonte Williams,64292-93541,RB,Javonte,Javonte Williams,Williams,6.25,2,5800,NYJ@DEN,DEN,NYJ,,,,,,RB/FLEX
64292-73111:Chase Claypool,64292-73111,WR,Chase,Chase Claypool,Claypool,8.350000381,2,5800,CIN@PIT,PIT,CIN,,,,,,WR/FLEX
64292-52917:DJ Chark Jr.,64292-52917,WR,DJ,DJ Chark Jr.,Chark Jr.,9.25,2,5800,ARI@JAC,JAC,ARI,,,,,,WR/FLEX
64292-52922:Leonard Fournette,64292-52922,RB,Leonard,Leonard Fournette,Fournette,9,2,5800,TB@LAR,TB,LAR,,,,,,RB/FLEX
64292-24641:Sammy Watkins,64292-24641,WR,Sammy,Sammy Watkins,Watkins,9,2,5700,BAL@DET,BAL,DET,,,,,,WR/FLEX
64292-30989:Kenyan Drake,64292-30989,RB,Kenyan,Kenyan Drake,Drake,8.75,2,5700,MIA@LV,LV,MIA,,,,,,RB/FLEX
64292-53640:Sony Michel,64292-53640,RB,Sony,Sony Michel,Michel,2.400000095,2,5700,TB@LAR,LAR,TB,,,,,,RB/FLEX
64292-33260:DeVante Parker,64292-33260,WR,DeVante,DeVante Parker,Parker,8.399999619,2,5700,MIA@LV,MIA,LV,,,,,,WR/FLEX
64292-60858:Christian Kirk,64292-60858,WR,Christian,Christian Kirk,Kirk,14.75,2,5700,ARI@JAC,ARI,JAC,,,,,,WR/FLEX
64292-26355:Logan Thomas,64292-26355,TE,Logan,Logan Thomas,Thomas,8.75,2,5700,WAS@BUF,WAS,BUF,,,,,,TE/FLEX
64292-30635:Mike Davis,64292-30635,RB,Mike,Mike Davis,Davis,9.25,2,5700,ATL@NYG,ATL,NYG,,,,,,RB/FLEX
64292-69777:Darnell Mooney,64292-69777,WR,Darnell,Darnell Mooney,Mooney,7.349999905,2,5600,CHI@CLE,CHI,CLE,,,,,,WR/FLEX
64292-45229:Kareem Hunt,64292-45229,RB,Kareem,Kareem Hunt,Hunt,10.69999981,2,5600,CHI@CLE,CLE,CHI,,,,,,RB/FLEX
64292-90537:Henry Ruggs III,64292-90537,WR,Henry,Henry Ruggs III,Ruggs III,12.80000019,2,5600,MIA@LV,LV,MIA,,,,,,WR/FLEX
64292-45631:Jamaal Williams,64292-45631,RB,Jamaal,Jamaal Williams,Williams,21,1,5600,BAL@DET,DET,BAL,,,,,,RB/FLEX
64292-56265:Mike Gesicki,64292-56265,TE,Mike,Mike Gesicki,Gesicki,2.799999952,2,5600,MIA@LV,MIA,LV,,,,,,TE/FLEX
64292-54244:Kenny Golladay,64292-54244,WR,Kenny,Kenny Golladay,Golladay,6.849999905,2,5600,ATL@NYG,NYG,ATL,,,,,,WR/FLEX
64292-29683:Nelson Agholor,64292-29683,WR,Nelson,Nelson Agholor,Agholor,9.649999619,2,5600,NO@NE,NE,NO,,,,,,WR/FLEX
64292-93408:Rondale Moore,64292-93408,WR,Rondale,Rondale Moore,Moore,14.85000038,2,5600,ARI@JAC,ARI,JAC,,,,,,WR/FLEX
64292-69213:Michael Pittman Jr.,64292-69213,WR,Michael,Michael Pittman Jr.,Pittman Jr.,10.35000038,2,5600,IND@TEN,IND,TEN,,,,,,WR/FLEX
64292-40669:Tyler Boyd,64292-40669,WR,Tyler,Tyler Boyd,Boyd,7.75,2,5600,CIN@PIT,CIN,PIT,,,,,,WR/FLEX
64292-40857:Peyton Barber,64292-40857,RB,Peyton,Peyton Barber,Barber,3.200000048,1,5600,MIA@LV,LV,MIA,,,,,,RB/FLEX
64292-24755:Jamison Crowder,64292-24755,WR,Jamison,Jamison Crowder,Crowder,11.87666702,12,5500,NYJ@DEN,NYJ,DEN,Q,Groin,,,,WR/FLEX
64292-90573:Jaylen Waddle,64292-90573,WR,Jaylen,Jaylen Waddle,Waddle,9.949999809,2,5500,MIA@LV,MIA,LV,,,,,,WR/FLEX
64292-47870:Tyler Higbee,64292-47870,TE,Tyler,Tyler Higbee,Higbee,5.300000191,2,5500,TB@LAR,LAR,TB,,,,,,TE/FLEX
64292-42028:Will Fuller V,64292-42028,WR,Will,Will Fuller V,Fuller V,14.76363581,11,5500,MIA@LV,MIA,LV,,,,,,WR/FLEX
64292-62535:Tyrell Williams,64292-62535,WR,Tyrell,Tyrell Williams,Williams,2.400000095,1,5500,BAL@DET,DET,BAL,NA,Concussion,,,,WR/FLEX
64292-130288:James Robinson,64292-130288,RB,James,James Robinson,Robinson,7.400000095,2,5500,ARI@JAC,JAC,ARI,,,,,,RB/FLEX
64292-91426:Donovan Peoples-Jones,64292-91426,WR,Donovan,Donovan Peoples-Jones,Peoples-Jones,0.400000006,2,5500,CHI@CLE,CLE,CHI,,,,,,WR/FLEX
64292-34331:Latavius Murray,64292-34331,RB,Latavius,Latavius Murray,Murray,9.199999809,2,5500,BAL@DET,BAL,DET,,,,,,RB/FLEX
64292-14187:A.J. Green,64292-14187,WR,A.J.,A.J. Green,Green,7.699999809,2,5500,ARI@JAC,ARI,JAC,,,,,,WR/FLEX
64292-57342:Tre'Quan Smith,64292-57342,WR,Tre'Quan,Tre'Quan Smith,Smith,7.721428462,14,5500,NO@NE,NO,NE,IR,Hamstring,,,,WR/FLEX
64292-28930:James White,64292-28930,RB,James,James White,White,12.30000019,2,5400,NO@NE,NE,NO,,,,,,RB/FLEX
64292-63819:Darius Slayton,64292-63819,WR,Darius,Darius Slayton,Slayton,10.44999981,2,5400,ATL@NYG,NYG,ATL,,,,,,WR/FLEX
64292-70027:Zack Moss,64292-70027,RB,Zack,Zack Moss,Moss,14.39999962,1,5400,WAS@BUF,BUF,WAS,,,,,,RB/FLEX
64292-64585:Dawson Knox,64292-64585,TE,Dawson,Dawson Knox,Knox,7.400000095,2,5400,WAS@BUF,BUF,WAS,,,,,,TE/FLEX
64292-71246:Marquez Callaway,64292-71246,WR,Marquez,Marquez Callaway,Callaway,1.850000024,2,5400,NO@NE,NO,NE,,,,,,WR/FLEX
64292-71352:Mecole Hardman,64292-71352,WR,Mecole,Mecole Hardman,Hardman,5.699999809,2,5400,LAC@KC,KC,LAC,,,,,,WR/FLEX
64292-22288:Cole Beasley,64292-22288,WR,Cole,Cole Beasley,Beasley,7.800000191,2,5400,WAS@BUF,BUF,WAS,,,,,,WR/FLEX
64292-87859:Laviska Shenault Jr.,64292-87859,WR,Laviska,Laviska Shenault Jr.,Shenault Jr.,5.050000191,2,5400,ARI@JAC,JAC,ARI,Q,Shoulder,,,,WR/FLEX
64292-53390:Zach Pascal,64292-53390,WR,Zach,Zach Pascal,Pascal,15.30000019,2,5300,IND@TEN,IND,TEN,,,,,,WR/FLEX
64292-63634:Jakobi Meyers,64292-63634,WR,Jakobi,Jakobi Meyers,Meyers,6.599999905,2,5300,NO@NE,NE,NO,,,,,,WR/FLEX
64292-71957:Quintez Cephus,64292-71957,WR,Quintez,Quintez Cephus,Cephus,10.69999981,1,5300,BAL@DET,DET,BAL,,,,,,WR/FLEX
64292-43334:J.D. McKissic,64292-43334,RB,J.D.,J.D. McKissic,McKissic,9.300000191,2,5300,WAS@BUF,WAS,BUF,,,,,,RB/FLEX
64292-45791:Rashard Higgins,64292-45791,WR,Rashard,Rashard Higgins,Higgins,3.700000048,1,5300,CHI@CLE,CLE,CHI,,,,,,WR/FLEX
64292-40126:Austin Hooper,64292-40126,TE,Austin,Austin Hooper,Hooper,5.349999905,2,5300,CHI@CLE,CLE,CHI,,,,,,TE/FLEX
64292-7761:Jared Cook,64292-7761,TE,Jared,Jared Cook,Cook,6.199999809,2,5300,LAC@KC,LAC,KC,,,,,,TE/FLEX
64292-40687:James Conner,64292-40687,RB,James,James Conner,Conner,3.950000048,2,5300,ARI@JAC,ARI,JAC,,,,,,RB/FLEX
64292-63625:Nyheim Hines,64292-63625,RB,Nyheim,Nyheim Hines,Hines,6.949999809,2,5200,IND@TEN,IND,TEN,,,,,,RB/FLEX
64292-86192:KJ Hamler,64292-86192,WR,KJ,KJ Hamler,Hamler,3.299999952,2,5200,NYJ@DEN,DEN,NYJ,,,,,,WR/FLEX
64292-48116:Jonnu Smith,64292-48116,TE,Jonnu,Jonnu Smith,Smith,6.050000191,2,5200,NO@NE,NE,NO,,,,,,TE/FLEX
64292-72776:Alexander Mattison,64292-72776,RB,Alexander,Alexander Mattison,Mattison,2.200000048,2,5200,SEA@MIN,MIN,SEA,,,,,,RB/FLEX
64292-11505:Emmanuel Sanders,64292-11505,WR,Emmanuel,Emmanuel Sanders,Sanders,6.5,2,5200,WAS@BUF,BUF,WAS,,,,,,WR/FLEX
64292-52916:Russell Gage,64292-52916,WR,Russell,Russell Gage,Gage,2.650000095,2,5200,ATL@NYG,ATL,NYG,,,,,,WR/FLEX
64292-104176:Deonte Harris,64292-104176,WR,Deonte,Deonte Harris,Harris,7.849999905,2,5200,NO@NE,NO,NE,,,,,,WR/FLEX
64292-63855:K.J. Osborn,64292-63855,WR,K.J.,K.J. Osborn,Osborn,14.35000038,2,5100,SEA@MIN,MIN,SEA,,,,,,WR/FLEX
64292-88575:Elijah Moore,64292-88575,WR,Elijah,Elijah Moore,Moore,3.450000048,2,5100,NYJ@DEN,NYJ,DEN,,,,,,WR/FLEX
64292-57986:Hunter Renfrow,64292-57986,WR,Hunter,Hunter Renfrow,Renfrow,9.100000381,2,5100,MIA@LV,LV,MIA,,,,,,WR/FLEX
64292-39580:Devontae Booker,64292-39580,RB,Devontae,Devontae Booker,Booker,1.700000048,2,5100,ATL@NYG,NYG,ATL,,,,,,RB/FLEX
64292-70422:Kalif Raymond,64292-70422,WR,Kalif,Kalif Raymond,Raymond,7.400000095,1,5100,BAL@DET,DET,BAL,,,,,,WR/FLEX
64292-41872:Evan Engram,64292-41872,TE,Evan,Evan Engram,Engram,6.84375,16,5100,ATL@NYG,NYG,ATL,Q,Calf,,,,TE/FLEX
64292-63050:Ty Johnson,64292-63050,RB,Ty,Ty Johnson,Johnson,4.050000191,2,5100,NYJ@DEN,NYJ,DEN,,,,,,RB/FLEX
64292-69276:Bryan Edwards,64292-69276,WR,Bryan,Bryan Edwards,Edwards,7.800000191,2,5100,MIA@LV,LV,MIA,,,,,,WR/FLEX
64292-28473:Carlos Hyde,64292-28473,RB,Carlos,Carlos Hyde,Hyde,3.75,2,5100,ARI@JAC,JAC,ARI,,,,,,RB/FLEX
64292-55335:David Njoku,64292-55335,TE,David,David Njoku,Njoku,5.949999809,2,5000,CHI@CLE,CLE,CHI,,,,,,TE/FLEX
64292-63591:Ronald Jones II,64292-63591,RB,Ronald,Ronald Jones II,Jones II,1.75,2,5000,TB@LAR,TB,LAR,,,,,,RB/FLEX
64292-12531:Denver Broncos,64292-12531,D,Denver,Denver Broncos,Broncos,8.5,2,5000,NYJ@DEN,DEN,NYJ,,,,,,DEF
64292-24920:Devonta Freeman,64292-24920,RB,Devonta,Devonta Freeman,Freeman,2.900000095,1,5000,BAL@DET,BAL,DET,,,,,,RB/FLEX
64292-70133:Jake Funk,64292-70133,RB,Jake,Jake Funk,Funk,0,1,5000,TB@LAR,LAR,TB,,,,,,RB/FLEX
64292-6739:DeSean Jackson,64292-6739,WR,DeSean,DeSean Jackson,Jackson,3.099999905,1,5000,TB@LAR,LAR,TB,,,,,,WR/FLEX
64292-86997:Amon-Ra St. Brown,64292-86997,WR,Amon-Ra,Amon-Ra St. Brown,St. Brown,3.299999952,1,5000,BAL@DET,DET,BAL,,,,,,WR/FLEX
64292-52613:Curtis Samuel,64292-52613,WR,Curtis,Curtis Samuel,Samuel,10.85000038,16,5000,WAS@BUF,WAS,BUF,IR,Groin,,,,WR/FLEX
64292-64949:Ja'Marcus Bradley,64292-64949,WR,Ja'Marcus,Ja'Marcus Bradley,Bradley,4.25,2,5000,CHI@CLE,CLE,CHI,,,,,,WR/FLEX
64292-22031:T.Y. Hilton,64292-22031,WR,T.Y.,T.Y. Hilton,Hilton,8.774999619,16,5000,IND@TEN,IND,TEN,IR,Neck,,,,WR/FLEX
64292-28181:Le'Veon Bell,64292-28181,RB,Le'Veon,Le'Veon Bell,Bell,5.169230534,13,5000,BAL@DET,BAL,DET,,,,,,RB/FLEX
64292-69168:N'Keal Harry,64292-69168,WR,N'Keal,N'Keal Harry,Harry,4.415384733,13,5000,NO@NE,NE,NO,IR,Shoulder,,,,WR/FLEX
64292-52897:Darrel Williams,64292-52897,RB,Darrel,Darrel Williams,Williams,3.099999905,2,5000,LAC@KC,KC,LAC,,,,,,RB/FLEX
64292-69303:Freddie Swain,64292-69303,WR,Freddie,Freddie Swain,Swain,9.5,2,5000,SEA@MIN,SEA,MIN,,,,,,WR/FLEX
64292-40845:Hunter Henry,64292-40845,TE,Hunter,Hunter Henry,Henry,4.900000095,2,5000,NO@NE,NE,NO,,,,,,TE/FLEX
64292-57299:Gerald Everett,64292-57299,TE,Gerald,Gerald Everett,Everett,4.900000095,2,5000,SEA@MIN,SEA,MIN,,,,,,TE/FLEX
64292-24671:Adam Humphries,64292-24671,WR,Adam,Adam Humphries,Humphries,4.949999809,2,4900,WAS@BUF,WAS,BUF,,,,,,WR/FLEX
64292-94534:Gabriel Davis,64292-94534,WR,Gabriel,Gabriel Davis,Davis,11,1,4900,WAS@BUF,BUF,WAS,,,,,,WR/FLEX
64292-41305:Zay Jones,64292-41305,WR,Zay,Zay Jones,Jones,11.60000038,1,4900,MIA@LV,LV,MIA,,,,,,WR/FLEX
64292-55748:James Washington,64292-55748,WR,James,James Washington,Washington,1,2,4900,CIN@PIT,PIT,CIN,,,,,,WR/FLEX
64292-64031:Hayden Hurst,64292-64031,TE,Hayden,Hayden Hurst,Hurst,2.950000048,2,4900,ATL@NYG,ATL,NYG,,,,,,TE/FLEX
64292-94936:Larry Rountree III,64292-94936,RB,Larry,Larry Rountree III,Rountree III,1.5,2,4900,LAC@KC,LAC,KC,,,,,,RB/FLEX
64292-86780:Salvon Ahmed,64292-86780,RB,Salvon,Salvon Ahmed,Ahmed,2.75,2,4900,MIA@LV,MIA,LV,,,,,,RB/FLEX
64292-27441:Damien Williams,64292-27441,RB,Damien,Damien Williams,Williams,3.700000048,2,4900,CHI@CLE,CHI,CLE,,,,,,RB/FLEX
64292-91047:Cole Kmet,64292-91047,TE,Cole,Cole Kmet,Kmet,3.599999905,2,4900,CHI@CLE,CHI,CLE,,,,,,TE/FLEX
64292-70601:Harrison Bryant,64292-70601,TE,Harrison,Harrison Bryant,Bryant,4.550000191,2,4900,CHI@CLE,CLE,CHI,,,,,,TE/FLEX
64292-64581:Van Jefferson Jr.,64292-64581,WR,Van,Van Jefferson Jr.,Jefferson Jr.,8.449999809,2,4900,TB@LAR,LAR,TB,,,,,,WR/FLEX
64292-70859:Albert Okwuegbunam,64292-70859,TE,Albert,Albert Okwuegbunam,Okwuegbunam,5.75,2,4900,NYJ@DEN,DEN,NYJ,,,,,,TE/FLEX
64292-52495:Braxton Berrios,64292-52495,WR,Braxton,Braxton Berrios,Berrios,9.199999809,2,4900,NYJ@DEN,NYJ,DEN,,,,,,WR/FLEX
64292-93539:Michael Carter,64292-93539,RB,Michael,Michael Carter,Carter,6.150000095,2,4900,NYJ@DEN,NYJ,DEN,,,,,,RB/FLEX
64292-71032:Devin Duvernay,64292-71032,WR,Devin,Devin Duvernay,Duvernay,3.549999952,2,4900,BAL@DET,BAL,DET,,,,,,WR/FLEX
64292-87418:Joshua Palmer,64292-87418,WR,Joshua,Joshua Palmer,Palmer,2.650000095,2,4900,LAC@KC,LAC,KC,,,,,,WR/FLEX
64292-69295:Byron Pringle,64292-69295,WR,Byron,Byron Pringle,Pringle,7.199999809,2,4900,LAC@KC,KC,LAC,,,,,,WR/FLEX
64292-12547:Pittsburgh Steelers,64292-12547,D,Pittsburgh,Pittsburgh Steelers,Steelers,8,2,4800,CIN@PIT,PIT,CIN,,,,,,DEF
64292-31207:C.J. Uzomah,64292-31207,TE,C.J.,C.J. Uzomah,Uzomah,2.950000048,2,4800,CIN@PIT,CIN,PIT,,,,,,TE/FLEX
64292-72182:Dee Eskridge,64292-72182,WR,Dee,Dee Eskridge,Eskridge,3.299999952,1,4800,SEA@MIN,SEA,MIN,Q,Concussion,,,,WR/FLEX
64292-70282:Demetric Felton,64292-70282,RB,Demetric,Demetric Felton,Felton,6.050000191,2,4800,CHI@CLE,CLE,CHI,,,,,,RB/FLEX
64292-72453:Denzel Mims,64292-72453,WR,Denzel,Denzel Mims,Mims,4.5,1,4800,NYJ@DEN,NYJ,DEN,,,,,,WR/FLEX
64292-39859:Jack Doyle,64292-39859,TE,Jack,Jack Doyle,Doyle,7.25,2,4800,IND@TEN,IND,TEN,,,,,,TE/FLEX
64292-111540:Rhamondre Stevenson,64292-111540,RB,Rhamondre,Rhamondre Stevenson,Stevenson,-0.400000006,1,4800,NO@NE,NE,NO,,,,,,RB/FLEX
64292-56262:Parris Campbell,64292-56262,WR,Parris,Parris Campbell,Campbell,2.900000095,1,4800,IND@TEN,IND,TEN,Q,Abdomen,,,,WR/FLEX
64292-27776:Tevin Coleman,64292-27776,RB,Tevin,Tevin Coleman,Coleman,2.400000095,2,4800,NYJ@DEN,NYJ,DEN,,,,,,RB/FLEX
64292-64808:Juwan Johnson,64292-64808,TE,Juwan,Juwan Johnson,Johnson,9.199999809,2,4800,NO@NE,NO,NE,,,,,,TE/FLEX
64292-93538:Dyami Brown,64292-93538,WR,Dyami,Dyami Brown,Brown,2.599999905,2,4800,WAS@BUF,WAS,BUF,,,,,,WR/FLEX
64292-73121:Tony Jones Jr.,64292-73121,RB,Tony,Tony Jones Jr.,Jones Jr.,3.25,2,4800,NO@NE,NO,NE,,,,,,RB/FLEX
64292-44449:Willie Snead IV,64292-44449,WR,Willie,Willie Snead IV,Snead IV,0.949999988,2,4800,MIA@LV,LV,MIA,,,,,,WR/FLEX
64292-32234:Malcolm Brown,64292-32234,RB,Malcolm,Malcolm Brown,Brown,1.850000024,2,4800,MIA@LV,MIA,LV,,,,,,RB/FLEX
64292-34295:Breshad Perriman,64292-34295,WR,Breshad,Breshad Perriman,Perriman,7.008333206,12,4800,CHI@CLE,CHI,CLE,,,,,,WR/FLEX
64292-62967:Preston Williams,64292-62967,WR,Preston,Preston Williams,Williams,0.699999988,1,4800,MIA@LV,MIA,LV,,,,,,WR/FLEX
64292-87662:Anthony Schwartz,64292-87662,WR,Anthony,Anthony Schwartz,Schwartz,5.050000191,2,4800,CHI@CLE,CLE,CHI,,,,,,WR/FLEX
64292-61273:Scotty Miller,64292-61273,WR,Scotty,Scotty Miller,Miller,0,1,4800,TB@LAR,TB,LAR,,,,,,WR/FLEX
64292-40843:Alex Collins,64292-40843,RB,Alex,Alex Collins,Collins,2.5,1,4800,SEA@MIN,SEA,MIN,,,,,,RB/FLEX
64292-30678:Damiere Byrd,64292-30678,WR,Damiere,Damiere Byrd,Byrd,3.400000095,1,4800,CHI@CLE,CHI,CLE,,,,,,WR/FLEX
64292-12541:New England Patriots,64292-12541,D,New England,New England Patriots,Patriots,12,2,4700,NO@NE,NE,NO,,,,,,DEF
64292-14704:Chris Hogan,64292-14704,WR,Chris,Chris Hogan,Hogan,4.800000191,2,4700,NO@NE,NO,NE,,,,,,WR/FLEX
64292-39286:O.J. Howard,64292-39286,TE,O.J.,O.J. Howard,Howard,2.599999905,1,4700,TB@LAR,TB,LAR,,,,,,TE/FLEX
64292-80289:Kendrick Bourne,64292-80289,WR,Kendrick,Kendrick Bourne,Bourne,2.900000095,2,4700,NO@NE,NE,NO,,,,,,WR/FLEX
64292-80294:Anthony Firkser,64292-80294,TE,Anthony,Anthony Firkser,Firkser,3.400000095,1,4700,IND@TEN,TEN,IND,Q,Knee,,,,TE/FLEX
64292-57840:Rashaad Penny,64292-57840,RB,Rashaad,Rashaad Penny,Penny,0.800000012,1,4700,SEA@MIN,SEA,MIN,Q,Calf,,,,RB/FLEX
64292-27229:Ameer Abdullah,64292-27229,RB,Ameer,Ameer Abdullah,Abdullah,1.450000048,2,4700,SEA@MIN,MIN,SEA,,,,,,RB/FLEX
64292-72370:J.J. Taylor,64292-72370,RB,J.J.,J.J. Taylor,Taylor,0.300000012,1,4700,NO@NE,NE,NO,,,,,,RB/FLEX
64292-60451:Tyler Conklin,64292-60451,TE,Tyler,Tyler Conklin,Conklin,4.300000191,2,4700,SEA@MIN,MIN,SEA,,,,,,TE/FLEX
64292-29734:Ty Montgomery,64292-29734,RB,Ty,Ty Montgomery,Montgomery,0.899999976,2,4700,NO@NE,NO,NE,,,,,,RB/FLEX
64292-62508:James O'Shaughnessy,64292-62508,TE,James,James O'Shaughnessy,O'Shaughnessy,5.349999905,2,4700,ARI@JAC,JAC,ARI,O,Ankle,,,,TE/FLEX
64292-52451:Samaje Perine,64292-52451,RB,Samaje,Samaje Perine,Perine,1.700000048,2,4700,CIN@PIT,CIN,PIT,,,,,,RB/FLEX
64292-56580:Christian Blake,64292-56580,WR,Christian,Christian Blake,Blake,1.299999952,1,4700,ATL@NYG,ATL,NYG,,,,,,WR/FLEX
64292-56648:Jeremy McNichols,64292-56648,RB,Jeremy,Jeremy McNichols,McNichols,4.599999905,2,4700,IND@TEN,TEN,IND,,,,,,RB/FLEX
64292-64843:Jalen Guyton,64292-64843,WR,Jalen,Jalen Guyton,Guyton,4.800000191,2,4700,LAC@KC,LAC,KC,,,,,,WR/FLEX
64292-54606:John Brown,64292-54606,WR,John,John Brown,Brown,7.825000127,12,4700,MIA@LV,LV,MIA,,,,,,WR/FLEX
64292-71031:Lil'Jordan Humphrey,64292-71031,WR,Lil'Jordan,Lil'Jordan Humphrey,Humphrey,3.200000048,1,4700,NO@NE,NO,NE,,,,,,WR/FLEX
64292-38264:Demarcus Robinson,64292-38264,WR,Demarcus,Demarcus Robinson,Robinson,6.75,2,4700,LAC@KC,KC,LAC,,,,,,WR/FLEX
64292-32243:Marquise Goodwin,64292-32243,WR,Marquise,Marquise Goodwin,Goodwin,3.900000095,2,4700,CHI@CLE,CHI,CLE,,,,,,WR/FLEX
64292-28346:Maxx Williams,64292-28346,TE,Maxx,Maxx Williams,Williams,6.449999809,2,4700,ARI@JAC,ARI,JAC,,,,,,TE/FLEX
64292-85845:Rashod Bateman,64292-85845,WR,Rashod,Rashod Bateman,Bateman,,,4700,BAL@DET,BAL,DET,IR,Groin,,,,WR/FLEX
64292-71578:Artavis Pierce,64292-71578,RB,Artavis,Artavis Pierce,Pierce,1.879999924,5,4700,CHI@CLE,CHI,CLE,,,,,,RB/FLEX
64292-86052:Kadarius Toney,64292-86052,WR,Kadarius,Kadarius Toney,Toney,0.800000012,1,4600,ATL@NYG,NYG,ATL,,,,,,WR/FLEX
64292-88109:Gary Brightwell,64292-88109,RB,Gary,Gary Brightwell,Brightwell,1.100000024,1,4600,ATL@NYG,NYG,ATL,,,,,,RB/FLEX
64292-53303:Matt Breida,64292-53303,RB,Matt,Matt Breida,Breida,0.400000006,1,4600,WAS@BUF,BUF,WAS,,,,,,RB/FLEX
64292-94262:Antonio Gandy-Golden,64292-94262,WR,Antonio,Antonio Gandy-Golden,Gandy-Golden,0.75,4,4600,WAS@BUF,WAS,BUF,,,,,,WR/FLEX
64292-79974:Tarik Cohen,64292-79974,RB,Tarik,Tarik Cohen,Cohen,2.9,5,4600,CHI@CLE,CHI,CLE,NA,Knee - acl,,,,RB/FLEX
64292-149710:Mike Strachan,64292-149710,WR,Mike,Mike Strachan,Strachan,1.799999952,2,4600,IND@TEN,IND,TEN,,,,,,WR/FLEX
64292-55514:Buddy Howell,64292-55514,RB,Buddy,Buddy Howell,Howell,2.399999936,3,4600,TB@LAR,LAR,TB,,,,,,RB/FLEX
64292-86244:Pat Freiermuth,64292-86244,TE,Pat,Pat Freiermuth,Freiermuth,4.25,2,4600,CIN@PIT,PIT,CIN,,,,,,TE/FLEX
64292-12546:Arizona Cardinals,64292-12546,D,Arizona,Arizona Cardinals,Cardinals,8.5,2,4600,ARI@JAC,ARI,JAC,,,,,,DEF
64292-53639:Isaiah McKenzie,64292-53639,WR,Isaiah,Isaiah McKenzie,McKenzie,0.150000006,2,4600,WAS@BUF,BUF,WAS,,,,,,WR/FLEX
64292-80281:C.J. Board,64292-80281,WR,C.J.,C.J. Board,Board,0.850000024,2,4600,ATL@NYG,NYG,ATL,,,,,,WR/FLEX
64292-41475:John Ross III,64292-41475,WR,John,John Ross III,Ross III,0.900000016,3,4600,ATL@NYG,NYG,ATL,IR,Hamstring,,,,WR/FLEX
64292-57909:Marlon Mack,64292-57909,RB,Marlon,Marlon Mack,Mack,1.600000024,1,4600,IND@TEN,IND,TEN,,,,,,RB/FLEX
64292-25290:Giovani Bernard,64292-25290,RB,Giovani,Giovani Bernard,Bernard,2.400000095,2,4600,TB@LAR,TB,LAR,,,,,,RB/FLEX
64292-70372:Chester Rogers,64292-70372,WR,Chester,Chester Rogers,Rogers,5.699999809,2,4600,IND@TEN,TEN,IND,,,,,,WR/FLEX
64292-64242:Keke Coutee,64292-64242,WR,Keke,Keke Coutee,Coutee,8.8125,8,4600,IND@TEN,IND,TEN,,,,,,WR/FLEX
64292-92976:Tutu Atwell,64292-92976,WR,Tutu,Tutu Atwell,Atwell,0,1,4600,TB@LAR,LAR,TB,,,,,,WR/FLEX
64292-64496:Olamide Zaccheaus,64292-64496,WR,Olamide,Olamide Zaccheaus,Zaccheaus,3.200000048,1,4600,ATL@NYG,ATL,NYG,,,,,,WR/FLEX
64292-54472:Cam Sims,64292-54472,WR,Cam,Cam Sims,Sims,2.200000048,1,4600,WAS@BUF,WAS,BUF,,,,,,WR/FLEX
64292-48344:Albert Wilson,64292-48344,WR,Albert,Albert Wilson,Wilson,2,2,4600,MIA@LV,MIA,LV,,,,,,WR/FLEX
64292-60705:Tyron Johnson,64292-60705,WR,Tyron,Tyron Johnson,Johnson,0.550000012,2,4600,ARI@JAC,JAC,ARI,,,,,,WR/FLEX
64292-60712:Foster Moreau,64292-60712,TE,Foster,Foster Moreau,Moreau,10.39999962,1,4600,MIA@LV,LV,MIA,,,,,,TE/FLEX
64292-103943:Trinity Benson,64292-103943,WR,Trinity,Trinity Benson,Benson,3.400000095,1,4600,BAL@DET,DET,BAL,,,,,,WR/FLEX
64292-71367:La'Mical Perine,64292-71367,RB,La'Mical,La'Mical Perine,Perine,4.7,10,4600,NYJ@DEN,NYJ,DEN,,,,,,RB/FLEX
64292-63186:James Proche,64292-63186,WR,James,James Proche,Proche,0.158333331,12,4600,BAL@DET,BAL,DET,,,,,,WR/FLEX
64292-63319:K.J. Hill,64292-63319,WR,K.J.,K.J. Hill,Hill,2.25,2,4600,LAC@KC,LAC,KC,,,,,,WR/FLEX
64292-55165:Justin Jackson,64292-55165,RB,Justin,Justin Jackson,Jackson,2.299999952,2,4600,LAC@KC,LAC,KC,,,,,,RB/FLEX
64292-94087:DeeJay Dallas,64292-94087,RB,DeeJay,DeeJay Dallas,Dallas,0.75,2,4600,SEA@MIN,SEA,MIN,,,,,,RB/FLEX
64292-24533:Mo Alie-Cox,64292-24533,TE,Mo,Mo Alie-Cox,Alie-Cox,1.149999976,2,4600,IND@TEN,IND,TEN,,,,,,TE/FLEX
64292-92168:Damion Willis,64292-92168,WR,Damion,Damion Willis,Willis,0,1,4500,ATL@NYG,NYG,ATL,,,,,,WR/FLEX
64292-69646:Dedrick Mills,64292-69646,RB,Dedrick,Dedrick Mills,Mills,,,4500,BAL@DET,DET,BAL,,,,,,RB/FLEX
64292-55323:Jaylen Samuels,64292-55323,RB,Jaylen,Jaylen Samuels,Samuels,1.32222218,9,4500,CIN@PIT,PIT,CIN,,,,,,RB/FLEX
64292-71723:Dez Fitzpatrick,64292-71723,WR,Dez,Dez Fitzpatrick,Fitzpatrick,,,4500,IND@TEN,TEN,IND,,,,,,WR/FLEX
64292-63554:Dalton Schoen,64292-63554,WR,Dalton,Dalton Schoen,Schoen,0,1,4500,WAS@BUF,WAS,BUF,,,,,,WR/FLEX
64292-55366:Qadree Ollison,64292-55366,RB,Qadree,Qadree Ollison,Ollison,0.300000012,1,4500,ATL@NYG,ATL,NYG,,,,,,RB/FLEX
64292-71756:Aaron Fuller,64292-71756,WR,Aaron,Aaron Fuller,Fuller,0,1,4500,SEA@MIN,SEA,MIN,,,,,,WR/FLEX
64292-41042:Marcell Ateman,64292-41042,WR,Marcell,Marcell Ateman,Ateman,,,4500,MIA@LV,LV,MIA,,,,,,WR/FLEX
64292-57432:Cameron Batson,64292-57432,WR,Cameron,Cameron Batson,Batson,2.510000038,10,4500,IND@TEN,TEN,IND,,,,,,WR/FLEX
64292-63576:Kirk Merritt,64292-63576,WR,Kirk,Kirk Merritt,Merritt,0,1,4500,MIA@LV,MIA,LV,,,,,,WR/FLEX
64292-86113:Ihmir Smith-Marsette,64292-86113,WR,Ihmir,Ihmir Smith-Marsette,Smith-Marsette,0,2,4500,SEA@MIN,MIN,SEA,,,,,,WR/FLEX
64292-63586:De'Quan Hampton,64292-63586,WR,De'Quan,De'Quan Hampton,Hampton,,,4500,SEA@MIN,SEA,MIN,,,,,,WR/FLEX
64292-79972:Chad Williams,64292-79972,WR,Chad,Chad Williams,Williams,,,4500,LAC@KC,KC,LAC,Q,Undisclosed,,,,WR/FLEX
64292-79979:Jamal Agnew,64292-79979,WR,Jamal,Jamal Agnew,Agnew,3,2,4500,ARI@JAC,JAC,ARI,,,,,,WR/FLEX
64292-79982:Alex Armah,64292-79982,RB,Alex,Alex Armah,Armah,0,1,4500,NO@NE,NO,NE,,,,,,RB/FLEX
64292-79987:David Moore,64292-79987,WR,David,David Moore,Moore,6.017647238,17,4500,MIA@LV,LV,MIA,,,,,,WR/FLEX
64292-61555:David Sills,64292-61555,WR,David,David Sills,Sills,0,1,4500,ATL@NYG,NYG,ATL,,,,,,WR/FLEX
64292-63603:Jared Pinkney,64292-63603,WR,Jared,Jared Pinkney,Pinkney,0,1,4500,BAL@DET,DET,BAL,,,,,,WR/FLEX
64292-55414:Cody Thompson,64292-55414,WR,Cody,Cody Thompson,Thompson,0,1,4500,SEA@MIN,SEA,MIN,,,,,,WR/FLEX
64292-55417:Jon'Vea Johnson,64292-55417,WR,Jon'Vea,Jon'Vea Johnson,Johnson,0,1,4500,CHI@CLE,CHI,CLE,,,,,,WR/FLEX
64292-88186:JoJo Ward,64292-88186,WR,JoJo,JoJo Ward,Ward,0,2,4500,CHI@CLE,CLE,CHI,,,,,,WR/FLEX
64292-79998:Keelan Cole Sr.,64292-79998,WR,Keelan,Keelan Cole Sr.,Cole Sr.,7.993750095,16,4500,NYJ@DEN,NYJ,DEN,,,,,,WR/FLEX
64292-104577:Gunner Olszewski,64292-104577,WR,Gunner,Gunner Olszewski,Olszewski,0,1,4500,NO@NE,NE,NO,,,,,,WR/FLEX
64292-84101:Vyncint Smith,64292-84101,WR,Vyncint,Vyncint Smith,Smith,0.449999988,4,4500,NYJ@DEN,NYJ,DEN,,,,,,WR/FLEX
64292-71821:Joe Reed,64292-71821,WR,Joe,Joe Reed,Reed,0.988888847,9,4500,LAC@KC,LAC,KC,O,Undisclosed,,,,WR/FLEX
64292-47249:Darvin Kidsy,64292-47249,WR,Darvin,Darvin Kidsy,Kidsy,0,1,4500,SEA@MIN,SEA,MIN,,,,,,WR/FLEX
64292-28827:Dare Ogunbowale,64292-28827,RB,Dare,Dare Ogunbowale,Ogunbowale,2.489999962,10,4500,ARI@JAC,JAC,ARI,,,,,,RB/FLEX
64292-86173:Mekhi Sargent,64292-86173,RB,Mekhi,Mekhi Sargent,Sargent,0.200000003,1,4500,IND@TEN,TEN,IND,,,,,,RB/FLEX
64292-63646:Lawrence Cager,64292-63646,WR,Lawrence,Lawrence Cager,Cager,1.5,3,4500,NYJ@DEN,NYJ,DEN,,,,,,WR/FLEX
64292-61610:Jacques Patrick,64292-61610,RB,Jacques,Jacques Patrick,Patrick,0,1,4500,CIN@PIT,CIN,PIT,,,,,,RB/FLEX
64292-139438:Pete Guerriero,64292-139438,RB,Pete,Pete Guerriero,Guerriero,0,2,4500,CIN@PIT,PIT,CIN,,,,,,RB/FLEX
64292-61631:Olabisi Johnson,64292-61631,WR,Olabisi,Olabisi Johnson,Johnson,3.487499952,8,4500,SEA@MIN,MIN,SEA,IR,Knee - acl,,,,WR/FLEX
64292-41155:Taquan Mizzell,64292-41155,WR,Taquan,Taquan Mizzell,Mizzell,,,4500,ATL@NYG,NYG,ATL,Q,Undisclosed,,,,WR/FLEX
64292-57543:D'Ernest Johnson,64292-57543,RB,D'Ernest,D'Ernest Johnson,Johnson,1.21875,16,4500,CHI@CLE,CLE,CHI,,,,,,RB/FLEX
64292-69836:Collin Johnson,64292-69836,WR,Collin,Collin Johnson,Johnson,4.563636433,11,4500,ATL@NYG,NYG,ATL,,,,,,WR/FLEX
64292-88277:Anthony McFarland Jr.,64292-88277,RB,Anthony,Anthony McFarland Jr.,McFarland Jr.,1.79090916,11,4500,CIN@PIT,PIT,CIN,IR,Undisclosed,,,,RB/FLEX
64292-28890:Derek Watt,64292-28890,RB,Derek,Derek Watt,Watt,0.066666668,3,4500,CIN@PIT,PIT,CIN,,,,,,RB/FLEX
64292-57565:Austin Walter,64292-57565,RB,Austin,Austin Walter,Walter,0.875,4,4500,NYJ@DEN,NYJ,DEN,Q,Undisclosed,,,,RB/FLEX
64292-63717:Alec Ingold,64292-63717,RB,Alec,Alec Ingold,Ingold,2.099999905,2,4500,MIA@LV,LV,MIA,,,,,,RB/FLEX
64292-69860:Trayveon Williams,64292-69860,RB,Trayveon,Trayveon Williams,Williams,2.742857252,7,4500,CIN@PIT,CIN,PIT,,,,,,RB/FLEX
64292-71917:Rico Bussey,64292-71917,WR,Rico,Rico Bussey,Bussey,,,4500,CIN@PIT,PIT,CIN,O,Undisclosed,,,,WR/FLEX
64292-149742:Nate McCrary,64292-149742,RB,Nate,Nate McCrary,McCrary,,,4500,NYJ@DEN,DEN,NYJ,,,,,,RB/FLEX
64292-149743:Donte Sylencieux,64292-149743,WR,Donte,Donte Sylencieux,Sylencieux,,,4500,BAL@DET,BAL,DET,Q,Undisclosed,,,,WR/FLEX
64292-71920:Corey Taylor,64292-71920,RB,Corey,Corey Taylor,Taylor,,,4500,CHI@CLE,CLE,CHI,,,,,,RB/FLEX
64292-94453:Darwin Thompson,64292-94453,RB,Darwin,Darwin Thompson,Thompson,5.940000153,5,4500,TB@LAR,TB,LAR,,,,,,RB/FLEX
64292-12534:Tennessee Titans,64292-12534,D,Tennessee,Tennessee Titans,Titans,1,2,4500,IND@TEN,TEN,IND,,,,,,DEF
64292-45307:Rodney Adams,64292-45307,WR,Rodney,Rodney Adams,Adams,0,2,4500,CHI@CLE,CHI,CLE,,,,,,WR/FLEX
64292-88317:Javon Leake,64292-88317,RB,Javon,Javon Leake,Leake,0,1,4500,BAL@DET,DET,BAL,,,,,,RB/FLEX
64292-69884:Darius Anderson,64292-69884,RB,Darius,Darius Anderson,Anderson,0,1,4500,IND@TEN,IND,TEN,,,,,,RB/FLEX
64292-65798:Siaosi Mariner,64292-65798,WR,Siaosi,Siaosi Mariner,Mariner,,,4500,BAL@DET,BAL,DET,,,,,,WR/FLEX
64292-86295:Michael Warren,64292-86295,RB,Michael,Michael Warren,Warren,0,2,4500,BAL@DET,DET,BAL,Q,Undisclosed,,,,RB/FLEX
64292-71962:Garrett Groshek,64292-71962,RB,Garrett,Garrett Groshek,Groshek,,,4500,MIA@LV,LV,MIA,,,,,,RB/FLEX
64292-71974:Malcolm Perry,64292-71974,WR,Malcolm,Malcolm Perry,Perry,2.244444529,9,4500,NO@NE,NE,NO,IR,Foot,,,,WR/FLEX
64292-90408:Dax Milne,64292-90408,WR,Dax,Dax Milne,Milne,,,4500,WAS@BUF,WAS,BUF,,,,,,WR/FLEX
64292-45371:Darius Phillips,64292-45371,WR,Darius,Darius Phillips,Phillips,0,2,4500,CIN@PIT,CIN,PIT,,,,,,WR/FLEX
64292-24929:Kelvin Benjamin,64292-24929,WR,Kelvin,Kelvin Benjamin,Benjamin,,,4500,ATL@NYG,NYG,ATL,,,,,,WR/FLEX
64292-94567:Otis Anderson,64292-94567,RB,Otis,Otis Anderson,Anderson,,,4500,TB@LAR,LAR,TB,,,,,,RB/FLEX
64292-41319:Jeff Badet,64292-41319,WR,Jeff,Jeff Badet,Badet,0,2,4500,ATL@NYG,ATL,NYG,Q,Lower leg,,,,WR/FLEX
64292-33137:Justin Hardy,64292-33137,WR,Justin,Justin Hardy,Hardy,,,4500,CHI@CLE,CHI,CLE,,,,,,WR/FLEX
64292-22898:Brandon Bolden,64292-22898,RB,Brandon,Brandon Bolden,Bolden,0.5,1,4500,NO@NE,NE,NO,,,,,,RB/FLEX
64292-70019:Tavien Feaster,64292-70019,RB,Tavien,Tavien Feaster,Feaster,0,1,4500,ARI@JAC,ARI,JAC,,,,,,RB/FLEX
64292-70023:Cornell Powell,64292-70023,WR,Cornell,Cornell Powell,Powell,,,4500,LAC@KC,KC,LAC,,,,,,WR/FLEX
64292-55689:Ito Smith,64292-55689,RB,Ito,Ito Smith,Smith,3.253333282,15,4500,SEA@MIN,MIN,SEA,,,,,,RB/FLEX
64292-47501:Marken Michel,64292-47501,WR,Marken,Marken Michel,Michel,0,2,4500,WAS@BUF,WAS,BUF,,,,,,WR/FLEX
64292-53646:Austin Proehl,64292-53646,WR,Austin,Austin Proehl,Proehl,,,4500,LAC@KC,LAC,KC,,,,,,WR/FLEX
64292-55694:Mike Thomas,64292-55694,WR,Mike,Mike Thomas,Thomas,1,1,4500,CIN@PIT,CIN,PIT,,,,,,WR/FLEX
64292-43416:Trent Taylor,64292-43416,WR,Trent,Trent Taylor,Taylor,1.236363671,11,4500,CIN@PIT,CIN,PIT,,,,,,WR/FLEX
64292-41370:Trevor Davis,64292-41370,WR,Trevor,Trevor Davis,Davis,0,2,4500,ATL@NYG,ATL,NYG,,,,,,WR/FLEX
64292-72091:Raymond Calais,64292-72091,RB,Raymond,Raymond Calais,Calais,0,5,4500,TB@LAR,LAR,TB,IR,Foot,,,,RB/FLEX
64292-41371:Khalfani Muhammad,64292-41371,RB,Khalfani,Khalfani Muhammad,Muhammad,0,1,4500,ARI@JAC,ARI,JAC,,,,,,RB/FLEX
64292-47523:Tajae Sharpe,64292-47523,WR,Tajae,Tajae Sharpe,Sharpe,1.299999952,1,4500,ATL@NYG,ATL,NYG,,,,,,WR/FLEX
64292-72103:Trey Ragas,64292-72103,RB,Trey,Trey Ragas,Ragas,,,4500,MIA@LV,LV,MIA,,,,,,RB/FLEX
64292-80299:Patrick Ricard,64292-80299,RB,Patrick,Patrick Ricard,Ricard,1.350000024,2,4500,BAL@DET,BAL,DET,,,,,,RB/FLEX
64292-90561:Jerry Jeudy,64292-90561,WR,Jerry,Jerry Jeudy,Jeudy,10.19999981,1,4500,NYJ@DEN,DEN,NYJ,IR,Ankle,,,,WR/FLEX
64292-72133:Antoine Wesley,64292-72133,WR,Antoine,Antoine Wesley,Wesley,0,1,4500,ARI@JAC,ARI,JAC,IR,Illness,,,,WR/FLEX
64292-55750:Chris Lacy,64292-55750,WR,Chris,Chris Lacy,Lacy,0,1,4500,CHI@CLE,CHI,CLE,,,,,,WR/FLEX
64292-96714:Travis Toivonen,64292-96714,WR,Travis,Travis Toivonen,Toivonen,,,4500,SEA@MIN,SEA,MIN,,,,,,WR/FLEX
64292-88525:Kawaan Baker,64292-88525,WR,Kawaan,Kawaan Baker,Baker,,,4500,NO@NE,NO,NE,,,,,,WR/FLEX
64292-31184:Jonathan Williams,64292-31184,RB,Jonathan,Jonathan Williams,Williams,0.866666635,3,4500,WAS@BUF,WAS,BUF,,,,,,RB/FLEX
64292-41430:Devin Ross,64292-41430,WR,Devin,Devin Ross,Ross,0,1,4500,NO@NE,NE,NO,,,,,,WR/FLEX
64292-14820:Nick Bellore,64292-14820,RB,Nick,Nick Bellore,Bellore,0.633333325,3,4500,SEA@MIN,SEA,MIN,,,,,,RB/FLEX
64292-55830:D'Onta Foreman,64292-55830,RB,D'Onta,D'Onta Foreman,Foreman,3.3,5,4500,ATL@NYG,ATL,NYG,,,,,,RB/FLEX
64292-96798:Josh Johnson,64292-96798,RB,Josh,Josh Johnson,Johnson,,,4500,SEA@MIN,SEA,MIN,,,,,,RB/FLEX
64292-45637:Michael Davis,64292-45637,WR,Michael,Michael Davis,Davis,0,2,4500,LAC@KC,LAC,KC,,,,,,WR/FLEX
64292-150090:Cade Johnson,64292-150090,WR,Cade,Cade Johnson,Johnson,,,4500,SEA@MIN,SEA,MIN,,,,,,WR/FLEX
64292-62042:Deon Cain,64292-62042,WR,Deon,Deon Cain,Cain,0,1,4500,BAL@DET,BAL,DET,Q,Head,,,,WR/FLEX
64292-62055:Ray-Ray McCloud III,64292-62055,WR,Ray-Ray,Ray-Ray McCloud III,McCloud III,0,2,4500,CIN@PIT,PIT,CIN,,,,,,WR/FLEX
64292-88685:Austin Trammell,64292-88685,WR,Austin,Austin Trammell,Trammell,,,4500,ATL@NYG,ATL,NYG,,,,,,WR/FLEX
64292-88699:Jaret Patterson,64292-88699,RB,Jaret,Jaret Patterson,Patterson,0.899999976,1,4500,WAS@BUF,WAS,BUF,,,,,,RB/FLEX
64292-33403:Tevin Jones,64292-33403,WR,Tevin,Tevin Jones,Jones,0,1,4500,ARI@JAC,JAC,ARI,,,,,,WR/FLEX
64292-55940:Chad Hansen,64292-55940,WR,Chad,Chad Hansen,Hansen,7.619999695,5,4500,BAL@DET,DET,BAL,Q,Undisclosed,,,,WR/FLEX
64292-55941:Patrick Laird,64292-55941,RB,Patrick,Patrick Laird,Laird,1.888888889,9,4500,MIA@LV,MIA,LV,,,,,,RB/FLEX
64292-27273:Andy Janovich,64292-27273,RB,Andy,Andy Janovich,Janovich,3,2,4500,CHI@CLE,CLE,CHI,,,,,,RB/FLEX
64292-90777:Tre Walker,64292-90777,WR,Tre,Tre Walker,Walker,,,4500,WAS@BUF,BUF,WAS,,,,,,WR/FLEX
64292-53913:Cody Hollister,64292-53913,WR,Cody,Cody Hollister,Hollister,1.700000048,1,4500,IND@TEN,TEN,IND,Q,Ankle,,,,WR/FLEX
64292-55964:Tony Brooks-James,64292-55964,RB,Tony,Tony Brooks-James,Brooks-James,0.400000006,1,4500,CIN@PIT,PIT,CIN,,,,,,RB/FLEX
64292-96942:Keelan Doss,64292-96942,WR,Keelan,Keelan Doss,Doss,,,4500,ATL@NYG,ATL,NYG,,,,,,WR/FLEX
64292-25267:Mack Hollins,64292-25267,WR,Mack,Mack Hollins,Hollins,2.690909126,11,4500,MIA@LV,MIA,LV,,,,,,WR/FLEX
64292-25272:Eric Ebron,64292-25272,TE,Eric,Eric Ebron,Ebron,1.200000048,2,4500,CIN@PIT,PIT,CIN,,,,,,TE/FLEX
64292-58041:Mike Boone,64292-58041,RB,Mike,Mike Boone,Boone,2.316666603,6,4500,NYJ@DEN,DEN,NYJ,IR,Quadriceps,,,,RB/FLEX
64292-72382:Gabe Nabers,64292-72382,RB,Gabe,Gabe Nabers,Nabers,0.200000003,1,4500,LAC@KC,LAC,KC,,,,,,RB/FLEX
64292-33472:C.J. Prosise,64292-33472,RB,C.J.,C.J. Prosise,Prosise,2.039999962,5,4500,TB@LAR,TB,LAR,,,,,,RB/FLEX
64292-64205:Jalen McCleskey,64292-64205,WR,Jalen,Jalen McCleskey,McCleskey,0,1,4500,NO@NE,NO,NE,Q,Hamstring,,,,WR/FLEX
64292-88793:Stevie Scott III,64292-88793,RB,Stevie,Stevie Scott III,Scott III,,,4500,NYJ@DEN,DEN,NYJ,,,,,,RB/FLEX
64292-92890:Cody White,64292-92890,WR,Cody,Cody White,White,0,1,4500,CIN@PIT,PIT,CIN,,,,,,WR/FLEX
64292-72412:Khalil Herbert,64292-72412,RB,Khalil,Khalil Herbert,Herbert,0,1,4500,CHI@CLE,CHI,CLE,,,,,,RB/FLEX
64292-64222:Jordan Glasgow,64292-64222,RB,Jordan,Jordan Glasgow,Glasgow,0,2,4500,IND@TEN,IND,TEN,,,,,,RB/FLEX
64292-56041:Khari Blasingame,64292-56041,RB,Khari,Khari Blasingame,Blasingame,1.180000019,5,4500,IND@TEN,TEN,IND,,,,,,RB/FLEX
64292-70383:Darrynton Evans,64292-70383,RB,Darrynton,Darrynton Evans,Evans,2.533333302,6,4500,IND@TEN,TEN,IND,IR,Knee,,,,RB/FLEX
64292-56051:Caleb Scott,64292-56051,WR,Caleb,Caleb Scott,Scott,,,4500,MIA@LV,LV,MIA,Q,Undisclosed,,,,WR/FLEX
64292-54010:Brian Hill,64292-54010,RB,Brian,Brian Hill,Hill,5.181250095,16,4500,IND@TEN,TEN,IND,Q,Undisclosed,,,,RB/FLEX
64292-64252:Tony Brown,64292-64252,WR,Tony,Tony Brown,Brown,0,1,4500,WAS@BUF,WAS,BUF,,,,,,WR/FLEX
64292-88830:Whop Philyor,64292-88830,WR,Whop,Whop Philyor,Philyor,,,4500,SEA@MIN,MIN,SEA,,,,,,WR/FLEX
64292-56064:Bo Scarbrough,64292-56064,RB,Bo,Bo Scarbrough,Scarbrough,1.549999952,2,4500,MIA@LV,LV,MIA,,,,,,RB/FLEX
64292-92932:Javian Hawkins,64292-92932,RB,Javian,Javian Hawkins,Hawkins,,,4500,TB@LAR,LAR,TB,,,,,,RB/FLEX
64292-41741:DaeSean Hamilton,64292-41741,WR,DaeSean,DaeSean Hamilton,Hamilton,4.23333327,12,4500,NYJ@DEN,DEN,NYJ,IR,Knee - acl,,,,WR/FLEX
64292-94993:Pooka Williams Jr.,64292-94993,RB,Pooka,Pooka Williams Jr.,Williams Jr.,,,4500,CIN@PIT,CIN,PIT,,,,,,RB/FLEX
64292-56099:Cullen Gillaspia,64292-56099,RB,Cullen,Cullen Gillaspia,Gillaspia,0.550000012,2,4500,ATL@NYG,NYG,ATL,,,,,,RB/FLEX
64292-33578:Jalen Richard,64292-33578,RB,Jalen,Jalen Richard,Richard,3.199999883,13,4500,MIA@LV,LV,MIA,IR,Foot,,,,RB/FLEX
64292-72493:Trishton Jackson,64292-72493,WR,Trishton,Trishton Jackson,Jackson,0,2,4500,SEA@MIN,MIN,SEA,,,,,,WR/FLEX
64292-43826:Tommylee Lewis,64292-43826,WR,Tommylee,Tommylee Lewis,Lewis,0.480000019,5,4500,NO@NE,NO,NE,Q,Undisclosed,,,,WR/FLEX
64292-95031:Isaiah McKoy,64292-95031,WR,Isaiah,Isaiah McKoy,McKoy,,,4500,CIN@PIT,PIT,CIN,,,,,,WR/FLEX
64292-41806:Laquon Treadwell,64292-41806,WR,Laquon,Laquon Treadwell,Treadwell,0,1,4500,ARI@JAC,JAC,ARI,,,,,,WR/FLEX
64292-64339:Auden Tate,64292-64339,WR,Auden,Auden Tate,Tate,2.444444444,9,4500,CIN@PIT,CIN,PIT,,,,,,WR/FLEX
64292-64350:Jeff Smith,64292-64350,WR,Jeff,Jeff Smith,Smith,2,2,4500,NYJ@DEN,NYJ,DEN,,,,,,WR/FLEX
64292-93023:Jermar Jefferson,64292-93023,RB,Jermar,Jermar Jefferson,Jefferson,,,4500,BAL@DET,DET,BAL,NA,Coach's decision,,,,RB/FLEX
64292-70501:C.J. Ham,64292-70501,RB,C.J.,C.J. Ham,Ham,1.899999976,1,4500,SEA@MIN,MIN,SEA,,,,,,RB/FLEX
64292-72552:Branden Mack,64292-72552,WR,Branden,Branden Mack,Mack,,,4500,NYJ@DEN,DEN,NYJ,,,,,,WR/FLEX
64292-31602:Fred Brown,64292-31602,WR,Fred,Fred Brown,Brown,0,1,4500,IND@TEN,TEN,IND,,,,,,WR/FLEX
64292-93055:Isaiah Hodgins,64292-93055,WR,Isaiah,Isaiah Hodgins,Hodgins,,,4500,WAS@BUF,BUF,WAS,Q,Knee,,,,WR/FLEX
64292-64389:Nick Westbrook-Ikhine,64292-64389,WR,Nick,Nick Westbrook-Ikhine,Westbrook-Ikhine,1.299999952,2,4500,IND@TEN,TEN,IND,,,,,,WR/FLEX
64292-43912:Chad Beebe,64292-43912,WR,Chad,Chad Beebe,Beebe,3.645454407,11,4500,SEA@MIN,MIN,SEA,IR,Foot,,,,WR/FLEX
64292-39818:Wayne Gallman Jr.,64292-39818,RB,Wayne,Wayne Gallman Jr.,Gallman Jr.,8.406666565,15,4500,ATL@NYG,ATL,NYG,,,,,,RB/FLEX
64292-41867:Jordan Wilkins,64292-41867,RB,Jordan,Jordan Wilkins,Wilkins,4.60833327,12,4500,IND@TEN,IND,TEN,,,,,,RB/FLEX
64292-45964:Marcus Kemp,64292-45964,WR,Marcus,Marcus Kemp,Kemp,0.800000012,2,4500,LAC@KC,KC,LAC,,,,,,WR/FLEX
64292-64405:Dan Chisena,64292-64405,WR,Dan,Dan Chisena,Chisena,,,4500,SEA@MIN,MIN,SEA,IR,Undisclosed,,,,WR/FLEX
64292-25513:Darius Jennings,64292-25513,WR,Darius,Darius Jennings,Jennings,0,1,4500,BAL@DET,DET,BAL,,,,,,WR/FLEX
64292-54186:A.J. Richardson,64292-54186,WR,A.J.,A.J. Richardson,Richardson,0,2,4500,ARI@JAC,ARI,JAC,,,,,,WR/FLEX
64292-103352:Christian Wade,64292-103352,RB,Christian,Christian Wade,Wade,,,4500,WAS@BUF,BUF,WAS,O,Shoulder,,,,RB/FLEX
64292-43973:Keith Smith,64292-43973,RB,Keith,Keith Smith,Smith,2.450000048,2,4500,ATL@NYG,ATL,NYG,,,,,,RB/FLEX
64292-93134:Deon Jackson,64292-93134,RB,Deon,Deon Jackson,Jackson,,,4500,IND@TEN,IND,TEN,,,,,,RB/FLEX
64292-72669:Isaiah Wright,64292-72669,WR,Isaiah,Isaiah Wright,Wright,2.73333327,12,4500,WAS@BUF,WAS,BUF,,,,,,WR/FLEX
64292-41954:Victor Bolden,64292-41954,WR,Victor,Victor Bolden,Bolden,0,1,4500,BAL@DET,DET,BAL,,,,,,WR/FLEX
64292-72676:Troymaine Pope,64292-72676,RB,Troymaine,Troymaine Pope,Pope,3.950000048,4,4500,TB@LAR,TB,LAR,Q,Undisclosed,,,,RB/FLEX
64292-70645:Eli Stove,64292-70645,WR,Eli,Eli Stove,Stove,,,4500,LAC@KC,LAC,KC,Q,Knee - acl,,,,WR/FLEX
64292-72693:Adrian Killins,64292-72693,RB,Adrian,Adrian Killins,Killins,-0.25,2,4500,NYJ@DEN,DEN,NYJ,IR,Ankle,,,,RB/FLEX
64292-70663:Frank Darby,64292-70663,WR,Frank,Frank Darby,Darby,,,4500,ATL@NYG,ATL,NYG,Q,Calf,,,,WR/FLEX
64292-70662:Tyler Vaughns,64292-70662,WR,Tyler,Tyler Vaughns,Vaughns,,,4500,CIN@PIT,PIT,CIN,,,,,,WR/FLEX
64292-54280:Duke Williams,64292-54280,WR,Duke,Duke Williams,Williams,,,4500,WAS@BUF,BUF,WAS,Q,Hamstring,,,,WR/FLEX
64292-72718:Benny LeMay,64292-72718,RB,Benny,Benny LeMay,LeMay,0,1,4500,IND@TEN,IND,TEN,,,,,,RB/FLEX
64292-27671:Jake Kumerow,64292-27671,WR,Jake,Jake Kumerow,Kumerow,0,1,4500,WAS@BUF,BUF,WAS,,,,,,WR/FLEX
64292-56356:Isaiah Ford,64292-56356,WR,Isaiah,Isaiah Ford,Ford,4.159999847,10,4500,MIA@LV,MIA,LV,,,,,,WR/FLEX
64292-154661:Michael Bandy,64292-154661,WR,Michael,Michael Bandy,Bandy,,,4500,LAC@KC,LAC,KC,,,,,,WR/FLEX
64292-148546:Darece Roberson Jr.,64292-148546,WR,Darece,Darece Roberson Jr.,Roberson Jr.,,,4500,SEA@MIN,SEA,MIN,,,,,,WR/FLEX
64292-89157:Caleb Huntley,64292-89157,RB,Caleb,Caleb Huntley,Huntley,,,4500,ATL@NYG,ATL,NYG,,,,,,RB/FLEX
64292-44103:Elijah McGuire,64292-44103,RB,Elijah,Elijah McGuire,McGuire,0,1,4500,LAC@KC,KC,LAC,Q,Ankle,,,,RB/FLEX
64292-27721:Justin Hardee Sr.,64292-27721,WR,Justin,Justin Hardee Sr.,Hardee Sr.,,,4500,NYJ@DEN,NYJ,DEN,,,,,,WR/FLEX
64292-68685:Austin Mack,64292-68685,WR,Austin,Austin Mack,Mack,2.520000076,5,4500,ATL@NYG,NYG,ATL,Q,Hamstring,,,,WR/FLEX
64292-87122:Lynn Bowden Jr.,64292-87122,WR,Lynn,Lynn Bowden Jr.,Bowden Jr.,3.958000183,10,4500,MIA@LV,MIA,LV,IR,Hamstring,,,,WR/FLEX
64292-68694:Antonio Williams,64292-68694,RB,Antonio,Antonio Williams,Williams,20.79999924,1,4500,WAS@BUF,BUF,WAS,Q,Neck,,,,RB/FLEX
64292-70749:Ryan Becker,64292-70749,WR,Ryan,Ryan Becker,Becker,0,2,4500,ATL@NYG,ATL,NYG,IR,Undisclosed,,,,WR/FLEX
64292-68712:Tyler Johnson,64292-68712,WR,Tyler,Tyler Johnson,Johnson,0.5,2,4500,TB@LAR,TB,LAR,,,,,,WR/FLEX
64292-64627:Scotty Washington,64292-64627,WR,Scotty,Scotty Washington,Washington,0,1,4500,CIN@PIT,CIN,PIT,,,,,,WR/FLEX
64292-52345:Brandon Powell,64292-52345,WR,Brandon,Brandon Powell,Powell,1.573333359,15,4500,MIA@LV,MIA,LV,,,,,,WR/FLEX
64292-64634:Alex Bachman,64292-64634,WR,Alex,Alex Bachman,Bachman,0,1,4500,ATL@NYG,NYG,ATL,Q,Undisclosed,,,,WR/FLEX
64292-83083:Justin Watson,64292-83083,WR,Justin,Justin Watson,Watson,2.579999924,5,4500,TB@LAR,TB,LAR,NA,Knee,,,,WR/FLEX
64292-83086:Daurice Fountain,64292-83086,WR,Daurice,Daurice Fountain,Fountain,1.099999984,3,4500,LAC@KC,KC,LAC,,,,,,WR/FLEX
64292-89230:Cam Akers,64292-89230,RB,Cam,Cam Akers,Akers,9.266666667,15,4500,TB@LAR,LAR,TB,IR,Achilles,,,,RB/FLEX
64292-52371:Kalen Ballage,64292-52371,RB,Kalen,Kalen Ballage,Ballage,6.616666794,12,4500,CIN@PIT,PIT,CIN,,,,,,RB/FLEX
64292-25760:Allen Hurns,64292-25760,WR,Allen,Allen Hurns,Hurns,0,1,4500,MIA@LV,MIA,LV,IR,Wrist,,,,WR/FLEX
64292-62628:DeAndre Carter,64292-62628,WR,DeAndre,DeAndre Carter,Carter,0.100000001,2,4500,WAS@BUF,WAS,BUF,,,,,,WR/FLEX
64292-91305:Jeremiah Haydel,64292-91305,WR,Jeremiah,Jeremiah Haydel,Haydel,,,4500,TB@LAR,LAR,TB,,,,,,WR/FLEX
64292-52397:Devante Downs,64292-52397,RB,Devante,Devante Downs,Downs,0,1,4500,ATL@NYG,NYG,ATL,,,,,,RB/FLEX
64292-52409:Jakob Johnson,64292-52409,RB,Jakob,Jakob Johnson,Johnson,1.6875,8,4500,NO@NE,NE,NO,,,,,,RB/FLEX
64292-52410:Josh Malone,64292-52410,WR,Josh,Josh Malone,Malone,1.200000048,4,4500,NYJ@DEN,NYJ,DEN,,,,,,WR/FLEX
64292-89287:Tamorrion Terry,64292-89287,WR,Tamorrion,Tamorrion Terry,Terry,,,4500,SEA@MIN,SEA,MIN,,,,,,WR/FLEX
64292-64718:Kai Locksley,64292-64718,WR,Kai,Kai Locksley,Locksley,,,4500,MIA@LV,MIA,LV,,,,,,WR/FLEX
64292-25813:Phillip Dorsett II,64292-25813,WR,Phillip,Phillip Dorsett II,Dorsett II,0,1,4500,ARI@JAC,JAC,ARI,,,,,,WR/FLEX
64292-70868:Damarea Crockett,64292-70868,RB,Damarea,Damarea Crockett,Crockett,,,4500,NYJ@DEN,DEN,NYJ,,,,,,RB/FLEX
64292-130265:John Hurst,64292-130265,WR,John,John Hurst,Hurst,,,4500,LAC@KC,LAC,KC,,,,,,WR/FLEX
64292-130268:Josh Pearson,64292-130268,WR,Josh,Josh Pearson,Pearson,,,4500,TB@LAR,TB,LAR,,,,,,WR/FLEX
64292-68835:CJ Marable,64292-68835,RB,CJ,CJ Marable,Marable,,,4500,CHI@CLE,CHI,CLE,,,,,,RB/FLEX
64292-130275:Kristian Wilkerson,64292-130275,WR,Kristian,Kristian Wilkerson,Wilkerson,0,1,4500,NO@NE,NE,NO,,,,,,WR/FLEX
64292-130274:Isaiah Coulter,64292-130274,WR,Isaiah,Isaiah Coulter,Coulter,,,4500,CHI@CLE,CHI,CLE,,,,,,WR/FLEX
64292-130276:Mason Kinsey,64292-130276,WR,Mason,Mason Kinsey,Kinsey,0,1,4500,IND@TEN,TEN,IND,,,,,,WR/FLEX
64292-130279:Matt Cole,64292-130279,WR,Matt,Matt Cole,Cole,0,1,4500,ATL@NYG,NYG,ATL,,,,,,WR/FLEX
64292-40167:Gus Edwards,64292-40167,RB,Gus,Gus Edwards,Edwards,7.316666497,18,4500,BAL@DET,BAL,DET,IR,Knee - acl,,,,RB/FLEX
64292-64744:Josh Adams,64292-64744,RB,Josh,Josh Adams,Adams,4.799999782,7,4500,NYJ@DEN,NYJ,DEN,,,,,,RB/FLEX
64292-70889:Benny Snell Jr.,64292-70889,RB,Benny,Benny Snell Jr.,Snell Jr.,0.100000001,1,4500,CIN@PIT,PIT,CIN,,,,,,RB/FLEX
64292-25837:Duke Johnson,64292-25837,RB,Duke,Duke Johnson,Johnson,6.400000139,11,4500,ARI@JAC,JAC,ARI,,,,,,RB/FLEX
64292-70892:A.J. Rose Jr.,64292-70892,RB,A.J.,A.J. Rose Jr.,Rose Jr.,,,4500,SEA@MIN,MIN,SEA,,,,,,RB/FLEX
64292-11512:Jimmy Graham,64292-11512,TE,Jimmy,Jimmy Graham,Graham,1.600000024,1,4500,CHI@CLE,CHI,CLE,,,,,,TE/FLEX
64292-44280:JoJo Natson,64292-44280,WR,JoJo,JoJo Natson,Natson,0.075000003,4,4500,CHI@CLE,CLE,CHI,,,,,,WR/FLEX
64292-72955:Antonio Nunn,64292-72955,WR,Antonio,Antonio Nunn,Nunn,,,4500,ATL@NYG,ATL,NYG,,,,,,WR/FLEX
64292-29949:Marvin Hall,64292-29949,WR,Marvin,Marvin Hall,Hall,4.663636294,11,4500,NO@NE,NE,NO,Q,Undisclosed,,,,WR/FLEX
64292-89342:Jonathan Adams Jr.,64292-89342,WR,Jonathan,Jonathan Adams Jr.,Adams Jr.,,,4500,BAL@DET,DET,BAL,,,,,,WR/FLEX
64292-72961:Anthony Johnson,64292-72961,WR,Anthony,Anthony Johnson,Johnson,0,1,4500,CIN@PIT,PIT,CIN,,,,,,WR/FLEX
64292-130309:J.J. Koski,64292-130309,WR,J.J.,J.J. Koski,Koski,0,2,4500,TB@LAR,LAR,TB,,,,,,WR/FLEX
64292-130315:Chris Rowland,64292-130315,WR,Chris,Chris Rowland,Rowland,0,2,4500,ATL@NYG,ATL,NYG,,,,,,WR/FLEX
64292-130317:Juwan Green,64292-130317,WR,Juwan,Juwan Green,Green,0,1,4500,ATL@NYG,ATL,NYG,,,,,,WR/FLEX
64292-72981:Aleva Hifo,64292-72981,WR,Aleva,Aleva Hifo,Hifo,,,4500,ARI@JAC,ARI,JAC,,,,,,WR/FLEX
64292-130326:Manasseh Bailey,64292-130326,WR,Manasseh,Manasseh Bailey,Bailey,0,1,4500,NYJ@DEN,NYJ,DEN,,,,,,WR/FLEX
64292-68890:Devin Gray,64292-68890,WR,Devin,Devin Gray,Gray,0,1,4500,BAL@DET,BAL,DET,,,,,,WR/FLEX
64292-60704:Derrick Dillon,64292-60704,WR,Derrick,Derrick Dillon,Dillon,0,1,4500,ATL@NYG,NYG,ATL,Q,Undisclosed,,,,WR/FLEX
64292-29985:Jaydon Mickens,64292-29985,WR,Jaydon,Jaydon Mickens,Mickens,0,2,4500,TB@LAR,TB,LAR,Q,Hip,,,,WR/FLEX
64292-130336:Sandro Platzgummer,64292-130336,RB,Sandro,Sandro Platzgummer,Platzgummer,0,1,4500,ATL@NYG,NYG,ATL,,,,,,RB/FLEX
64292-130338:Rysen John,64292-130338,WR,Rysen,Rysen John,John,0,1,4500,ATL@NYG,NYG,ATL,IR,Ankle,,,,WR/FLEX
64292-68901:Gerrid Doaks,64292-68901,RB,Gerrid,Gerrid Doaks,Doaks,,,4500,MIA@LV,MIA,LV,,,,,,RB/FLEX
64292-91428:Tarik Black,64292-91428,WR,Tarik,Tarik Black,Black,,,4500,IND@TEN,IND,TEN,,,,,,WR/FLEX
64292-46374:Tanner Gentry,64292-46374,WR,Tanner,Tanner Gentry,Gentry,,,4500,WAS@BUF,BUF,WAS,,,,,,WR/FLEX
64292-91431:Ben Mason,64292-91431,RB,Ben,Ben Mason,Mason,,,4500,NO@NE,NE,NO,,,,,,RB/FLEX
64292-130343:Jeff Cotton Jr.,64292-130343,WR,Jeff,Jeff Cotton Jr.,Cotton Jr.,0,1,4500,ARI@JAC,JAC,ARI,,,,,,WR/FLEX
64292-130345:Michael Dereus,64292-130345,WR,Michael,Michael Dereus,Dereus,0,1,4500,BAL@DET,BAL,DET,,,,,,WR/FLEX
64292-89384:DeMichael Harris,64292-89384,WR,DeMichael,DeMichael Harris,Harris,2.916666667,6,4500,IND@TEN,IND,TEN,,,,,,WR/FLEX
64292-130350:Jaylon Moore,64292-130350,WR,Jaylon,Jaylon Moore,Moore,0,1,4500,BAL@DET,BAL,DET,,,,,,WR/FLEX
64292-64827:Miles Boykin,64292-64827,WR,Miles,Miles Boykin,Boykin,4.239999898,15,4500,BAL@DET,BAL,DET,IR,Hamstring,,,,WR/FLEX
64292-85306:KhaDarel Hodge,64292-85306,WR,KhaDarel,KhaDarel Hodge,Hodge,2.9375,8,4500,BAL@DET,DET,BAL,,,,,,WR/FLEX
64292-64828:Chris Finke,64292-64828,WR,Chris,Chris Finke,Finke,0,1,4500,LAC@KC,KC,LAC,Q,Undisclosed,,,,WR/FLEX
64292-64835:Dexter Williams,64292-64835,RB,Dexter,Dexter Williams,Williams,0.400000006,2,4500,ATL@NYG,NYG,ATL,,,,,,RB/FLEX
64292-52553:De'Mornay Pierson-El,64292-52553,WR,De'Mornay,De'Mornay Pierson-El,Pierson-El,,,4500,NYJ@DEN,DEN,NYJ,,,,,,WR/FLEX
64292-52560:Geronimo Allison,64292-52560,WR,Geronimo,Geronimo Allison,Allison,0,1,4500,BAL@DET,DET,BAL,,,,,,WR/FLEX
64292-54608:Jerick McKinnon,64292-54608,RB,Jerick,Jerick McKinnon,McKinnon,1.899999976,1,4500,LAC@KC,KC,LAC,,,,,,RB/FLEX
64292-73046:Tre Nixon,64292-73046,WR,Tre,Tre Nixon,Nixon,,,4500,NO@NE,NE,NO,,,,,,WR/FLEX
64292-89437:Tim Jones,64292-89437,WR,Tim,Tim Jones,Jones,,,4500,ARI@JAC,JAC,ARI,Q,Undisclosed,,,,WR/FLEX
64292-34154:J.J. Nelson,64292-34154,WR,J.J.,J.J. Nelson,Nelson,0,1,4500,IND@TEN,IND,TEN,IR,Groin,,,,WR/FLEX
64292-91504:Blake Proehl,64292-91504,WR,Blake,Blake Proehl,Proehl,,,4500,SEA@MIN,MIN,SEA,IR,Leg,,,,WR/FLEX
64292-56698:Dante Pettis,64292-56698,WR,Dante,Dante Pettis,Pettis,2.26666673,6,4500,ATL@NYG,NYG,ATL,,,,,,WR/FLEX
64292-71039:Kelvin Harmon,64292-71039,WR,Kelvin,Kelvin Harmon,Harmon,0,1,4500,WAS@BUF,WAS,BUF,,,,,,WR/FLEX
64292-64901:Cameron Scarlett,64292-64901,RB,Cameron,Cameron Scarlett,Scarlett,,,4500,SEA@MIN,SEA,MIN,,,,,,RB/FLEX
64292-93577:Dazz Newsome,64292-93577,WR,Dazz,Dazz Newsome,Newsome,,,4500,CHI@CLE,CHI,CLE,,,,,,WR/FLEX
64292-64905:Trenton Irwin,64292-64905,WR,Trenton,Trenton Irwin,Irwin,0.5,2,4500,CIN@PIT,CIN,PIT,,,,,,WR/FLEX
64292-28055:Amara Darboh,64292-28055,WR,Amara,Amara Darboh,Darboh,0,1,4500,NYJ@DEN,DEN,NYJ,,,,,,WR/FLEX
64292-73116:Javon McKinley,64292-73116,WR,Javon,Javon McKinley,McKinley,,,4500,BAL@DET,DET,BAL,,,,,,WR/FLEX
64292-32161:Gehrig Dieter,64292-32161,WR,Gehrig,Gehrig Dieter,Dieter,1.5,1,4500,LAC@KC,KC,LAC,,,,,,WR/FLEX
64292-60835:Isaac Whitney,64292-60835,WR,Isaac,Isaac Whitney,Whitney,,,4500,ARI@JAC,ARI,JAC,,,,,,WR/FLEX
64292-60838:Andre Baccellia,64292-60838,WR,Andre,Andre Baccellia,Baccellia,0,1,4500,ARI@JAC,ARI,JAC,,,,,,WR/FLEX
64292-73130:Chris Evans,64292-73130,RB,Chris,Chris Evans,Evans,1.899999976,1,4500,CIN@PIT,CIN,PIT,,,,,,RB/FLEX
64292-60849:Blake Lynch,64292-60849,WR,Blake,Blake Lynch,Lynch,,,4500,SEA@MIN,MIN,SEA,,,,,,WR/FLEX
64292-26038:Tyler Kroft,64292-26038,TE,Tyler,Tyler Kroft,Kroft,2.700000048,2,4500,NYJ@DEN,NYJ,DEN,,,,,,TE/FLEX
64292-60861:Damion Ratley,64292-60861,WR,Damion,Damion Ratley,Ratley,1.383333365,6,4500,BAL@DET,DET,BAL,,,,,,WR/FLEX
64292-71105:Ben Skowronek,64292-71105,WR,Ben,Ben Skowronek,Skowronek,,,4500,TB@LAR,LAR,TB,,,,,,WR/FLEX
64292-69056:Mathew Sexton,64292-69056,WR,Mathew,Mathew Sexton,Sexton,,,4500,CIN@PIT,PIT,CIN,,,,,,WR/FLEX
64292-64962:LeVante Bellamy,64292-64962,RB,LeVante,LeVante Bellamy,Bellamy,0.699999968,3,4500,NYJ@DEN,DEN,NYJ,IR,Ankle,,,,RB/FLEX
64292-26057:Michael Burton,64292-26057,RB,Michael,Michael Burton,Burton,0.899999976,2,4500,LAC@KC,KC,LAC,,,,,,RB/FLEX
64292-69068:Jonathan Ward,64292-69068,RB,Jonathan,Jonathan Ward,Ward,1.899999976,4,4500,ARI@JAC,ARI,JAC,,,,,,RB/FLEX
64292-71120:Riley Lees,64292-71120,WR,Riley,Riley Lees,Lees,,,4500,CIN@PIT,CIN,PIT,,,,,,WR/FLEX
64292-103896:Nsimba Webster,64292-103896,WR,Nsimba,Nsimba Webster,Webster,0,1,4500,CHI@CLE,CHI,CLE,,,,,,WR/FLEX
64292-87515:Tylan Wallace,64292-87515,WR,Tylan,Tylan Wallace,Wallace,,,4500,BAL@DET,BAL,DET,,,,,,WR/FLEX
64292-103901:Davion Davis,64292-103901,WR,Davion,Davion Davis,Davis,,,4500,CHI@CLE,CLE,CHI,,,,,,WR/FLEX
64292-73180:Binjimen Victor,64292-73180,WR,Binjimen,Binjimen Victor,Victor,0,1,4500,BAL@DET,BAL,DET,Q,Head,,,,WR/FLEX
64292-103902:Alexander Hollins,64292-103902,WR,Alexander,Alexander Hollins,Hollins,,,4500,CHI@CLE,CLE,CHI,,,,,,WR/FLEX
64292-32235:Marcus Johnson,64292-32235,WR,Marcus,Marcus Johnson,Johnson,4.0625,8,4500,IND@TEN,TEN,IND,IR,Undisclosed,,,,WR/FLEX
64292-60910:Dede Westbrook,64292-60910,WR,Dede,Dede Westbrook,Westbrook,0.800000012,2,4500,SEA@MIN,MIN,SEA,,,,,,WR/FLEX
64292-62994:Steven Sims Jr.,64292-62994,WR,Steven,Steven Sims Jr.,Sims Jr.,3.928571429,14,4500,CIN@PIT,PIT,CIN,,,,,,WR/FLEX
64292-22037:Lamar Miller,64292-22037,RB,Lamar,Lamar Miller,Miller,0.533333341,3,4500,WAS@BUF,WAS,BUF,,,,,,RB/FLEX
64292-73247:Kene Nwangwu,64292-73247,RB,Kene,Kene Nwangwu,Nwangwu,,,4500,SEA@MIN,MIN,SEA,IR,Knee,,,,RB/FLEX
64292-54817:Diontae Spencer,64292-54817,WR,Diontae,Diontae Spencer,Spencer,0,2,4500,NYJ@DEN,DEN,NYJ,,,,,,WR/FLEX
64292-89632:Connor Wedington,64292-89632,WR,Connor,Connor Wedington,Wedington,,,4500,SEA@MIN,SEA,MIN,,,,,,WR/FLEX
64292-38444:Tyler Gaffney,64292-38444,RB,Tyler,Tyler Gaffney,Gaffney,,,4500,NO@NE,NE,NO,,,,,,RB/FLEX
64292-63025:Nathan Cottrell,64292-63025,RB,Nathan,Nathan Cottrell,Cottrell,0,6,4500,ARI@JAC,JAC,ARI,,,,,,RB/FLEX
64292-60978:Carl Tucker,64292-60978,RB,Carl,Carl Tucker,Tucker,,,4500,MIA@LV,MIA,LV,,,,,,RB/FLEX
64292-60983:Anthony Ratliff-Williams,64292-60983,WR,Anthony,Anthony Ratliff-Williams,Ratliff-Williams,,,4500,SEA@MIN,SEA,MIN,,,,,,WR/FLEX
64292-71228:Marquez Stevenson,64292-71228,WR,Marquez,Marquez Stevenson,Stevenson,,,4500,WAS@BUF,BUF,WAS,IR,Head,,,,WR/FLEX
64292-103998:Thomas Ives,64292-103998,WR,Thomas,Thomas Ives,Ives,0,2,4500,CHI@CLE,CHI,CLE,Q,Undisclosed,,,,WR/FLEX
64292-87617:Sage Surratt,64292-87617,WR,Sage,Sage Surratt,Surratt,,,4500,BAL@DET,DET,BAL,,,,,,WR/FLEX
64292-104012:Ashton Dulin,64292-104012,WR,Ashton,Ashton Dulin,Dulin,1.5,1,4500,IND@TEN,IND,TEN,,,,,,WR/FLEX
64292-63061:Gary Jennings,64292-63061,WR,Gary,Gary Jennings,Jennings,0,1,4500,IND@TEN,IND,TEN,Q,Undisclosed,,,,WR/FLEX
64292-69215:Josh Imatorbhebhe,64292-69215,WR,Josh,Josh Imatorbhebhe,Imatorbhebhe,,,4500,ARI@JAC,JAC,ARI,Q,Undisclosed,,,,WR/FLEX
64292-22113:Alfred Morris,64292-22113,RB,Alfred,Alfred Morris,Morris,3.920000076,10,4500,ATL@NYG,NYG,ATL,,,,,,RB/FLEX
64292-63078:Ke'Shawn Vaughn,64292-63078,RB,Ke'Shawn,Ke'Shawn Vaughn,Vaughn,2.985714231,7,4500,TB@LAR,TB,LAR,,,,,,RB/FLEX
64292-87657:Seth Williams,64292-87657,WR,Seth,Seth Williams,Williams,,,4500,NYJ@DEN,DEN,NYJ,,,,,,WR/FLEX
64292-104041:Myron Mitchell,64292-104041,WR,Myron,Myron Mitchell,Mitchell,,,4500,SEA@MIN,MIN,SEA,,,,,,WR/FLEX
64292-71280:Kalija Lipscomb,64292-71280,WR,Kalija,Kalija Lipscomb,Lipscomb,,,4500,IND@TEN,TEN,IND,,,,,,WR/FLEX
64292-38514:Kevin White,64292-38514,WR,Kevin,Kevin White,White,0,2,4500,NO@NE,NO,NE,,,,,,WR/FLEX
64292-93824:Easop Winston Jr.,64292-93824,WR,Easop,Easop Winston Jr.,Winston Jr.,0,2,4500,NO@NE,NO,NE,,,,,,WR/FLEX
64292-61060:Devine Ozigbo,64292-61060,RB,Devine,Devine Ozigbo,Ozigbo,1.466666698,6,4500,ARI@JAC,JAC,ARI,,,,,,RB/FLEX
64292-91783:Warren Jackson,64292-91783,WR,Warren,Warren Jackson,Jackson,,,4500,SEA@MIN,MIN,SEA,,,,,,WR/FLEX
64292-61072:Stanley Morgan,64292-61072,WR,Stanley,Stanley Morgan,Morgan,0,1,4500,CIN@PIT,CIN,PIT,,,,,,WR/FLEX
64292-52902:Trey Quinn,64292-52902,WR,Trey,Trey Quinn,Quinn,0,3,4500,MIA@LV,LV,MIA,Q,Undisclosed,,,,WR/FLEX
64292-7856:Matthew Slater,64292-7856,WR,Matthew,Matthew Slater,Slater,0,1,4500,NO@NE,NE,NO,,,,,,WR/FLEX
64292-104124:Darrius Shepherd,64292-104124,WR,Darrius,Darrius Shepherd,Shepherd,0.728571415,7,4500,LAC@KC,KC,LAC,,,,,,WR/FLEX
64292-71359:Javon Wims,64292-71359,WR,Javon,Javon Wims,Wims,1.572727203,11,4500,CHI@CLE,CHI,CLE,,,,,,WR/FLEX
64292-69310:Josh Hammond,64292-69310,WR,Josh,Josh Hammond,Hammond,0,2,4500,ARI@JAC,JAC,ARI,,,,,,WR/FLEX
64292-73406:DeVontres Dukes,64292-73406,WR,DeVontres,DeVontres Dukes,Dukes,,,4500,NYJ@DEN,DEN,NYJ,Q,Undisclosed,,,,WR/FLEX
64292-71360:Tyler Simmons,64292-71360,WR,Tyler,Tyler Simmons,Simmons,,,4500,CIN@PIT,PIT,CIN,,,,,,WR/FLEX
64292-52931:Eli Penny,64292-52931,RB,Eli,Eli Penny,Penny,0.25,2,4500,ATL@NYG,NYG,ATL,,,,,,RB/FLEX
64292-69325:Riley Ridley,64292-69325,WR,Riley,Riley Ridley,Ridley,2.1,5,4500,CHI@CLE,CHI,CLE,,,,,,WR/FLEX
64292-71372:Tyrie Cleveland,64292-71372,WR,Tyrie,Tyrie Cleveland,Cleveland,1.328571456,7,4500,NYJ@DEN,DEN,NYJ,,,,,,WR/FLEX
64292-65231:Adam Prentice,64292-65231,RB,Adam,Adam Prentice,Prentice,,,4500,NO@NE,NO,NE,,,,,,RB/FLEX
64292-85714:Tory Carter,64292-85714,RB,Tory,Tory Carter,Carter,,,4500,IND@TEN,TEN,IND,,,,,,RB/FLEX
64292-69343:Landen Akers,64292-69343,WR,Landen,Landen Akers,Akers,,,4500,TB@LAR,LAR,TB,,,,,,WR/FLEX
64292-63201:Xavier Jones,64292-63201,RB,Xavier,Xavier Jones,Jones,0,3,4500,TB@LAR,LAR,TB,IR,Achilles,,,,RB/FLEX
64292-91872:Joshua Kelley,64292-91872,RB,Joshua,Joshua Kelley,Kelley,5.361538227,13,4500,LAC@KC,LAC,KC,,,,,,RB/FLEX
64292-40674:Jester Weah,64292-40674,WR,Jester,Jester Weah,Weah,0,1,4500,CHI@CLE,CHI,CLE,,,,,,WR/FLEX
64292-85731:Racey McMath,64292-85731,WR,Racey,Racey McMath,McMath,,,4500,IND@TEN,TEN,IND,,,,,,WR/FLEX
64292-57064:Ryan Nall,64292-57064,RB,Ryan,Ryan Nall,Nall,1.670000076,10,4500,CHI@CLE,CHI,CLE,,,,,,RB/FLEX
64292-38634:Ryan Switzer,64292-38634,WR,Ryan,Ryan Switzer,Switzer,0,1,4500,CHI@CLE,CLE,CHI,IR,Foot,,,,WR/FLEX
64292-87787:J.K. Dobbins,64292-87787,RB,J.K.,J.K. Dobbins,Dobbins,10.61764706,17,4500,BAL@DET,BAL,DET,IR,Knee - acl,,,,RB/FLEX
64292-71414:Quartney Davis,64292-71414,WR,Quartney,Quartney Davis,Davis,,,4500,IND@TEN,IND,TEN,IR,Shoulder,,,,WR/FLEX
64292-85762:Eno Benjamin,64292-85762,RB,Eno,Eno Benjamin,Benjamin,0,2,4500,ARI@JAC,ARI,JAC,,,,,,RB/FLEX
64292-69383:Dezmon Patmon,64292-69383,WR,Dezmon,Dezmon Patmon,Patmon,0,1,4500,IND@TEN,IND,TEN,IR,Foot,,,,WR/FLEX
64292-26384:Trey Edmunds,64292-26384,RB,Trey,Trey Edmunds,Edmunds,0,1,4500,CIN@PIT,PIT,CIN,,,,,,RB/FLEX
64292-61200:Jaylinn Hawkins,64292-61200,WR,Jaylinn,Jaylinn Hawkins,Hawkins,0,1,4500,ATL@NYG,ATL,NYG,,,,,,WR/FLEX
64292-71444:Travis Homer,64292-71444,RB,Travis,Travis Homer,Homer,1.200000048,2,4500,SEA@MIN,SEA,MIN,,,,,,RB/FLEX
64292-65331:Sutton Smith,64292-65331,RB,Sutton,Sutton Smith,Smith,0,1,4500,NO@NE,NO,NE,,,,,,RB/FLEX
64292-32564:Josh Doctson,64292-32564,WR,Josh,Josh Doctson,Doctson,0,1,4500,ARI@JAC,ARI,JAC,,,,,,WR/FLEX
64292-71477:Maurice Ffrench,64292-71477,WR,Maurice,Maurice Ffrench,Ffrench,,,4500,LAC@KC,LAC,KC,,,,,,WR/FLEX
64292-28502:Devin Smith,64292-28502,WR,Devin,Devin Smith,Smith,0,1,4500,ARI@JAC,JAC,ARI,,,,,,WR/FLEX
64292-26458:Tavon Austin,64292-26458,WR,Tavon,Tavon Austin,Austin,0.416666667,6,4500,ARI@JAC,JAC,ARI,IR,Quadriceps,,,,WR/FLEX
64292-71519:Dillon Stoner,64292-71519,WR,Dillon,Dillon Stoner,Stoner,,,4500,MIA@LV,LV,MIA,,,,,,WR/FLEX
64292-71521:Justice Hill,64292-71521,RB,Justice,Justice Hill,Hill,1.3125,8,4500,BAL@DET,BAL,DET,IR,Achilles,,,,RB/FLEX
64292-63330:Mike Weber,64292-63330,RB,Mike,Mike Weber,Weber,,,4500,ATL@NYG,NYG,ATL,Q,Hip,,,,RB/FLEX
64292-89956:Travis Etienne,64292-89956,RB,Travis,Travis Etienne,Etienne,,,4500,ARI@JAC,JAC,ARI,IR,Foot,,,,RB/FLEX
64292-104297:Jason Moore Jr.,64292-104297,WR,Jason,Jason Moore Jr.,Moore Jr.,0,1,4500,LAC@KC,LAC,KC,Q,Undisclosed,,,,WR/FLEX
64292-53097:Josh Reynolds,64292-53097,WR,Josh,Josh Reynolds,Reynolds,6.252941356,17,4500,IND@TEN,TEN,IND,,,,,,WR/FLEX
64292-63360:Antonio Callaway,64292-63360,WR,Antonio,Antonio Callaway,Callaway,0.75,4,4500,LAC@KC,KC,LAC,Q,Knee,,,,WR/FLEX
64292-69518:T.J. Simmons Jr.,64292-69518,WR,T.J.,T.J. Simmons Jr.,Simmons Jr.,,,4500,TB@LAR,TB,LAR,,,,,,WR/FLEX
64292-63383:Jordan Scarlett,64292-63383,RB,Jordan,Jordan Scarlett,Scarlett,0,2,4500,MIA@LV,MIA,LV,,,,,,RB/FLEX
64292-14237:Kyle Rudolph,64292-14237,TE,Kyle,Kyle Rudolph,Rudolph,2.650000095,2,4500,ATL@NYG,NYG,ATL,,,,,,TE/FLEX
64292-40866:J'Mon Moore,64292-40866,WR,J'Mon,J'Mon Moore,Moore,0,1,4500,ATL@NYG,ATL,NYG,Q,Undisclosed,,,,WR/FLEX
64292-63399:Terry Godwin,64292-63399,WR,Terry,Terry Godwin,Godwin,1.25,4,4500,ARI@JAC,JAC,ARI,IR,Undisclosed,,,,WR/FLEX
64292-34729:Dwayne Washington,64292-34729,RB,Dwayne,Dwayne Washington,Washington,0.283333341,6,4500,NO@NE,NO,NE,,,,,,RB/FLEX
64292-63403:Tae Crowder,64292-63403,RB,Tae,Tae Crowder,Crowder,3,2,4500,ATL@NYG,NYG,ATL,,,,,,RB/FLEX
64292-69558:Greg Dortch,64292-69558,WR,Greg,Greg Dortch,Dortch,0,2,4500,ARI@JAC,ARI,JAC,,,,,,WR/FLEX
64292-63419:Andy Isabella,64292-63419,WR,Andy,Andy Isabella,Isabella,4.027272658,11,4500,ARI@JAC,ARI,JAC,,,,,,WR/FLEX
64292-92093:Jaelon Darden,64292-92093,WR,Jaelon,Jaelon Darden,Darden,,,4500,TB@LAR,TB,LAR,,,,,,WR/FLEX
64292-32703:Jakeem Grant,64292-32703,WR,Jakeem,Jakeem Grant,Grant,-0.75,2,4500,MIA@LV,MIA,LV,Q,Ankle,,,,WR/FLEX
64292-61379:Kerrith Whyte Jr.,64292-61379,RB,Kerrith,Kerrith Whyte Jr.,Whyte Jr.,0,1,4500,WAS@BUF,BUF,WAS,,,,,,RB/FLEX
64292-104388:Tom Kennedy,64292-104388,WR,Tom,Tom Kennedy,Kennedy,0,1,4500,BAL@DET,DET,BAL,,,,,,WR/FLEX
64292-69577:Tre Harbison,64292-69577,RB,Tre,Tre Harbison,Harbison,,,4500,CHI@CLE,CLE,CHI,IR,Concussion,,,,RB/FLEX
64292-63447:Penny Hart,64292-63447,WR,Penny,Penny Hart,Hart,1.350000024,2,4500,SEA@MIN,SEA,MIN,,,,,,WR/FLEX
64292-40932:Pharoh Cooper,64292-40932,WR,Pharoh,Pharoh Cooper,Cooper,0.653333346,15,4500,ARI@JAC,JAC,ARI,,,,,,WR/FLEX
64292-104424:Craig Reynolds,64292-104424,RB,Craig,Craig Reynolds,Reynolds,0.400000016,3,4500,BAL@DET,DET,BAL,,,,,,RB/FLEX
64292-71661:Tino Ellis,64292-71661,WR,Tino,Tino Ellis,Ellis,,,4500,MIA@LV,MIA,LV,,,,,,WR/FLEX
64292-104429:Khalil McClain,64292-104429,WR,Khalil,Khalil McClain,McClain,,,4500,MIA@LV,MIA,LV,,,,,,WR/FLEX
64292-65518:John Ursua,64292-65518,WR,John,John Ursua,Ursua,0,1,4500,SEA@MIN,SEA,MIN,IR,Knee - acl,,,,WR/FLEX
64292-14319:Taiwan Jones,64292-14319,RB,Taiwan,Taiwan Jones,Jones,0,3,4500,WAS@BUF,BUF,WAS,,,,,,RB/FLEX
64292-71662:DJ Turner,64292-71662,WR,DJ,DJ Turner,Turner,,,4500,MIA@LV,LV,MIA,,,,,,WR/FLEX
64292-63479:John Kelly,64292-63479,RB,John,John Kelly,Kelly,0,1,4500,CHI@CLE,CLE,CHI,,,,,,RB/FLEX
64292-40977:Ricky Seals-Jones,64292-40977,TE,Ricky,Ricky Seals-Jones,Seals-Jones,8.399999619,1,4400,WAS@BUF,WAS,BUF,,,,,,TE/FLEX
64292-12555:Baltimore Ravens,64292-12555,D,Baltimore,Baltimore Ravens,Ravens,3.5,2,4400,BAL@DET,BAL,DET,,,,,,DEF
64292-42046:Durham Smythe,64292-42046,TE,Durham,Durham Smythe,Smythe,1.399999976,1,4400,MIA@LV,MIA,LV,,,,,,TE/FLEX
64292-130270:Adam Trautman,64292-130270,TE,Adam,Adam Trautman,Trautman,3.299999952,1,4400,NO@NE,NO,NE,,,,,,TE/FLEX
64292-55336:Chris Herndon,64292-55336,TE,Chris,Chris Herndon,Herndon,0,1,4300,SEA@MIN,MIN,SEA,,,,,,TE/FLEX
64292-12542:New Orleans Saints,64292-12542,D,New Orleans,New Orleans Saints,Saints,10.5,2,4300,NO@NE,NO,NE,,,,,,DEF
64292-38301:Darren Fells,64292-38301,TE,Darren,Darren Fells,Fells,0.699999988,1,4300,BAL@DET,DET,BAL,,,,,,TE/FLEX
64292-54782:Cameron Brate,64292-54782,TE,Cameron,Cameron Brate,Brate,1.299999952,1,4300,TB@LAR,TB,LAR,,,,,,TE/FLEX
64292-18009:Chris Manhertz,64292-18009,TE,Chris,Chris Manhertz,Manhertz,4.349999905,2,4300,ARI@JAC,JAC,ARI,,,,,,TE/FLEX
64292-28694:Jesse James,64292-28694,TE,Jesse,Jesse James,James,2.658333302,12,4200,CHI@CLE,CHI,CLE,,,,,,TE/FLEX
64292-71806:Kaden Smith,64292-71806,TE,Kaden,Kaden Smith,Smith,3.400000095,1,4200,ATL@NYG,NYG,ATL,,,,,,TE/FLEX
64292-12529:Cleveland Browns,64292-12529,D,Cleveland,Cleveland Browns,Browns,3,2,4200,CHI@CLE,CLE,CHI,,,,,,DEF
64292-62510:Nick Boyle,64292-62510,TE,Nick,Nick Boyle,Boyle,3.366666582,9,4200,BAL@DET,BAL,DET,IR,Knee - mcl,,,,TE/FLEX
64292-56708:Will Dissly,64292-56708,TE,Will,Will Dissly,Dissly,5.199999809,1,4200,SEA@MIN,SEA,MIN,,,,,,TE/FLEX
64292-56711:Drew Sample,64292-56711,TE,Drew,Drew Sample,Sample,3.681250095,16,4200,CIN@PIT,CIN,PIT,,,,,,TE/FLEX
64292-38523:Geoff Swaim,64292-38523,TE,Geoff,Geoff Swaim,Swaim,1,2,4200,IND@TEN,TEN,IND,,,,,,TE/FLEX
64292-14348:Lee Smith,64292-14348,TE,Lee,Lee Smith,Smith,1.399999976,1,4100,ATL@NYG,ATL,NYG,,,,,,TE/FLEX
64292-65607:Jacob Harris,64292-65607,TE,Jacob,Jacob Harris,Harris,,,4100,TB@LAR,LAR,TB,,,,,,TE/FLEX
64292-79967:Adam Shaheen,64292-79967,TE,Adam,Adam Shaheen,Shaheen,3,13,4100,MIA@LV,MIA,LV,,,,,,TE/FLEX
64292-12526:Buffalo Bills,64292-12526,D,Buffalo,Buffalo Bills,Bills,12.5,2,4100,WAS@BUF,BUF,WAS,,,,,,DEF
64292-12527:Chicago Bears,64292-12527,D,Chicago,Chicago Bears,Bears,9.5,2,4100,CHI@CLE,CHI,CLE,,,,,,DEF
64292-55609:Ryan Izzo,64292-55609,TE,Ryan,Ryan Izzo,Izzo,2.439999962,10,4100,ATL@NYG,NYG,ATL,,,,,,TE/FLEX
64292-63907:Josh Oliver,64292-63907,TE,Josh,Josh Oliver,Oliver,0.699999988,2,4100,BAL@DET,BAL,DET,,,,,,TE/FLEX
64292-27403:Blake Bell,64292-27403,TE,Blake,Blake Bell,Bell,1.75,2,4100,LAC@KC,KC,LAC,,,,,,TE/FLEX
64292-56212:Tommy Sweeney,64292-56212,TE,Tommy,Tommy Sweeney,Sweeney,,,4100,WAS@BUF,BUF,WAS,,,,,,TE/FLEX
64292-70705:Trevon Wesco,64292-70705,TE,Trevon,Trevon Wesco,Wesco,0.333333333,3,4100,NYJ@DEN,NYJ,DEN,,,,,,TE/FLEX
64292-73089:Devin Asiasi,64292-73089,TE,Devin,Devin Asiasi,Asiasi,2.179999924,5,4100,NO@NE,NE,NO,,,,,,TE/FLEX
64292-104278:Donald Parham Jr.,64292-104278,TE,Donald,Donald Parham Jr.,Parham Jr.,0,1,4100,LAC@KC,LAC,KC,,,,,,TE/FLEX
64292-90123:Quintin Morris,64292-90123,TE,Quintin,Quintin Morris,Morris,,,4000,WAS@BUF,BUF,WAS,,,,,,TE/FLEX
64292-71697:Shaun Beyer,64292-71697,TE,Shaun,Shaun Beyer,Beyer,,,4000,NYJ@DEN,DEN,NYJ,,,,,,TE/FLEX
64292-137249:Briley Moore-McKinney,64292-137249,TE,Briley,Briley Moore-McKinney,Moore-McKinney,,,4000,IND@TEN,TEN,IND,IR,Knee - acl,,,,TE/FLEX
64292-59455:Sammis Reyes,64292-59455,TE,Sammis,Sammis Reyes,Reyes,,,4000,WAS@BUF,WAS,BUF,,,,,,TE/FLEX
64292-30787:Alex Ellis,64292-30787,TE,Alex,Alex Ellis,Ellis,0,1,4000,MIA@LV,LV,MIA,Q,Undisclosed,,,,TE/FLEX
64292-63565:Jake Breeland,64292-63565,TE,Jake,Jake Breeland,Breeland,0,1,4000,BAL@DET,BAL,DET,Q,Knee - acl,,,,TE/FLEX
64292-71767:Caleb Wilson,64292-71767,TE,Caleb,Caleb Wilson,Wilson,0,1,4000,WAS@BUF,WAS,BUF,,,,,,TE/FLEX
64292-79980:Eric Saubert,64292-79980,TE,Eric,Eric Saubert,Saubert,1.200000048,2,4000,NYJ@DEN,DEN,NYJ,,,,,,TE/FLEX
64292-32957:Eric Tomlinson,64292-32957,TE,Eric,Eric Tomlinson,Tomlinson,0,2,4000,BAL@DET,BAL,DET,,,,,,TE/FLEX
64292-149708:Zach Davidson,64292-149708,TE,Zach,Zach Davidson,Davidson,,,4000,SEA@MIN,MIN,SEA,,,,,,TE/FLEX
64292-63697:Brycen Hopkins,64292-63697,TE,Brycen,Brycen Hopkins,Hopkins,0,2,4000,TB@LAR,LAR,TB,,,,,,TE/FLEX
64292-149727:Bernhard Seikovits,64292-149727,TE,Bernhard,Bernhard Seikovits,Seikovits,,,4000,ARI@JAC,ARI,JAC,,,,,,TE/FLEX
64292-12537:Las Vegas Raiders,64292-12537,D,Las Vegas,Las Vegas Raiders,Raiders,6,2,4000,MIA@LV,LV,MIA,,,,,,DEF
64292-12538:Los Angeles Rams,64292-12538,D,Los Angeles,Los Angeles Rams,Rams,8,2,4000,TB@LAR,LAR,TB,,,,,,DEF
64292-61693:Danny Pinter,64292-61693,TE,Danny,Danny Pinter,Pinter,0,1,4000,IND@TEN,IND,TEN,,,,,,TE/FLEX
64292-90398:Matt Bushman,64292-90398,TE,Matt,Matt Bushman,Bushman,,,4000,MIA@LV,LV,MIA,,,,,,TE/FLEX
64292-65839:Kahale Warring,64292-65839,TE,Kahale,Kahale Warring,Warring,1.25,4,4000,WAS@BUF,BUF,WAS,,,,,,TE/FLEX
64292-149827:Nick Guggemos,64292-149827,TE,Nick,Nick Guggemos,Guggemos,,,4000,WAS@BUF,WAS,BUF,,,,,,TE/FLEX
64292-149832:Shane Zylstra,64292-149832,TE,Shane,Shane Zylstra,Zylstra,,,4000,BAL@DET,DET,BAL,,,,,,TE/FLEX
64292-63839:Tyler Mabry,64292-63839,TE,Tyler,Tyler Mabry,Mabry,0,1,4000,SEA@MIN,SEA,MIN,,,,,,TE/FLEX
64292-63841:Matt Seybert,64292-63841,TE,Matt,Matt Seybert,Seybert,,,4000,LAC@KC,LAC,KC,,,,,,TE/FLEX
64292-22920:Derek Carrier,64292-22920,TE,Derek,Derek Carrier,Carrier,2.299999952,1,4000,MIA@LV,LV,MIA,,,,,,TE/FLEX
64292-94609:Pro Wells,64292-94609,TE,Pro,Pro Wells,Wells,,,4000,CIN@PIT,CIN,PIT,,,,,,TE/FLEX
64292-45472:Garrett Griffin,64292-45472,TE,Garrett,Garrett Griffin,Griffin,,,4000,NO@NE,NO,NE,,,,,,TE/FLEX
64292-47551:Mason Schreck,64292-47551,TE,Mason,Mason Schreck,Schreck,0,2,4000,CIN@PIT,CIN,PIT,,,,,,TE/FLEX
64292-84440:Jaeden Graham,64292-84440,TE,Jaeden,Jaeden Graham,Graham,0.666666667,6,4000,ATL@NYG,ATL,NYG,IR,Knee,,,,TE/FLEX
64292-41469:Darrell Daniels,64292-41469,TE,Darrell,Darrell Daniels,Daniels,2.400000095,8,4000,ARI@JAC,ARI,JAC,,,,,,TE/FLEX
64292-64023:Kyle Markway,64292-64023,TE,Kyle,Kyle Markway,Markway,0,1,4000,CHI@CLE,CLE,CHI,,,,,,TE/FLEX
64292-14895:Patrick Scales,64292-14895,TE,Patrick,Patrick Scales,Scales,0,2,4000,CHI@CLE,CHI,CLE,,,,,,TE/FLEX
64292-68155:Codey McElroy,64292-68155,TE,Codey,Codey McElroy,McElroy,,,4000,TB@LAR,TB,LAR,,,,,,TE/FLEX
64292-41552:Dylan Cantrell,64292-41552,TE,Dylan,Dylan Cantrell,Cantrell,0,2,4000,WAS@BUF,WAS,BUF,IR,Undisclosed,,,,TE/FLEX
64292-55895:Kendall Blanton,64292-55895,TE,Kendall,Kendall Blanton,Blanton,0,2,4000,TB@LAR,LAR,TB,,,,,,TE/FLEX
64292-64088:Cheyenne O'Grady,64292-64088,TE,Cheyenne,Cheyenne O'Grady,O'Grady,,,4000,CIN@PIT,CIN,PIT,,,,,,TE/FLEX
64292-29277:Stephen Anderson,64292-29277,TE,Stephen,Stephen Anderson,Anderson,1.25,2,4000,LAC@KC,LAC,KC,,,,,,TE/FLEX
64292-47788:Deon Yelder,64292-47788,TE,Deon,Deon Yelder,Yelder,1.183333317,6,4000,TB@LAR,TB,LAR,,,,,,TE/FLEX
64292-62127:Cole Hikutini,64292-62127,TE,Cole,Cole Hikutini,Hikutini,0,1,4000,ATL@NYG,NYG,ATL,Q,Hip,,,,TE/FLEX
64292-70342:Temarrick Hemingway,64292-70342,TE,Temarrick,Temarrick Hemingway,Hemingway,0.5,3,4000,WAS@BUF,WAS,BUF,,,,,,TE/FLEX
64292-29390:Evan Baylis,64292-29390,TE,Evan,Evan Baylis,Baylis,0,2,4000,LAC@KC,KC,LAC,Q,Ankle,,,,TE/FLEX
64292-64221:Zach Gentry,64292-64221,TE,Zach,Zach Gentry,Gentry,0.300000012,1,4000,CIN@PIT,PIT,CIN,,,,,,TE/FLEX
64292-86770:Hunter Bryant,64292-86770,TE,Hunter,Hunter Bryant,Bryant,1.633333365,3,4000,BAL@DET,DET,BAL,IR,Undisclosed,,,,TE/FLEX
64292-86773:DeShon Williams,64292-86773,TE,DeShon,DeShon Williams,Williams,,,4000,SEA@MIN,SEA,MIN,,,,,,TE/FLEX
64292-54007:Jacob Hollister,64292-54007,TE,Jacob,Jacob Hollister,Hollister,3.560000102,15,4000,ARI@JAC,JAC,ARI,,,,,,TE/FLEX
64292-54011:Austin Fort,64292-54011,TE,Austin,Austin Fort,Fort,0,1,4000,IND@TEN,TEN,IND,,,,,,TE/FLEX
64292-70426:Reggie Gilliam,64292-70426,TE,Reggie,Reggie Gilliam,Gilliam,0.200000003,1,4000,WAS@BUF,BUF,WAS,,,,,,TE/FLEX
64292-23435:Andrew DePaola,64292-23435,TE,Andrew,Andrew DePaola,DePaola,,,4000,SEA@MIN,MIN,SEA,,,,,,TE/FLEX
64292-19342:Demetrius Harris,64292-19342,TE,Demetrius,Demetrius Harris,Harris,0,2,4000,ARI@JAC,ARI,JAC,,,,,,TE/FLEX
64292-93075:Hunter Long,64292-93075,TE,Hunter,Hunter Long,Long,,,4000,MIA@LV,MIA,LV,,,,,,TE/FLEX
64292-64408:Nick Bowers,64292-64408,TE,Nick,Nick Bowers,Bowers,,,4000,MIA@LV,LV,MIA,,,,,,TE/FLEX
64292-91046:Brock Wright,64292-91046,TE,Brock,Brock Wright,Wright,,,4000,BAL@DET,DET,BAL,,,,,,TE/FLEX
64292-70604:John Raine,64292-70604,TE,John,John Raine,Raine,,,4000,ATL@NYG,ATL,NYG,,,,,,TE/FLEX
64292-93143:Noah Gray,64292-93143,TE,Noah,Noah Gray,Gray,,,4000,LAC@KC,KC,LAC,,,,,,TE/FLEX
64292-72665:Kenny Yeboah,64292-72665,TE,Kenny,Kenny Yeboah,Yeboah,,,4000,NYJ@DEN,NYJ,DEN,,,,,,TE/FLEX
64292-43993:Andrew Vollert,64292-43993,TE,Andrew,Andrew Vollert,Vollert,0,1,4000,IND@TEN,IND,TEN,Q,Ankle,,,,TE/FLEX
64292-54239:Matt Sokol,64292-54239,TE,Matt,Matt Sokol,Sokol,0,1,4000,ARI@JAC,JAC,ARI,,,,,,TE/FLEX
64292-72705:John Bates,64292-72705,TE,John,John Bates,Bates,,,4000,WAS@BUF,WAS,BUF,,,,,,TE/FLEX
64292-72725:Irv Smith Jr.,64292-72725,TE,Irv,Irv Smith Jr.,Smith Jr.,6.958333333,12,4000,SEA@MIN,MIN,SEA,IR,Knee - meniscus,,,,TE/FLEX
64292-27672:Matt LaCosse,64292-27672,TE,Matt,Matt LaCosse,LaCosse,0,1,4000,NO@NE,NE,NO,,,,,,TE/FLEX
64292-29725:Levine Toilolo,64292-29725,TE,Levine,Levine Toilolo,Toilolo,1.183333317,6,4000,ATL@NYG,NYG,ATL,IR,Achilles,,,,TE/FLEX
64292-62505:MyCole Pruitt,64292-62505,TE,MyCole,MyCole Pruitt,Pruitt,5.800000191,1,4000,IND@TEN,TEN,IND,,,,,,TE/FLEX
64292-64603:Farrod Green,64292-64603,TE,Farrod,Farrod Green,Green,0,1,4000,IND@TEN,IND,TEN,,,,,,TE/FLEX
64292-42077:James Winchester,64292-42077,TE,James,James Winchester,Winchester,,,4000,LAC@KC,KC,LAC,,,,,,TE/FLEX
64292-46177:David Wells,64292-46177,TE,David,David Wells,Wells,,,4000,ATL@NYG,ATL,NYG,,,,,,TE/FLEX
64292-158851:Graham Adomitis,64292-158851,TE,Graham,Graham Adomitis,Adomitis,,,4000,IND@TEN,IND,TEN,,,,,,TE/FLEX
64292-58499:Parker Hesse,64292-58499,TE,Parker,Parker Hesse,Hesse,0,1,4000,ATL@NYG,ATL,NYG,,,,,,TE/FLEX
64292-54426:Andrew Beck,64292-54426,TE,Andrew,Andrew Beck,Beck,0,1,4000,NYJ@DEN,DEN,NYJ,,,,,,TE/FLEX
64292-9409:Clark Harris,64292-9409,TE,Clark,Clark Harris,Harris,0,1,4000,CIN@PIT,CIN,PIT,,,,,,TE/FLEX
64292-89283:Tre' McKitty,64292-89283,TE,Tre',Tre' McKitty,McKitty,,,4000,LAC@KC,LAC,KC,,,,,,TE/FLEX
64292-52461:Carson Meier,64292-52461,TE,Carson,Carson Meier,Meier,0,1,4000,MIA@LV,MIA,LV,,,,,,TE/FLEX
64292-130286:Ben Ellefson,64292-130286,TE,Ben,Ben Ellefson,Ellefson,0.875,4,4000,SEA@MIN,MIN,SEA,,,,,,TE/FLEX
64292-52468:Ethan Wolf,64292-52468,TE,Ethan,Ethan Wolf,Wolf,0,1,4000,NO@NE,NO,NE,,,,,,TE/FLEX
64292-64762:Nakia Griffin-Stewart,64292-64762,TE,Nakia,Nakia Griffin-Stewart,Griffin-Stewart,,,4000,ATL@NYG,NYG,ATL,,,,,,TE/FLEX
64292-62718:Daniel Brown,64292-62718,TE,Daniel,Daniel Brown,Brown,1.024999976,4,4000,NYJ@DEN,NYJ,DEN,,,,,,TE/FLEX
64292-34073:Ryan Griffin,64292-34073,TE,Ryan,Ryan Griffin,Griffin,2.849999905,2,4000,NYJ@DEN,NYJ,DEN,,,,,,TE/FLEX
64292-60699:Kalif Jackson,64292-60699,TE,Kalif,Kalif Jackson,Jackson,,,4000,MIA@LV,MIA,LV,,,,,,TE/FLEX
64292-83226:Kevin Rader,64292-83226,TE,Kevin,Kevin Rader,Rader,0,2,4000,CIN@PIT,PIT,CIN,,,,,,TE/FLEX
64292-68895:Bruno Labelle,64292-68895,TE,Bruno,Bruno Labelle,Labelle,,,4000,ARI@JAC,ARI,JAC,Q,Undisclosed,,,,TE/FLEX
64292-66857:Jibri Blount,64292-66857,TE,Jibri,Jibri Blount,Blount,,,4000,MIA@LV,MIA,LV,,,,,,TE/FLEX
64292-138552:Connor Davis,64292-138552,TE,Connor,Connor Davis,Davis,0,1,4000,CHI@CLE,CLE,CHI,IR,Shoulder,,,,TE/FLEX
64292-64833:Alize Mack,64292-64833,TE,Alize,Alize Mack,Mack,,,4000,BAL@DET,DET,BAL,,,,,,TE/FLEX
64292-64864:Noah Togiai,64292-64864,TE,Noah,Noah Togiai,Togiai,0,2,4000,IND@TEN,IND,TEN,Q,Undisclosed,,,,TE/FLEX
64292-25957:J.P. Holtz,64292-25957,TE,J.P.,J.P. Holtz,Holtz,0,7,4000,CHI@CLE,CHI,CLE,,,,,,TE/FLEX
64292-68975:Josh Pederson,64292-68975,TE,Josh,Josh Pederson,Pederson,,,4000,NO@NE,NO,NE,,,,,,TE/FLEX
64292-60791:Tommy Hudson,64292-60791,TE,Tommy,Tommy Hudson,Hudson,1.899999976,1,4000,IND@TEN,TEN,IND,,,,,,TE/FLEX
64292-87422:Dom Wood-Anderson,64292-87422,TE,Dom,Dom Wood-Anderson,Wood-Anderson,0,1,4000,SEA@MIN,SEA,MIN,,,,,,TE/FLEX
64292-71048:Thaddeus Moss,64292-71048,TE,Thaddeus,Thaddeus Moss,Moss,0,1,4000,CIN@PIT,CIN,PIT,,,,,,TE/FLEX
64292-97672:Carson Williams,64292-97672,TE,Carson,Carson Williams,Williams,,,4000,MIA@LV,LV,MIA,,,,,,TE/FLEX
64292-40371:Johnny Mundt,64292-40371,TE,Johnny,Johnny Mundt,Mundt,2.433333397,3,4000,TB@LAR,LAR,TB,,,,,,TE/FLEX
64292-69069:Tony Poljan,64292-69069,TE,Tony,Tony Poljan,Poljan,,,4000,BAL@DET,BAL,DET,,,,,,TE/FLEX
64292-73172:Jake Hausmann,64292-73172,TE,Jake,Jake Hausmann,Hausmann,,,4000,ATL@NYG,NYG,ATL,,,,,,TE/FLEX
64292-73176:Luke Farrell,64292-73176,TE,Luke,Luke Farrell,Farrell,1.100000024,1,4000,ARI@JAC,JAC,ARI,,,,,,TE/FLEX
64292-54746:Tyler Ott,64292-54746,TE,Tyler,Tyler Ott,Ott,0,1,4000,SEA@MIN,SEA,MIN,,,,,,TE/FLEX
64292-103900:Brandon Dillon,64292-103900,TE,Brandon,Brandon Dillon,Dillon,1.100000024,1,4000,SEA@MIN,MIN,SEA,,,,,,TE/FLEX
64292-71143:Kylen Granson,64292-71143,TE,Kylen,Kylen Granson,Granson,,,4000,IND@TEN,IND,TEN,,,,,,TE/FLEX
64292-89588:Colby Parkinson,64292-89588,TE,Colby,Colby Parkinson,Parkinson,1.299999952,2,4000,SEA@MIN,SEA,MIN,IR,Foot,,,,TE/FLEX
64292-62981:Eli Wolf,64292-62981,TE,Eli,Eli Wolf,Wolf,0,1,4000,BAL@DET,BAL,DET,,,,,,TE/FLEX
64292-73266:Dylan Soehner,64292-73266,TE,Dylan,Dylan Soehner,Soehner,,,4000,NO@NE,NO,NE,IR,Undisclosed,,,,TE/FLEX
64292-69173:Hunter Kampmoyer,64292-69173,TE,Hunter,Hunter Kampmoyer,Kampmoyer,,,4000,LAC@KC,LAC,KC,,,,,,TE/FLEX
64292-60984:Jake Bargas,64292-60984,TE,Jake,Jake Bargas,Bargas,,,4000,SEA@MIN,MIN,SEA,,,,,,TE/FLEX
64292-104008:Stephen Carlson,64292-104008,TE,Stephen,Stephen Carlson,Carlson,0.449999988,8,4000,CHI@CLE,CLE,CHI,IR,Knee,,,,TE/FLEX
64292-104019:Matt Orzech,64292-104019,TE,Matt,Matt Orzech,Orzech,0,1,4000,TB@LAR,LAR,TB,,,,,,TE/FLEX
64292-56947:Chris Myarick,64292-56947,TE,Chris,Chris Myarick,Myarick,0,1,4000,ATL@NYG,NYG,ATL,,,,,,TE/FLEX
64292-38528:Tyrone Swoopes,64292-38528,TE,Tyrone,Tyrone Swoopes,Swoopes,0,1,4000,WAS@BUF,WAS,BUF,IR,Undisclosed,,,,TE/FLEX
64292-87690:Sal Cannella,64292-87690,TE,Sal,Sal Cannella,Cannella,,,4000,MIA@LV,MIA,LV,,,,,,TE/FLEX
64292-65182:Mitchell Wilcox,64292-65182,TE,Mitchell,Mitchell Wilcox,Wilcox,0,1,4000,CIN@PIT,CIN,PIT,,,,,,TE/FLEX
64292-16078:Ross Travis,64292-16078,TE,Ross,Ross Travis,Travis,0,1,4000,ARI@JAC,ARI,JAC,,,,,,TE/FLEX
64292-63189:Hunter Thedford,64292-63189,TE,Hunter,Hunter Thedford,Thedford,,,4000,BAL@DET,DET,BAL,,,,,,TE/FLEX
64292-71386:Jordan Thomas,64292-71386,TE,Jordan,Jordan Thomas,Thomas,1.700000048,4,4000,IND@TEN,IND,TEN,Q,Undisclosed,,,,TE/FLEX
64292-61172:Tyler Davis,64292-61172,TE,Tyler,Tyler Davis,Davis,0,2,4000,IND@TEN,IND,TEN,,,,,,TE/FLEX
64292-95999:Charlie Taumoepeau,64292-95999,TE,Charlie,Charlie Taumoepeau,Taumoepeau,0,1,4000,BAL@DET,DET,BAL,IR,Neck,,,,TE/FLEX
64292-91945:Cam Sutton,64292-91945,TE,Cam,Cam Sutton,Sutton,0,2,4000,SEA@MIN,SEA,MIN,,,,,,TE/FLEX
64292-40746:Troy Fumagalli,64292-40746,TE,Troy,Troy Fumagalli,Fumagalli,2.571428571,7,4000,NO@NE,NE,NO,IR,Undisclosed,,,,TE/FLEX
64292-38722:Cethan Carter,64292-38722,TE,Cethan,Cethan Carter,Carter,1.299999952,1,4000,MIA@LV,MIA,LV,,,,,,TE/FLEX
64292-63321:Rashod Berry,64292-63321,TE,Rashod,Rashod Berry,Berry,0,1,4000,BAL@DET,DET,BAL,,,,,,TE/FLEX
64292-69516:Miller Forristall,64292-69516,TE,Miller,Miller Forristall,Forristall,,,4000,CHI@CLE,CLE,CHI,,,,,,TE/FLEX
64292-38805:Marcus Baugh,64292-38805,TE,Marcus,Marcus Baugh,Baugh,0.349999994,2,4000,CIN@PIT,PIT,CIN,,,,,,TE/FLEX
64292-28570:Nick Vannett,64292-28570,TE,Nick,Nick Vannett,Vannett,2.045454545,11,4000,NO@NE,NO,NE,IR,Knee,,,,TE/FLEX
64292-55209:Nate Becker,64292-55209,TE,Nate,Nate Becker,Becker,,,4000,WAS@BUF,BUF,WAS,,,,,,TE/FLEX
64292-30654:Jerell Adams,64292-30654,TE,Jerell,Jerell Adams,Adams,0,1,4000,TB@LAR,TB,LAR,,,,,,TE/FLEX
64292-65492:Dax Raymond,64292-65492,TE,Dax,Dax Raymond,Raymond,0,1,4000,CIN@PIT,PIT,CIN,Q,Undisclosed,,,,TE/FLEX
64292-14304:Luke Stocker,64292-14304,TE,Luke,Luke Stocker,Stocker,0.980000019,10,4000,IND@TEN,TEN,IND,,,,,,TE/FLEX
64292-104421:Jesper Horsted,64292-104421,TE,Jesper,Jesper Horsted,Horsted,0,2,4000,CHI@CLE,CHI,CLE,,,,,,TE/FLEX
64292-85994:Dalton Keene,64292-85994,TE,Dalton,Dalton Keene,Keene,0.774999976,4,4000,NO@NE,NE,NO,IR,Knee - meniscus,,,,TE/FLEX
64292-57325:Jordan Franks,64292-57325,TE,Jordan,Jordan Franks,Franks,0,1,4000,CHI@CLE,CLE,CHI,,,,,,TE/FLEX
64292-71673:Scooter Harrington,64292-71673,TE,Scooter,Scooter Harrington,Harrington,,,4000,CHI@CLE,CHI,CLE,,,,,,TE/FLEX
64292-104447:Jody Fortson,64292-104447,TE,Jody,Jody Fortson,Fortson,1.600000024,1,4000,LAC@KC,KC,LAC,,,,,,TE/FLEX
64292-12543:New York Giants,64292-12543,D,New York,New York Giants,Giants,3,2,3900,ATL@NYG,NYG,ATL,,,,,,DEF
64292-12551:Tampa Bay Buccaneers,64292-12551,D,Tampa Bay,Tampa Bay Buccaneers,Buccaneers,10.5,2,3900,TB@LAR,TB,LAR,,,,,,DEF
64292-12535:Indianapolis Colts,64292-12535,D,Indianapolis,Indianapolis Colts,Colts,7.5,2,3800,IND@TEN,IND,TEN,,,,,,DEF
64292-12539:Miami Dolphins,64292-12539,D,Miami,Miami Dolphins,Dolphins,3.5,2,3800,MIA@LV,MIA,LV,,,,,,DEF
64292-12536:Kansas City Chiefs,64292-12536,D,Kansas City,Kansas City Chiefs,Chiefs,6,2,3700,LAC@KC,KC,LAC,,,,,,DEF
64292-12552:Washington Football Team,64292-12552,D,Washington,Washington Football Team,Football Team,5,2,3700,WAS@BUF,WAS,BUF,,,,,,DEF
64292-12550:Seattle Seahawks,64292-12550,D,Seattle,Seattle Seahawks,Seahawks,5,2,3600,SEA@MIN,SEA,MIN,,,,,,DEF
64292-12525:Atlanta Falcons,64292-12525,D,Atlanta,Atlanta Falcons,Falcons,0.5,2,3500,ATL@NYG,ATL,NYG,,,,,,DEF
64292-12540:Minnesota Vikings,64292-12540,D,Minnesota,Minnesota Vikings,Vikings,8.5,2,3500,SEA@MIN,MIN,SEA,,,,,,DEF
64292-12528:Cincinnati Bengals,64292-12528,D,Cincinnati,Cincinnati Bengals,Bengals,5.5,2,3400,CIN@PIT,CIN,PIT,,,,,,DEF
64292-12548:Los Angeles Chargers,64292-12548,D,Los Angeles,Los Angeles Chargers,Chargers,4.5,2,3300,LAC@KC,LAC,KC,,,,,,DEF
64292-12544:New York Jets,64292-12544,D,New York,New York Jets,Jets,3.5,2,3200,NYJ@DEN,NYJ,DEN,,,,,,DEF
64292-12554:Jacksonville Jaguars,64292-12554,D,Jacksonville,Jacksonville Jaguars,Jaguars,3,2,3100,ARI@JAC,JAC,ARI,,,,,,DEF
64292-12532:Detroit Lions,64292-12532,D,Detroit,Detroit Lions,Lions,1,1,3000,BAL@DET,DET,BAL,,,,,,DEF
