Player ID + Player Name,Id,Position,First Name,Nickname,Last Name,FPPG,Played,Salary,Game,Team,Opponent,Injury Indicator,Injury Details,Tier,Probable Pitcher,Batting Order,Roster Position
64277-16956:Gerrit Cole,64277-16956,P,Gerrit,Gerrit Cole,Cole,42.42857143,28,11400,TEX@NYY,NYY,TEX,,,,,,P
64277-82604:Corbin Burnes,64277-82604,P,Corbin,Corbin Burnes,Burnes,43.92307692,26,11300,STL@MIL,MIL,STL,,,,,,P
64277-53029:Robbie Ray,64277-53029,P,Robbie,Robbie Ray,Ray,42.5862069,29,11000,TOR@TB,TOR,TB,,,,Yes,,P
64277-52183:Tyler Glasnow,64277-52183,P,Tyler,Tyler Glasnow,Glasnow,44.35714286,14,10800,TOR@TB,TB,TOR,IL,Elbow,,,,P
64277-16960:Zack Wheeler,64277-16960,P,Zack,Zack Wheeler,Wheeler,40.67741935,31,10700,BAL@PHI,PHI,BAL,,,,,,P
64277-79246:Jack Flaherty,64277-79246,P,Jack,Jack Flaherty,Flaherty,34.5,14,10300,STL@MIL,STL,MIL,IL,Shoulder,,,,P
64277-53067:Chris Bassitt,64277-53067,P,Chris,Chris Bassitt,Bassitt,35.56,25,10300,SEA@OAK,OAK,SEA,IL,Face,,,,P
64277-5202:Justin Verlander,64277-5202,P,Justin,Justin Verlander,Verlander,43,1,10000,HOU@LAA,HOU,LAA,IL,Elbow,,,,P
64277-80582:Brandon Woodruff,64277-80582,P,Brandon,Brandon Woodruff,Woodruff,38.85714286,28,10000,STL@MIL,MIL,STL,,,,,,P
64277-5431:Adam Wainwright,64277-5431,P,Adam,Adam Wainwright,Wainwright,33.96875,32,9800,STL@MIL,STL,MIL,,,,,,P
64277-52159:Lance McCullers Jr.,64277-52159,P,Lance,Lance McCullers Jr.,McCullers Jr.,33.82142857,28,9700,HOU@LAA,HOU,LAA,,,,,,P
64277-52165:Sean Manaea,64277-52165,P,Sean,Sean Manaea,Manaea,31.68965517,29,9600,SEA@OAK,OAK,SEA,,,,Yes,,P
64277-60639:Jose Berrios,64277-60639,P,Jose,Jose Berrios,Berrios,34.2,30,9400,TOR@TB,TOR,TB,,,,,,P
64277-102407:Shane McClanahan,64277-102407,P,Shane,Shane McClanahan,McClanahan,30.17391304,23,9300,TOR@TB,TB,TOR,,,,,,P
64277-63781:Frankie Montas,64277-63781,P,Frankie,Frankie Montas,Montas,34.5,30,9300,SEA@OAK,OAK,SEA,,,,,,P
64277-85599:Framber Valdez,64277-85599,P,Framber,Framber Valdez,Valdez,34.36842105,19,9300,HOU@LAA,HOU,LAA,,,,Yes,,P
64277-52185:Max Fried,64277-52185,P,Max,Max Fried,Fried,29.93103448,29,9300,ATL@ARI,ATL,ARI,,,,,,P
64277-5466:Charlie Morton,64277-5466,P,Charlie,Charlie Morton,Morton,33.64516129,31,9200,ATL@ARI,ATL,ARI,,,,,,P
64277-102335:Cristian Javier,64277-102335,P,Cristian,Cristian Javier,Javier,17.48484848,33,9100,HOU@LAA,HOU,LAA,,,,,,P
64277-83157:Ranger Suarez,64277-83157,P,Ranger,Ranger Suarez,Suarez,14.33333333,36,9000,BAL@PHI,PHI,BAL,,,,Yes,,P
64277-60644:Luis Severino,64277-60644,P,Luis,Luis Severino,Severino,,,9000,TEX@NYY,NYY,TEX,IL,Shoulder,,,,P
64277-5522:Zack Greinke,64277-5522,P,Zack,Zack Greinke,Greinke,25.93103448,29,9000,HOU@LAA,HOU,LAA,,,,,,P
64277-119441:Alek Manoah,64277-119441,P,Alek,Alek Manoah,Manoah,32.47058824,17,9000,TOR@TB,TOR,TB,,,,,,P
64277-83190:Freddy Peralta,64277-83190,P,Freddy,Freddy Peralta,Peralta,34.59259259,27,8900,STL@MIL,MIL,STL,,,,Yes,,P
64277-37014:Hyun Jin Ryu,64277-37014,P,Hyun Jin,Hyun Jin Ryu,Ryu,26.79310345,29,8800,TOR@TB,TOR,TB,IL,Neck,,,,P
64277-60647:Aaron Nola,64277-60647,P,Aaron,Aaron Nola,Nola,31.4516129,31,8800,BAL@PHI,PHI,BAL,,,,,,P
64277-79853:Jordan Montgomery,64277-79853,P,Jordan,Jordan Montgomery,Montgomery,28.55555556,27,8800,TEX@NYY,NYY,TEX,,,,,,P
64277-110822:Jose Urquidy,64277-110822,P,Jose,Jose Urquidy,Urquidy,28.11764706,17,8700,HOU@LAA,HOU,LAA,,,,,,P
64277-101881:Merrill Kelly,64277-101881,P,Merrill,Merrill Kelly,Kelly,26.56,25,8700,ATL@ARI,ARI,ATL,,,,,,P
64277-16961:Jameson Taillon,64277-16961,P,Jameson,Jameson Taillon,Taillon,25.92592593,27,8700,TEX@NYY,NYY,TEX,IL,Ankle,,,,P
64277-68482:Zach Eflin,64277-68482,P,Zach,Zach Eflin,Eflin,29.72222222,18,8700,BAL@PHI,PHI,BAL,IL,Knee,,,,P
64277-118206:Luis Gil,64277-118206,P,Luis,Luis Gil,Gil,30.33333333,6,8600,TEX@NYY,NYY,TEX,,,,,,P
64277-12936:Kyle Gibson,64277-12936,P,Kyle,Kyle Gibson,Gibson,29.67857143,28,8600,BAL@PHI,PHI,BAL,,,,,,P
64277-37999:Michael Wacha,64277-37999,P,Michael,Michael Wacha,Wacha,17.96296296,27,8500,TOR@TB,TB,TOR,,,,,,P
64277-21098:James Paxton,64277-21098,P,James,James Paxton,Paxton,7,1,8500,SEA@OAK,SEA,OAK,IL,Forearm,,,,P
64277-82775:Nestor Cortes,64277-82775,P,Nestor,Nestor Cortes,Cortes,22.95,20,8500,TEX@NYY,NYY,TEX,,,,Yes,,P
64277-97300:John Means,64277-97300,P,John,John Means,Means,29.30434783,23,8400,BAL@PHI,BAL,PHI,,,,Yes,,P
64277-66766:Adrian Houser,64277-66766,P,Adrian,Adrian Houser,Houser,24.03846154,26,8400,STL@MIL,MIL,STL,,,,,,P
64277-101804:Huascar Ynoa,64277-101804,P,Huascar,Huascar Ynoa,Ynoa,30.26666667,15,8400,ATL@ARI,ATL,ARI,,,,,,P
64277-135212:Luis Garcia,64277-135212,P,Luis,Luis Garcia,Garcia,30.32142857,28,8300,HOU@LAA,HOU,LAA,,,,,,P
64277-17116:Jake Odorizzi,64277-17116,P,Jake,Jake Odorizzi,Odorizzi,20.68181818,22,8300,HOU@LAA,HOU,LAA,IL,Foot,,,,P
64277-68536:James Kaprielian,64277-68536,P,James,James Kaprielian,Kaprielian,29.14285714,21,8300,SEA@OAK,OAK,SEA,,,,,,P
64277-52174:Steven Matz,64277-52174,P,Steven,Steven Matz,Matz,27.81481481,27,8200,TOR@TB,TOR,TB,,,,,,P
64277-102394:Luis Patino,64277-102394,P,Luis,Luis Patino,Patino,21.1875,16,8200,TOR@TB,TB,TOR,,,,,,P
64277-85251:Zac Gallen,64277-85251,P,Zac,Zac Gallen,Gallen,27.33333333,21,8100,ATL@ARI,ARI,ATL,,,,,,P
64277-79226:Eric Lauer,64277-79226,P,Eric,Eric Lauer,Lauer,25.73913043,23,8100,STL@MIL,MIL,STL,,,,,,P
64277-102001:Yusei Kikuchi,64277-102001,P,Yusei,Yusei Kikuchi,Kikuchi,28.20689655,29,8100,SEA@OAK,SEA,OAK,,,,,,P
64277-52190:Marco Gonzales,64277-52190,P,Marco,Marco Gonzales,Gonzales,25.13043478,23,8100,SEA@OAK,SEA,OAK,,,,,,P
64277-6311:Madison Bumgarner,64277-6311,P,Madison,Madison Bumgarner,Bumgarner,24.19230769,26,8000,ATL@ARI,ARI,ATL,,,,,,P
64277-79073:Mike Soroka,64277-79073,P,Mike,Mike Soroka,Soroka,17,3,8000,ATL@ARI,ATL,ARI,IL,Achilles,,,,P
64277-79078:Ian Anderson,64277-79078,P,Ian,Ian Anderson,Anderson,28.47826087,23,8000,ATL@ARI,ATL,ARI,,,,,,P
64277-38311:Ross Stripling,64277-38311,P,Ross,Ross Stripling,Stripling,21.40909091,22,8000,TOR@TB,TOR,TB,,,,,,P
64277-65987:Domingo German,64277-65987,P,Domingo,Domingo German,German,22.85714286,21,8000,TEX@NYY,NYY,TEX,IL,Shoulder,,,,P
64277-102287:Kyle Muller,64277-102287,P,Kyle,Kyle Muller,Muller,20,10,8000,ATL@ARI,ATL,ARI,,,,,,P
64277-102498:Patrick Sandoval,64277-102498,P,Patrick,Patrick Sandoval,Sandoval,27.76470588,17,7900,HOU@LAA,LAA,HOU,IL,Back,,,,P
64277-102523:Deivi Garcia,64277-102523,P,Deivi,Deivi Garcia,Garcia,14,2,7800,TEX@NYY,NYY,TEX,,,,,,P
64277-81490:Chris Flexen,64277-81490,P,Chris,Chris Flexen,Flexen,25.75862069,29,7800,SEA@OAK,SEA,OAK,,,,,,P
64277-13123:Alex Cobb,64277-13123,P,Alex,Alex Cobb,Cobb,30,16,7800,HOU@LAA,LAA,HOU,,,,,,P
64277-13627:Corey Kluber,64277-13627,P,Corey,Corey Kluber,Kluber,28.57142857,14,7700,TEX@NYY,NYY,TEX,,,,,,P
64277-17087:Drew Smyly,64277-17087,P,Drew,Drew Smyly,Smyly,19.93103448,29,7700,ATL@ARI,ATL,ARI,,,,,,P
64277-79103:Dane Dunning,64277-79103,P,Dane,Dane Dunning,Dunning,21.66666667,24,7600,TEX@NYY,TEX,NYY,,,,,,P
64277-118180:Tucker Davidson,64277-118180,P,Tucker,Tucker Davidson,Davidson,24.5,4,7600,ATL@ARI,ATL,ARI,IL,Forearm,,,,P
64277-38246:Tyler Anderson,64277-38246,P,Tyler,Tyler Anderson,Anderson,25.85185185,27,7500,SEA@OAK,SEA,OAK,,,,Yes,,P
64277-79254:Dakota Hudson,64277-79254,P,Dakota,Dakota Hudson,Hudson,25.5,8,7500,STL@MIL,STL,MIL,IL,Elbow,,,,P
64277-101819:Jose Suarez,64277-101819,P,Jose,Jose Suarez,Suarez,20.95238095,21,7500,HOU@LAA,LAA,HOU,,,,,,P
64277-82535:Kyle Wright,64277-82535,P,Kyle,Kyle Wright,Wright,8,2,7500,ATL@ARI,ATL,ARI,,,,,,P
64277-85269:Cole Irvin,64277-85269,P,Cole,Cole Irvin,Irvin,25.27586207,29,7400,SEA@OAK,OAK,SEA,,,,,,P
64277-16957:Dylan Bundy,64277-16957,P,Dylan,Dylan Bundy,Bundy,15.70833333,24,7300,HOU@LAA,LAA,HOU,IL,Shoulder,,,,P
64277-12929:Jordan Lyles,64277-12929,P,Jordan,Jordan Lyles,Lyles,23.4,30,7300,TEX@NYY,TEX,NYY,,,,,,P
64277-68561:Luke Weaver,64277-68561,P,Luke,Luke Weaver,Weaver,23.72727273,11,7300,ATL@ARI,ARI,ATL,,,,Yes,,P
64277-85265:Taylor Widener,64277-85265,P,Taylor,Taylor Widener,Widener,17.83333333,18,7200,ATL@ARI,ARI,ATL,,,,,,P
64277-12921:Chris Archer,64277-12921,P,Chris,Chris Archer,Archer,16.16666667,6,7200,TOR@TB,TB,TOR,IL,Hip,,,,P
64277-141024:Bruce Zimmermann,64277-141024,P,Bruce,Bruce Zimmermann,Zimmermann,22.83333333,12,7200,BAL@PHI,BAL,PHI,IL,Ankle,,,,P
64277-5767:J.A. Happ,64277-5767,P,J.A.,J.A. Happ,Happ,19.5,28,7100,STL@MIL,STL,MIL,,,,,,P
64277-60627:Touki Toussaint,64277-60627,P,Touki,Touki Toussaint,Toussaint,22.63636364,11,7000,ATL@ARI,ATL,ARI,,,,Yes,,P
64277-5369:Jon Lester,64277-5369,P,Jon,Jon Lester,Lester,17.7037037,27,7000,STL@MIL,STL,MIL,,,,,,P
64277-79185:Justin Dunn,64277-79185,P,Justin,Justin Dunn,Dunn,21.90909091,11,7000,SEA@OAK,SEA,OAK,IL,Shoulder,,,,P
64277-38272:Mike Foltynewicz,64277-38272,P,Mike,Mike Foltynewicz,Foltynewicz,19.28,25,7000,TEX@NYY,TEX,NYY,,,,,,P
64277-82631:Taylor Hearn,64277-82631,P,Taylor,Taylor Hearn,Hearn,11.225,40,7000,TEX@NYY,TEX,NYY,,,,,,P
64277-52167:Andrew Heaney,64277-52167,P,Andrew,Andrew Heaney,Heaney,22.33333333,30,7000,TEX@NYY,NYY,TEX,,,,,,P
64277-80859:Paul Blackburn,64277-80859,P,Paul,Paul Blackburn,Blackburn,16.16666667,6,7000,SEA@OAK,OAK,SEA,,,,,,P
64277-102396:Logan Gilbert,64277-102396,P,Logan,Logan Gilbert,Gilbert,26.09090909,22,7000,SEA@OAK,SEA,OAK,,,,,,P
64277-81051:Caleb Smith,64277-81051,P,Caleb,Caleb Smith,Smith,13.46153846,39,6900,ATL@ARI,ARI,ATL,NA,Suspension,,,,P
64277-66765:Jorge Lopez,64277-66765,P,Jorge,Jorge Lopez,Lopez,14.93939394,33,6900,BAL@PHI,BAL,PHI,IL,Ankle,,,,P
64277-82630:Shane Baz,64277-82630,P,Shane,Shane Baz,Baz,,,6900,TOR@TB,TB,TOR,,,,Yes,,P
64277-158131:Tyler Gilbert,64277-158131,P,Tyler,Tyler Gilbert,Gilbert,19.22222222,9,6800,ATL@ARI,ARI,ATL,IL,Elbow,,,,P
64277-118411:Kwang Hyun Kim,64277-118411,P,Kwang Hyun,Kwang Hyun Kim,Kim,19.66666667,24,6800,STL@MIL,STL,MIL,,,,,,P
64277-82582:Griffin Canning,64277-82582,P,Griffin,Griffin Canning,Canning,18.6875,16,6800,HOU@LAA,LAA,HOU,IL,Back,,,,P
64277-12455:Josh Tomlin,64277-12455,P,Josh,Josh Tomlin,Tomlin,4.657142857,35,6700,ATL@ARI,ATL,ARI,IL,Neck,,,,P
64277-102566:A.J. Alexy,64277-102566,P,A.J.,A.J. Alexy,Alexy,28,3,6700,TEX@NYY,TEX,NYY,,,,,,P
64277-79085:Keegan Akin,64277-79085,P,Keegan,Keegan Akin,Akin,13.47826087,23,6700,BAL@PHI,BAL,PHI,,,,,,P
64277-161167:Glenn Otto,64277-161167,P,Glenn,Glenn Otto,Otto,13.75,4,6700,TEX@NYY,TEX,NYY,,,,,,P
64277-17121:Miles Mikolas,64277-17121,P,Miles,Miles Mikolas,Mikolas,16.71428571,7,6700,STL@MIL,STL,MIL,,,,,,P
64277-135191:Josh Fleming,64277-135191,P,Josh,Josh Fleming,Fleming,17.59090909,22,6600,TOR@TB,TB,TOR,,,,,,P
64277-79259:Jake Faria,64277-79259,P,Jake,Jake Faria,Faria,5.583333333,24,6600,ATL@ARI,ARI,ATL,,,,,,P
64277-13727:Josh Lindblom,64277-13727,P,Josh,Josh Lindblom,Lindblom,5.875,8,6600,STL@MIL,MIL,STL,,,,,,P
64277-12946:Matt Moore,64277-12946,P,Matt,Matt Moore,Moore,11.29166667,24,6500,BAL@PHI,PHI,BAL,,,,,,P
64277-68467:Chris Ellis,64277-68467,P,Chris,Chris Ellis,Ellis,21.16666667,6,6500,BAL@PHI,BAL,PHI,,,,,,P
64277-13444:Mike Fiers,64277-13444,P,Mike,Mike Fiers,Fiers,11.5,2,6400,SEA@OAK,OAK,SEA,IL,Elbow,,,,P
64277-79155:Jaime Barria,64277-79155,P,Jaime,Jaime Barria,Barria,16.81818182,11,6400,HOU@LAA,LAA,HOU,,,,,,P
64277-146130:Kohei Arihara,64277-146130,P,Kohei,Kohei Arihara,Arihara,11.6,10,6400,TEX@NYY,TEX,NYY,,,,Yes,,P
64277-68485:Ryan Yarbrough,64277-68485,P,Ryan,Ryan Yarbrough,Yarbrough,20.85714286,28,6400,TOR@TB,TB,TOR,,,,,,P
64277-102447:Dean Kremer,64277-102447,P,Dean,Dean Kremer,Kremer,13.46153846,13,6300,BAL@PHI,BAL,PHI,,,,,,P
64277-102530:Spencer Howard,64277-102530,P,Spencer,Spencer Howard,Howard,9.882352941,17,6300,TEX@NYY,TEX,NYY,,,,,,P
64277-79076:Kolby Allard,64277-79076,P,Kolby,Kolby Allard,Allard,16.75,28,6300,TEX@NYY,TEX,NYY,,,,,,P
64277-39686:Carlos Martinez,64277-39686,P,Carlos,Carlos Martinez,Martinez,18.6875,16,6300,STL@MIL,STL,MIL,IL,Thumb,,,,P
64277-135229:Reid Detmers,64277-135229,P,Reid,Reid Detmers,Detmers,18.25,4,6200,HOU@LAA,LAA,HOU,IL,Illness,,,,P
64277-102574:Jake Woodford,64277-102574,P,Jake,Jake Woodford,Woodford,9.304347826,23,6200,STL@MIL,STL,MIL,,,,Yes,,P
64277-5416:Brett Anderson,64277-5416,P,Brett,Brett Anderson,Anderson,16.47619048,21,6200,STL@MIL,MIL,STL,IL,Shoulder,,,,P
64277-79201:Anthony Kay,64277-79201,P,Anthony,Anthony Kay,Kay,14.63636364,11,6200,TOR@TB,TOR,TB,IL,Undisclosed,,,,P
64277-84476:Daniel Ponce de Leon,64277-84476,P,Daniel,Daniel Ponce de Leon,Ponce de Leon,4.541666667,24,6200,STL@MIL,STL,MIL,,,,,,P
64277-119328:Packy Naughton,64277-119328,P,Packy,Packy Naughton,Naughton,11.8,5,6200,HOU@LAA,LAA,HOU,,,,,,P
64277-119361:Drew Rasmussen,64277-119361,P,Drew,Drew Rasmussen,Rasmussen,10.72727273,33,6200,TOR@TB,TB,TOR,,,,,,P
64277-17074:Matt Harvey,64277-17074,P,Matt,Matt Harvey,Harvey,16.32142857,28,6200,BAL@PHI,BAL,PHI,IL,Knee,,,,P
64277-38101:Tanner Roark,64277-38101,P,Tanner,Tanner Roark,Roark,7,3,6100,ATL@ARI,ATL,ARI,,,,,,P
64277-79198:Justus Sheffield,64277-79198,P,Justus,Justus Sheffield,Sheffield,14.61904762,21,6100,SEA@OAK,SEA,OAK,,,,,,P
64277-79209:A.J. Puk,64277-79209,P,A.J.,A.J. Puk,Puk,5.083333333,12,6100,SEA@OAK,OAK,SEA,,,,,,P
64277-79276:T.J. Zeuch,64277-79276,P,T.J.,T.J. Zeuch,Zeuch,7.2,5,6100,STL@MIL,STL,MIL,,,,,,P
64277-58434:Kendall Graveman,64277-58434,P,Kendall,Kendall Graveman,Graveman,6.551020408,49,6000,HOU@LAA,HOU,LAA,,,,,,P
64277-102484:Brandon Bielak,64277-102484,P,Brandon,Brandon Bielak,Bielak,8.222222222,27,6000,HOU@LAA,HOU,LAA,,,,,,P
64277-83163:Jonathan Loaisiga,64277-83163,P,Jonathan,Jonathan Loaisiga,Loaisiga,7.5,54,6000,TEX@NYY,NYY,TEX,IL,Shoulder,,,,P
64277-79071:Taylor Clarke,64277-79071,P,Taylor,Taylor Clarke,Clarke,4.209302326,43,6000,ATL@ARI,ARI,ATL,,,,,,P
64277-38161:Chase Anderson,64277-38161,P,Chase,Chase Anderson,Anderson,10.92857143,14,6000,TEX@NYY,TEX,NYY,,,,,,P
64277-85531:Josh James,64277-85531,P,Josh,Josh James,James,6,3,6000,HOU@LAA,HOU,LAA,,,,,,P
64277-81594:Dietrich Enns,64277-81594,P,Dietrich,Dietrich Enns,Enns,16.71428571,7,6000,TOR@TB,TB,TOR,,,,,,P
64277-82656:Nate Pearson,64277-82656,P,Nate,Nate Pearson,Pearson,7.166666667,6,6000,TOR@TB,TOR,TB,,,,,,P
64277-82840:Yonny Chirinos,64277-82840,P,Yonny,Yonny Chirinos,Chirinos,18.33333333,3,6000,TOR@TB,TB,TOR,IL,Elbow,,,,P
64277-60637:Sean Newcomb,64277-60637,P,Sean,Sean Newcomb,Newcomb,5.967741935,31,5900,ATL@ARI,ATL,ARI,,,,,,P
64277-6018:Wade LeBlanc,64277-6018,P,Wade,Wade LeBlanc,LeBlanc,9.222222222,18,5900,STL@MIL,STL,MIL,IL,Elbow,,,,P
64277-135266:Ljay Newsome,64277-135266,P,Ljay,Ljay Newsome,Newsome,8.428571429,7,5800,SEA@OAK,SEA,OAK,IL,Elbow,,,,P
64277-145622:Matt Peacock,64277-145622,P,Matt,Matt Peacock,Peacock,8.628571429,35,5800,ATL@ARI,ARI,ATL,,,,,,P
64277-23834:Collin McHugh,64277-23834,P,Collin,Collin McHugh,McHugh,11.87878788,33,5800,TOR@TB,TB,TOR,,,,,,P
64277-119426:Johan Oviedo,64277-119426,P,Johan,Johan Oviedo,Oviedo,17.57142857,14,5800,STL@MIL,STL,MIL,,,,,,P
64277-155315:Spenser Watkins,64277-155315,P,Spenser,Spenser Watkins,Watkins,8.928571429,14,5800,BAL@PHI,BAL,PHI,,,,,,P
64277-147155:Hyeon-Jong Yang,64277-147155,P,Hyeon-Jong,Hyeon-Jong Yang,Yang,9.583333333,12,5800,TEX@NYY,TEX,NYY,,,,,,P
64277-68469:Adam Plutko,64277-68469,P,Adam,Adam Plutko,Plutko,4.763157895,38,5800,BAL@PHI,BAL,PHI,,,,,,P
64277-102449:Zac Lowther,64277-102449,P,Zac,Zac Lowther,Lowther,7.125,8,5700,BAL@PHI,BAL,PHI,,,,,,P
64277-135226:Wes Benjamin,64277-135226,P,Wes,Wes Benjamin,Benjamin,4.538461538,13,5700,TEX@NYY,TEX,NYY,,,,,,P
64277-145625:Bailey Falter,64277-145625,P,Bailey,Bailey Falter,Falter,7.684210526,19,5700,BAL@PHI,PHI,BAL,,,,,,P
64277-21919:Matt Andriese,64277-21919,P,Matt,Matt Andriese,Andriese,6.125,32,5700,SEA@OAK,SEA,OAK,,,,,,P
64277-52887:Tyler Matzek,64277-52887,P,Tyler,Tyler Matzek,Matzek,5.285714286,63,5700,ATL@ARI,ATL,ARI,,,,,,P
64277-82650:Kyle Cody,64277-82650,P,Kyle,Kyle Cody,Cody,6.571428571,7,5700,TEX@NYY,TEX,NYY,IL,Shoulder,,,,P
64277-82653:Ryan Borucki,64277-82653,P,Ryan,Ryan Borucki,Borucki,5.047619048,21,5700,TOR@TB,TOR,TB,,,,,,P
64277-103218:Nick Margevicius,64277-103218,P,Nick,Nick Margevicius,Margevicius,7.8,5,5700,SEA@OAK,SEA,OAK,IL,Shoulder,,,,P
64277-102334:Corbin Martin,64277-102334,P,Corbin,Corbin Martin,Martin,10.25,4,5700,ATL@ARI,ARI,ATL,,,,,,P
64277-135192:Ryan Thompson,64277-135192,P,Ryan,Ryan Thompson,Thompson,5.666666667,36,5600,TOR@TB,TB,TOR,IL,Shoulder,,,,P
64277-71742:Grant Dayton,64277-71742,P,Grant,Grant Dayton,Dayton,4.153846154,13,5600,ATL@ARI,ATL,ARI,IL,Shoulder,,,,P
64277-137410:Humberto Castellanos,64277-137410,P,Humberto,Humberto Castellanos,Castellanos,11.75,12,5600,ATL@ARI,ARI,ATL,,,,,,P
64277-101855:Trent Thornton,64277-101855,P,Trent,Trent Thornton,Thornton,6.243243243,37,5600,TOR@TB,TOR,TB,,,,,,P
64277-145922:Tyler Wells,64277-145922,P,Tyler,Tyler Wells,Wells,7.275,40,5600,BAL@PHI,BAL,PHI,,,,,,P
64277-73301:Brent Suter,64277-73301,P,Brent,Brent Suter,Suter,7.5,54,5600,STL@MIL,MIL,STL,,,,,,P
64277-110219:Sean Poppen,64277-110219,P,Sean,Sean Poppen,Poppen,3.470588235,17,5600,ATL@ARI,ARI,ATL,,,,,,P
64277-73363:Felix Pena,64277-73363,P,Felix,Felix Pena,Pena,-5,2,5600,HOU@LAA,LAA,HOU,,,,,,P
64277-80566:Seth Frankoff,64277-80566,P,Seth,Seth Frankoff,Frankoff,8,4,5600,ATL@ARI,ARI,ATL,,,,,,P
64277-52195:Daniel Norris,64277-52195,P,Daniel,Daniel Norris,Norris,4.288461538,52,5600,STL@MIL,MIL,STL,,,,,,P
64277-82935:Trevor Richards,64277-82935,P,Trevor,Trevor Richards,Richards,8.0625,48,5600,TOR@TB,TOR,TB,,,,,,P
64277-160141:Nick Snyder,64277-160141,P,Nick,Nick Snyder,Snyder,2,4,5599,TEX@NYY,TEX,NYY,IL,Shoulder,,,,P
64277-81925:Richard Rodriguez,64277-81925,P,Richard,Richard Rodriguez,Rodriguez,4.603448276,58,5500,ATL@ARI,ATL,ARI,,,,,,P
64277-155687:Andrew Wantz,64277-155687,P,Andrew,Andrew Wantz,Wantz,7.529411765,17,5500,HOU@LAA,LAA,HOU,,,,,,P
64277-102440:Mike Baumann,64277-102440,P,Mike,Mike Baumann,Baumann,4.666666667,3,5500,BAL@PHI,BAL,PHI,,,,,,P
64277-135209:Andre Scrubb,64277-135209,P,Andre,Andre Scrubb,Scrubb,5.277777778,18,5500,HOU@LAA,HOU,LAA,,,,,,P
64277-79927:Stefan Crichton,64277-79927,P,Stefan,Stefan Crichton,Crichton,2.064516129,31,5500,ATL@ARI,ARI,ATL,,,,,,P
64277-82998:Lou Trivino,64277-82998,P,Lou,Lou Trivino,Trivino,5.353846154,65,5500,SEA@OAK,OAK,SEA,,,,,,P
64277-102456:Jhonathan Diaz,64277-102456,P,Jhonathan,Jhonathan Diaz,Diaz,5,1,5500,HOU@LAA,LAA,HOU,,,,,,P
64277-11325:Sean Doolittle,64277-11325,P,Sean,Sean Doolittle,Doolittle,4.264150943,53,5500,SEA@OAK,SEA,OAK,,,,,,P
64277-21565:Ryan Buchter,64277-21565,P,Ryan,Ryan Buchter,Buchter,3.388888889,18,5500,ATL@ARI,ARI,ATL,,,,,,P
64277-11327:Matt Bush,64277-11327,P,Matt,Matt Bush,Bush,4,3,5500,TEX@NYY,TEX,NYY,IL,Elbow,,,,P
64277-79937:Cesar Valdez,64277-79937,P,Cesar,Cesar Valdez,Valdez,5.078947368,38,5500,BAL@PHI,BAL,PHI,,,,,,P
64277-154688:Jake Cousins,64277-154688,P,Jake,Jake Cousins,Cousins,7.25,28,5500,STL@MIL,MIL,STL,,,,,,P
64277-38982:Noe Ramirez,64277-38982,P,Noe,Noe Ramirez,Ramirez,3.870967742,31,5500,ATL@ARI,ARI,ATL,,,,,,P
64277-149577:Louis Head,64277-149577,P,Louis,Louis Head,Head,6.52,25,5500,TOR@TB,TB,TOR,,,,,,P
64277-115788:Brady Lail,64277-115788,P,Brady,Brady Lail,Lail,0,2,5500,BAL@PHI,PHI,BAL,,,,,,P
64277-135247:Jeremy Beasley,64277-135247,P,Jeremy,Jeremy Beasley,Beasley,5.375,8,5500,TOR@TB,TOR,TB,,,,,,P
64277-149587:Jay Flaa,64277-149587,P,Jay,Jay Flaa,Flaa,2.5,2,5500,ATL@ARI,ATL,ARI,,,,,,P
64277-135258:Ramon Rosso,64277-135258,P,Ramon,Ramon Rosso,Rosso,3.5,6,5500,BAL@PHI,PHI,BAL,,,,,,P
64277-79960:Paul Fry,64277-79960,P,Paul,Paul Fry,Fry,4.807692308,52,5500,BAL@PHI,BAL,PHI,,,,,,P
64277-6234:Jordan Zimmermann,64277-6234,P,Jordan,Jordan Zimmermann,Zimmermann,1,2,5500,STL@MIL,MIL,STL,,,,,,P
64277-135256:Connor Brogdon,64277-135256,P,Connor,Connor Brogdon,Brogdon,4.888888889,54,5500,BAL@PHI,PHI,BAL,IL,Groin,,,,P
64277-154712:Mickey Jannis,64277-154712,P,Mickey,Mickey Jannis,Jannis,-8,1,5500,BAL@PHI,BAL,PHI,,,,,,P
64277-135257:Damon Jones,64277-135257,P,Damon,Damon Jones,Jones,1,1,5500,BAL@PHI,PHI,BAL,,,,,,P
64277-154713:Miguel Sanchez,64277-154713,P,Miguel,Miguel Sanchez,Sanchez,4.730769231,26,5500,STL@MIL,MIL,STL,,,,,,P
64277-135262:Anthony Misiewicz,64277-135262,P,Anthony,Anthony Misiewicz,Misiewicz,4.133333333,60,5500,SEA@OAK,SEA,OAK,,,,,,P
64277-135264:Aaron Fletcher,64277-135264,P,Aaron,Aaron Fletcher,Fletcher,0.5,4,5500,SEA@OAK,SEA,OAK,,,,,,P
64277-82018:Victor Arano,64277-82018,P,Victor,Victor Arano,Arano,,,5500,ATL@ARI,ATL,ARI,,,,,,P
64277-157798:Miguel Aguilar,64277-157798,P,Miguel,Miguel Aguilar,Aguilar,2.333333333,9,5500,ATL@ARI,ARI,ATL,,,,,,P
64277-102500:Robert Dugger,64277-102500,P,Robert,Robert Dugger,Dugger,5.461538462,13,5500,SEA@OAK,SEA,OAK,,,,,,P
64277-5230:Joe Smith,64277-5230,P,Joe,Joe Smith,Smith,3.425531915,47,5500,SEA@OAK,SEA,OAK,,,,,,P
64277-116847:Cole Sulser,64277-116847,P,Cole,Cole Sulser,Sulser,6.527272727,55,5500,BAL@PHI,BAL,PHI,,,,,,P
64277-135283:Ty Tice,64277-135283,P,Ty,Ty Tice,Tice,5.5,6,5500,ATL@ARI,ARI,ATL,,,,,,P
64277-102515:Aaron Ashby,64277-102515,P,Aaron,Aaron Ashby,Ashby,15.6,10,5500,STL@MIL,MIL,STL,,,,,,P
64277-135281:Bryan Baker,64277-135281,P,Bryan,Bryan Baker,Baker,6,1,5500,TOR@TB,TOR,TB,,,,,,P
64277-159857:Jose Marte,64277-159857,P,Jose,Jose Marte,Marte,10,2,5500,HOU@LAA,LAA,HOU,,,,,,P
64277-135289:Kodi Whitley,64277-135289,P,Kodi,Kodi Whitley,Whitley,4.571428571,21,5500,STL@MIL,STL,MIL,,,,,,P
64277-135299:Miguel Romero,64277-135299,P,Miguel,Miguel Romero,Romero,,,5500,SEA@OAK,OAK,SEA,,,,,,P
64277-135303:Jordan Weems,64277-135303,P,Jordan,Jordan Weems,Weems,1.142857143,7,5500,ATL@ARI,ARI,ATL,,,,,,P
64277-104583:JD Hammer,64277-104583,P,JD,JD Hammer,Hammer,4.95,20,5500,BAL@PHI,PHI,BAL,,,,,,P
64277-102536:Nick Nelson,64277-102536,P,Nick,Nick Nelson,Nelson,6.090909091,11,5500,TEX@NYY,NYY,TEX,,,,,,P
64277-73866:Wandy Peralta,64277-73866,P,Wandy,Wandy Peralta,Peralta,4.215686275,51,5500,TEX@NYY,NYY,TEX,,,,,,P
64277-73869:Joe Mantiply,64277-73869,P,Joe,Joe Mantiply,Mantiply,3.367346939,49,5500,ATL@ARI,ARI,ATL,,,,,,P
64277-73874:David Paulino,64277-73874,P,David,David Paulino,Paulino,0,1,5500,BAL@PHI,PHI,BAL,,,,,,P
64277-38036:T.J. McFarland,64277-38036,P,T.J.,T.J. McFarland,McFarland,4.4,30,5500,STL@MIL,STL,MIL,,,,,,P
64277-102549:Andres Munoz,64277-102549,P,Andres,Andres Munoz,Munoz,,,5500,SEA@OAK,SEA,OAK,IL,Elbow,,,,P
64277-21653:Hector Neris,64277-21653,P,Hector,Hector Neris,Neris,5.897058824,68,5500,BAL@PHI,PHI,BAL,,,,,,P
64277-38041:Ryan Pressly,64277-38041,P,Ryan,Ryan Pressly,Pressly,6.796610169,59,5500,HOU@LAA,HOU,LAA,,,,,,P
64277-102552:Seth Elledge,64277-102552,P,Seth,Seth Elledge,Elledge,4.545454545,11,5500,STL@MIL,STL,MIL,,,,,,P
64277-73882:Joely Rodriguez,64277-73882,P,Joely,Joely Rodriguez,Rodriguez,4.204081633,49,5500,TEX@NYY,NYY,TEX,,,,,,P
64277-81052:Andrew Kittredge,64277-81052,P,Andrew,Andrew Kittredge,Kittredge,8.314814815,54,5500,TOR@TB,TB,TOR,,,,,,P
64277-6307:John Axford,64277-6307,P,John,John Axford,Axford,-5,1,5500,STL@MIL,MIL,STL,IL,Elbow,,,,P
64277-80034:Jose Alvarado,64277-80034,P,Jose,Jose Alvarado,Alvarado,5.385964912,57,5500,BAL@PHI,PHI,BAL,,,,,,P
64277-12453:Fernando Abad,64277-12453,P,Fernando,Fernando Abad,Abad,3.363636364,11,5500,BAL@PHI,BAL,PHI,,,,,,P
64277-154794:Joe Barlow,64277-154794,P,Joe,Joe Barlow,Barlow,5.153846154,26,5500,TEX@NYY,TEX,NYY,,,,,,P
64277-102568:Colin Poche,64277-102568,P,Colin,Colin Poche,Poche,,,5500,TOR@TB,TB,TOR,IL,Elbow,,,,P
64277-140459:John King,64277-140459,P,John,John King,King,9.111111111,27,5500,TEX@NYY,TEX,NYY,IL,Shoulder,,,,P
64277-160939:Jake Latz,64277-160939,P,Jake,Jake Latz,Latz,17,1,5500,TEX@NYY,TEX,NYY,,,,,,P
64277-54445:Asher Wojciechowski,64277-54445,P,Asher,Asher Wojciechowski,Wojciechowski,18,1,5500,SEA@OAK,SEA,OAK,,,,,,P
64277-13488:Brandon Dickson,64277-13488,P,Brandon,Brandon Dickson,Dickson,0,2,5500,STL@MIL,STL,MIL,,,,,,P
64277-13495:Rafael Dolis,64277-13495,P,Rafael,Rafael Dolis,Dolis,4.230769231,39,5500,TOR@TB,TOR,TB,,,,,,P
64277-71875:Mike Mayers,64277-71875,P,Mike,Mike Mayers,Mayers,6.060606061,66,5500,HOU@LAA,LAA,HOU,,,,,,P
64277-135365:Angel Rondon,64277-135365,P,Angel,Angel Rondon,Rondon,4.5,2,5500,STL@MIL,STL,MIL,,,,,,P
64277-160965:Elvis Peguero,64277-160965,P,Elvis,Elvis Peguero,Peguero,-4.666666667,3,5500,HOU@LAA,LAA,HOU,,,,,,P
64277-38091:Kyle Lobstein,64277-38091,P,Kyle,Kyle Lobstein,Lobstein,-0.666666667,3,5500,STL@MIL,MIL,STL,,,,,,P
64277-145609:Peter Solomon,64277-145609,P,Peter,Peter Solomon,Solomon,9.75,4,5500,HOU@LAA,HOU,LAA,,,,,,P
64277-38096:David Hale,64277-38096,P,David,David Hale,Hale,5.058823529,17,5500,BAL@PHI,PHI,BAL,,,,,,P
64277-83159:Diego Castillo,64277-83159,P,Diego,Diego Castillo,Castillo,6.203703704,54,5500,SEA@OAK,SEA,OAK,,,,,,P
64277-83158:Seranthony Dominguez,64277-83158,P,Seranthony,Seranthony Dominguez,Dominguez,,,5500,BAL@PHI,PHI,BAL,,,,,,P
64277-145626:Alec Bettinger,64277-145626,P,Alec,Alec Bettinger,Bettinger,0,4,5500,STL@MIL,MIL,STL,,,,,,P
64277-38106:Kirby Yates,64277-38106,P,Kirby,Kirby Yates,Yates,3.166666667,6,5500,TOR@TB,TOR,TB,IL,Elbow,,,,P
64277-72929:Jandel Gustave,64277-72929,P,Jandel,Jandel Gustave,Gustave,5.7,10,5500,STL@MIL,MIL,STL,,,,,,P
64277-83172:Jonathan Hernandez,64277-83172,P,Jonathan,Jonathan Hernandez,Hernandez,6.888888889,27,5500,TEX@NYY,TEX,NYY,IL,Elbow,,,,P
64277-38122:Jake Petricka,64277-38122,P,Jake,Jake Petricka,Petricka,1.714285714,7,5500,HOU@LAA,LAA,HOU,,,,,,P
64277-79084:Tanner Scott,64277-79084,P,Tanner,Tanner Scott,Scott,4.983870968,62,5500,BAL@PHI,BAL,PHI,IL,Knee,,,,P
64277-79088:Travis Lakins Sr.,64277-79088,P,Travis,Travis Lakins Sr.,Lakins Sr.,4.5,24,5500,BAL@PHI,BAL,PHI,IL,Elbow,,,,P
64277-83184:Julian Merryweather,64277-83184,P,Julian,Julian Merryweather,Merryweather,4.285714286,7,5500,TOR@TB,TOR,TB,,,,,,P
64277-5362:Darren O'Day,64277-5362,P,Darren,Darren O'Day,O'Day,4.416666667,12,5500,TEX@NYY,NYY,TEX,IL,Hamstring,,,,P
64277-13564:Chaz Roe,64277-13564,P,Chaz,Chaz Roe,Roe,2,1,5500,TOR@TB,TB,TOR,IL,Shoulder,,,,P
64277-79101:Zack Burdi,64277-79101,P,Zack,Zack Burdi,Burdi,4.125,8,5500,BAL@PHI,BAL,PHI,,,,,,P
64277-85248:DJ Johnson,64277-85248,P,DJ,DJ Johnson,Johnson,6.25,4,5500,TOR@TB,TB,TOR,IL,Shoulder,,,,P
64277-85271:Alexander Wells,64277-85271,P,Alexander,Alexander Wells,Wells,9.555555556,9,5500,BAL@PHI,BAL,PHI,,,,,,P
64277-12581:Brandon Kintzler,64277-12581,P,Brandon,Brandon Kintzler,Kintzler,3.689655172,29,5500,BAL@PHI,PHI,BAL,,,,,,P
64277-85289:Nick Anderson,64277-85289,P,Nick,Nick Anderson,Anderson,3,4,5500,TOR@TB,TB,TOR,,,,,,P
64277-53550:Alex Reyes,64277-53550,P,Alex,Alex Reyes,Reyes,6.893939394,66,5500,STL@MIL,STL,MIL,,,,,,P
64277-156976:Darren McCaughan,64277-156976,P,Darren,Darren McCaughan,McCaughan,4.5,2,5500,SEA@OAK,SEA,OAK,,,,,,P
64277-79179:Marcos Diplan,64277-79179,P,Marcos,Marcos Diplan,Diplan,4.611111111,18,5500,BAL@PHI,BAL,PHI,,,,,,P
64277-21846:Chris Devenski,64277-21846,P,Chris,Chris Devenski,Devenski,2.75,8,5500,ATL@ARI,ARI,ATL,IL,Elbow,,,,P
64277-79194:Domingo Acevedo,64277-79194,P,Domingo,Domingo Acevedo,Acevedo,3,4,5500,SEA@OAK,OAK,SEA,,,,,,P
64277-79196:Albert Abreu,64277-79196,P,Albert,Albert Abreu,Abreu,6,27,5500,TEX@NYY,NYY,TEX,,,,,,P
64277-38240:Rafael Montero,64277-38240,P,Rafael,Rafael Montero,Montero,4.422222222,45,5500,HOU@LAA,HOU,LAA,IL,Lat,,,,P
64277-135530:Brett de Geus,64277-135530,P,Brett,Brett de Geus,de Geus,3.533333333,45,5500,ATL@ARI,ARI,ATL,,,,,,P
64277-118123:Blake Taylor,64277-118123,P,Blake,Blake Taylor,Taylor,4.680851064,47,5500,HOU@LAA,HOU,LAA,,,,,,P
64277-38251:Hunter Strickland,64277-38251,P,Hunter,Hunter Strickland,Strickland,5.754716981,53,5500,STL@MIL,MIL,STL,,,,,,P
64277-118122:Angel Perdomo,64277-118122,P,Angel,Angel Perdomo,Perdomo,5.526315789,19,5500,STL@MIL,MIL,STL,IL,Back,,,,P
64277-153961:Tayler Saucedo,64277-153961,P,Tayler,Tayler Saucedo,Saucedo,3.259259259,27,5500,TOR@TB,TOR,TB,,,,,,P
64277-118124:Kent Emanuel,64277-118124,P,Kent,Kent Emanuel,Emanuel,8.3,10,5500,HOU@LAA,HOU,LAA,IL,Elbow,,,,P
64277-57717:Buck Farmer,64277-57717,P,Buck,Buck Farmer,Farmer,3.944444444,36,5500,TEX@NYY,TEX,NYY,,,,,,P
64277-79232:Clay Holmes,64277-79232,P,Clay,Clay Holmes,Holmes,5.737704918,61,5500,TEX@NYY,NYY,TEX,,,,,,P
64277-12675:Steve Cishek,64277-12675,P,Steve,Steve Cishek,Cishek,4.507246377,69,5500,HOU@LAA,LAA,HOU,,,,,,P
64277-13709:Deolis Guerra,64277-13709,P,Deolis,Deolis Guerra,Guerra,6.468085106,47,5500,SEA@OAK,OAK,SEA,,,,,,P
64277-79250:Junior Fernandez,64277-79250,P,Junior,Junior Fernandez,Fernandez,4.111111111,18,5500,STL@MIL,STL,MIL,IL,Shoulder,,,,P
64277-155028:Konner Wade,64277-155028,P,Konner,Konner Wade,Wade,2.2,5,5500,BAL@PHI,BAL,PHI,,,,,,P
64277-62871:Junior Guerra,64277-62871,P,Junior,Junior Guerra,Guerra,6.756097561,41,5500,HOU@LAA,LAA,HOU,IL,Hamstring,,,,P
64277-79258:Ryne Stanek,64277-79258,P,Ryne,Ryne Stanek,Stanek,5.529411765,68,5500,HOU@LAA,HOU,LAA,,,,,,P
64277-38303:Andrew Chafin,64277-38303,P,Andrew,Andrew Chafin,Chafin,5.136363636,66,5500,SEA@OAK,OAK,SEA,,,,,,P
64277-38304:Archie Bradley,64277-38304,P,Archie,Archie Bradley,Bradley,4.68,50,5500,BAL@PHI,PHI,BAL,,,,,,P
64277-38306:Adam Conley,64277-38306,P,Adam,Adam Conley,Conley,5.625,16,5500,TOR@TB,TB,TOR,,,,,,P
64277-61858:Raisel Iglesias,64277-61858,P,Raisel,Raisel Iglesias,Iglesias,7.8,60,5500,HOU@LAA,LAA,HOU,,,,,,P
64277-79266:Brett Martin,64277-79266,P,Brett,Brett Martin,Martin,4,61,5500,TEX@NYY,TEX,NYY,,,,,,P
64277-118178:Jasseel De La Cruz,64277-118178,P,Jasseel,Jasseel De La Cruz,De La Cruz,,,5500,ATL@ARI,ATL,ARI,,,,,,P
64277-118184:Enoli Paredes,64277-118184,P,Enoli,Enoli Paredes,Paredes,4.416666667,12,5500,HOU@LAA,HOU,LAA,,,,,,P
64277-101803:Jacob Webb,64277-101803,P,Jacob,Jacob Webb,Webb,5.785714286,28,5500,ATL@ARI,ATL,ARI,,,,,,P
64277-101802:Patrick Weigel,64277-101802,P,Patrick,Patrick Weigel,Weigel,11,3,5500,STL@MIL,MIL,STL,,,,,,P
64277-38322:Ben Rowen,64277-38322,P,Ben,Ben Rowen,Rowen,4.625,8,5500,HOU@LAA,LAA,HOU,,,,,,P
64277-158134:Stephen Ridings,64277-158134,P,Stephen,Stephen Ridings,Ridings,6.6,5,5500,TEX@NYY,NYY,TEX,IL,Undisclosed,,,,P
64277-101815:Jimmy Herget,64277-101815,P,Jimmy,Jimmy Herget,Herget,6.5,12,5500,HOU@LAA,LAA,HOU,,,,,,P
64277-158133:Brody Koerner,64277-158133,P,Brody,Brody Koerner,Koerner,4.5,2,5500,TEX@NYY,NYY,TEX,,,,,,P
64277-80313:Keynan Middleton,64277-80313,P,Keynan,Keynan Middleton,Middleton,3.636363636,33,5500,SEA@OAK,SEA,OAK,,,,,,P
64277-101816:Bryan Abreu,64277-101816,P,Bryan,Bryan Abreu,Abreu,5.322580645,31,5500,HOU@LAA,HOU,LAA,,,,,,P
64277-118205:Anthony Castro,64277-118205,P,Anthony,Anthony Castro,Castro,5.260869565,23,5500,TOR@TB,TOR,TB,,,,,,P
64277-40382:Luis Garcia,64277-40382,P,Luis,Luis Garcia,Garcia,5.185185185,27,5500,STL@MIL,STL,MIL,,,,,,P
64277-101822:Josh Sborz,64277-101822,P,Josh,Josh Sborz,Sborz,5.13559322,59,5500,TEX@NYY,TEX,NYY,,,,,,P
64277-101825:Jose Quijada,64277-101825,P,Jose,Jose Quijada,Quijada,5.7,20,5500,HOU@LAA,LAA,HOU,,,,,,P
64277-118208:Brooks Kriske,64277-118208,P,Brooks,Brooks Kriske,Kriske,1.375,8,5500,BAL@PHI,BAL,PHI,,,,,,P
64277-118213:Demarcus Evans,64277-118213,P,Demarcus,Demarcus Evans,Evans,5.32,25,5500,TEX@NYY,TEX,NYY,,,,,,P
64277-118215:Riley Smith,64277-118215,P,Riley,Riley Smith,Smith,7.708333333,24,5500,ATL@ARI,ARI,ATL,,,,,,P
64277-118221:J.P. Feyereisen,64277-118221,P,J.P.,J.P. Feyereisen,Feyereisen,5.2,50,5500,TOR@TB,TB,TOR,,,,,,P
64277-118220:Humberto Mejia,64277-118220,P,Humberto,Humberto Mejia,Mejia,22.5,2,5500,ATL@ARI,ARI,ATL,,,,,,P
64277-118223:Mauricio Llovera,64277-118223,P,Mauricio,Mauricio Llovera,Llovera,4.333333333,6,5500,BAL@PHI,PHI,BAL,,,,,,P
64277-118225:Cristopher Sanchez,64277-118225,P,Cristopher,Cristopher Sanchez,Sanchez,7,5,5500,BAL@PHI,PHI,BAL,,,,,,P
64277-101845:Genesis Cabrera,64277-101845,P,Genesis,Genesis Cabrera,Cabrera,5.257575758,66,5500,STL@MIL,STL,MIL,,,,,,P
64277-13783:Hector Santiago,64277-13783,P,Hector,Hector Santiago,Santiago,11.15384615,13,5500,SEA@OAK,SEA,OAK,NA,Suspension,,,,P
64277-101846:Erik Swanson,64277-101846,P,Erik,Erik Swanson,Swanson,4.875,32,5500,SEA@OAK,SEA,OAK,,,,,,P
64277-101851:Brock Burke,64277-101851,P,Brock,Brock Burke,Burke,,,5500,TEX@NYY,TEX,NYY,,,,,,P
64277-80346:Giovanny Gallegos,64277-80346,P,Giovanny,Giovanny Gallegos,Gallegos,6.507462687,67,5500,STL@MIL,STL,MIL,,,,,,P
64277-135645:Isaac Mattson,64277-135645,P,Isaac,Isaac Mattson,Mattson,3,3,5500,BAL@PHI,BAL,PHI,IL,Shoulder,,,,P
64277-158178:Dusten Knight,64277-158178,P,Dusten,Dusten Knight,Knight,4.571428571,7,5500,BAL@PHI,BAL,PHI,,,,,,P
64277-116194:Eric Yardley,64277-116194,P,Eric,Eric Yardley,Yardley,1.705882353,17,5500,STL@MIL,MIL,STL,,,,,,P
64277-85476:Jeffrey Springs,64277-85476,P,Jeffrey,Jeffrey Springs,Springs,7.023255814,43,5500,TOR@TB,TB,TOR,IL,Knee,,,,P
64277-161256:Cooper Criswell,64277-161256,P,Cooper,Cooper Criswell,Criswell,-5,1,5500,HOU@LAA,LAA,HOU,,,,,,P
64277-117232:Michael King,64277-117232,P,Michael,Michael King,King,15.76470588,17,5500,TEX@NYY,NYY,TEX,,,,,,P
64277-161275:Kyle Tyler,64277-161275,P,Kyle,Kyle Tyler,Tyler,8.75,4,5500,HOU@LAA,LAA,HOU,,,,,,P
64277-119298:Luis Frias,64277-119298,P,Luis,Luis Frias,Frias,5,1,5500,ATL@ARI,ARI,ATL,,,,,,P
64277-13838:Justin Miller,64277-13838,P,Justin,Justin Miller,Miller,2.714285714,21,5500,STL@MIL,STL,MIL,,,,,,P
64277-101904:Jordan Romano,64277-101904,P,Jordan,Jordan Romano,Romano,6.879310345,58,5500,TOR@TB,TOR,TB,,,,,,P
64277-101909:Travis Bergen,64277-101909,P,Travis,Travis Bergen,Bergen,5.6,10,5500,TOR@TB,TOR,TB,,,,,,P
64277-71190:Jose Leclerc,64277-71190,P,Jose,Jose Leclerc,Leclerc,6,2,5500,TEX@NYY,TEX,NYY,IL,Elbow,,,,P
64277-5658:Joakim Soria,64277-5658,P,Joakim,Joakim Soria,Soria,4.268292683,41,5500,TOR@TB,TOR,TB,NA,Not injury related,,,,P
64277-95771:Eric Hanhold,64277-95771,P,Eric,Eric Hanhold,Hanhold,4,4,5500,BAL@PHI,BAL,PHI,,,,,,P
64277-5673:Jesse Chavez,64277-5673,P,Jesse,Jesse Chavez,Chavez,6.576923077,26,5500,ATL@ARI,ATL,ARI,,,,,,P
64277-12860:Zack Britton,64277-12860,P,Zack,Zack Britton,Britton,3.045454545,22,5500,TEX@NYY,NYY,TEX,IL,Elbow,,,,P
64277-119356:Oliver Ortega,64277-119356,P,Oliver,Oliver Ortega,Ortega,4.2,5,5500,HOU@LAA,LAA,HOU,,,,,,P
64277-80446:Drew Steckenrider,64277-80446,P,Drew,Drew Steckenrider,Steckenrider,5.963636364,55,5500,SEA@OAK,SEA,OAK,,,,,,P
64277-139851:Justin Topa,64277-139851,P,Justin,Justin Topa,Topa,-5,4,5500,STL@MIL,MIL,STL,IL,Elbow,,,,P
64277-150106:Nick Allgeyer,64277-150106,P,Nick,Nick Allgeyer,Allgeyer,3,1,5500,TOR@TB,TOR,TB,,,,,,P
64277-85592:Daniel Zamora,64277-85592,P,Daniel,Daniel Zamora,Zamora,6.25,4,5500,SEA@OAK,SEA,OAK,,,,,,P
64277-80477:Hunter Wood,64277-80477,P,Hunter,Hunter Wood,Wood,4.8,5,5500,TEX@NYY,TEX,NYY,IL,Elbow,,,,P
64277-80478:Reymin Guduan,64277-80478,P,Reymin,Reymin Guduan,Guduan,2.545454545,11,5500,SEA@OAK,OAK,SEA,,,,,,P
64277-82528:Jon Duplantier,64277-82528,P,Jon,Jon Duplantier,Duplantier,4.5,4,5500,ATL@ARI,ARI,ATL,O,Lat,,,,P
64277-16994:Lucas Luetge,64277-16994,P,Lucas,Lucas Luetge,Luetge,7.090909091,55,5500,TEX@NYY,NYY,TEX,,,,,,P
64277-82539:Jalen Beeks,64277-82539,P,Jalen,Jalen Beeks,Beeks,10.08333333,12,5500,TOR@TB,TB,TOR,IL,Elbow,,,,P
64277-5743:Yusmeiro Petit,64277-5743,P,Yusmeiro,Yusmeiro Petit,Petit,3.930555556,72,5500,SEA@OAK,OAK,SEA,,,,,,P
64277-82547:Thomas Hatch,64277-82547,P,Thomas,Thomas Hatch,Hatch,16,2,5500,TOR@TB,TOR,TB,DTD,Hamstring,,,,P
64277-53876:Spencer Patton,64277-53876,P,Spencer,Spencer Patton,Patton,5.297297297,37,5500,TEX@NYY,TEX,NYY,,,,,,P
64277-81531:Drew Anderson,64277-81531,P,Drew,Drew Anderson,Anderson,7,6,5500,TEX@NYY,TEX,NYY,,,,,,P
64277-118394:Yohan Ramirez,64277-118394,P,Yohan,Yohan Ramirez,Ramirez,6.272727273,22,5500,SEA@OAK,SEA,OAK,,,,,,P
64277-17037:Trevor Rosenthal,64277-17037,P,Trevor,Trevor Rosenthal,Rosenthal,7.652173913,23,5500,SEA@OAK,OAK,SEA,IL,Hip,,,,P
64277-113302:Sam Selman,64277-113302,P,Sam,Sam Selman,Selman,3.473684211,19,5500,HOU@LAA,LAA,HOU,,,,,,P
64277-82584:J.B. Bukauskas,64277-82584,P,J.B.,J.B. Bukauskas,Bukauskas,2.904761905,21,5500,ATL@ARI,ARI,ATL,,,,,,P
64277-82591:Chris Rodriguez,64277-82591,P,Chris,Chris Rodriguez,Rodriguez,10.4,15,5500,HOU@LAA,LAA,HOU,IL,Lat,,,,P
64277-82592:Dennis Santana,64277-82592,P,Dennis,Dennis Santana,Santana,4,49,5500,TEX@NYY,TEX,NYY,,,,,,P
64277-38563:Yimi Garcia,64277-38563,P,Yimi,Yimi Garcia,Garcia,4.775862069,58,5500,HOU@LAA,HOU,LAA,,,,,,P
64277-161450:Janson Junk,64277-161450,P,Janson,Janson Junk,Junk,15,2,5500,HOU@LAA,LAA,HOU,,,,,,P
64277-114356:Kevin Ginkel,64277-114356,P,Kevin,Kevin Ginkel,Ginkel,3.6875,32,5500,ATL@ARI,ARI,ATL,IL,Elbow,,,,P
64277-155317:Ryan Hartman,64277-155317,P,Ryan,Ryan Hartman,Hartman,10,1,5500,BAL@PHI,BAL,PHI,,,,,,P
64277-72377:James Hoyt,64277-72377,P,James,James Hoyt,Hoyt,4.333333333,9,5500,HOU@LAA,LAA,HOU,,,,,,P
64277-80568:Edgar Santana,64277-80568,P,Edgar,Edgar Santana,Santana,4.775,40,5500,ATL@ARI,ATL,ARI,,,,,,P
64277-114360:Devin Williams,64277-114360,P,Devin,Devin Williams,Williams,7.368421053,57,5500,STL@MIL,MIL,STL,,,,,,P
64277-80571:Phil Maton,64277-80571,P,Phil,Phil Maton,Maton,6.216666667,60,5500,HOU@LAA,HOU,LAA,,,,,,P
64277-80570:Jimmy Yacabonis,64277-80570,P,Jimmy,Jimmy Yacabonis,Yacabonis,3.5,2,5500,SEA@OAK,SEA,OAK,,,,,,P
64277-82621:Clarke Schmidt,64277-82621,P,Clarke,Clarke Schmidt,Schmidt,12.5,2,5500,TEX@NYY,NYY,TEX,,,,,,P
64277-82627:JoJo Romero,64277-82627,P,JoJo,JoJo Romero,Romero,2.727272727,11,5500,BAL@PHI,PHI,BAL,IL,Elbow,,,,P
64277-38596:Chris Martin,64277-38596,P,Chris,Chris Martin,Martin,3.853658537,41,5500,ATL@ARI,ATL,ARI,,,,,,P
64277-82628:Adonis Medina,64277-82628,P,Adonis,Adonis Medina,Medina,6,1,5500,BAL@PHI,PHI,BAL,,,,,,P
64277-17094:Jake Diekman,64277-17094,P,Jake,Jake Diekman,Diekman,5.682539683,63,5500,SEA@OAK,OAK,SEA,,,,,,P
64277-161483:Manny Barreda,64277-161483,P,Manny,Manny Barreda,Barreda,2.666666667,3,5500,BAL@PHI,BAL,PHI,,,,,,P
64277-161481:Brandyn Sittinger,64277-161481,P,Brandyn,Brandyn Sittinger,Sittinger,1,5,5500,ATL@ARI,ARI,ATL,,,,,,P
64277-81615:Tim Mayza,64277-81615,P,Tim,Tim Mayza,Mayza,4.807017544,57,5500,TOR@TB,TOR,TB,,,,,,P
64277-82639:Ryan Helsley,64277-82639,P,Ryan,Ryan Helsley,Helsley,4.843137255,51,5500,STL@MIL,STL,MIL,IL,Knee,,,,P
64277-82638:Jordan Hicks,64277-82638,P,Jordan,Jordan Hicks,Hicks,4.2,10,5500,STL@MIL,STL,MIL,IL,Elbow,,,,P
64277-13010:David Phelps,64277-13010,P,David,David Phelps,Phelps,6.636363636,11,5500,TOR@TB,TOR,TB,IL,Lat,,,,P
64277-17109:Oliver Drake,64277-17109,P,Oliver,Oliver Drake,Drake,3,11,5500,TOR@TB,TB,TOR,IL,Elbow,,,,P
64277-81620:Aaron Slegers,64277-81620,P,Aaron,Aaron Slegers,Slegers,3.724137931,29,5500,TOR@TB,TB,TOR,,,,,,P
64277-14047:Brad Boxberger,64277-14047,P,Brad,Brad Boxberger,Boxberger,5.666666667,66,5500,STL@MIL,MIL,STL,,,,,,P
64277-13025:Pedro Baez,64277-13025,P,Pedro,Pedro Baez,Baez,6.25,4,5500,HOU@LAA,HOU,LAA,IL,Shoulder,,,,P
64277-53990:Shawn Armstrong,64277-53990,P,Shawn,Shawn Armstrong,Armstrong,5.322580645,31,5500,TOR@TB,TB,TOR,,,,,,P
64277-81641:John Curtiss,64277-81641,P,John,John Curtiss,Curtiss,5.272727273,44,5500,STL@MIL,MIL,STL,IL,Elbow,,,,P
64277-81642:A.J. Minter,64277-81642,P,A.J.,A.J. Minter,Minter,4.543859649,57,5500,ATL@ARI,ATL,ARI,,,,,,P
64277-81644:Ryan Sherriff,64277-81644,P,Ryan,Ryan Sherriff,Sherriff,3.6,15,5500,TOR@TB,TB,TOR,,,,,,P
64277-52977:Ken Giles,64277-52977,P,Ken,Ken Giles,Giles,4.25,4,5500,SEA@OAK,SEA,OAK,IL,Elbow,,,,P
64277-157433:Kirby Snead,64277-157433,P,Kirby,Kirby Snead,Snead,5.428571429,7,5500,TOR@TB,TOR,TB,,,,,,P
64277-52994:Casey Sadler,64277-52994,P,Casey,Casey Sadler,Sadler,4.861111111,36,5500,SEA@OAK,SEA,OAK,,,,,,P
64277-138016:Brandon Waddell,64277-138016,P,Brandon,Brandon Waddell,Waddell,3.111111111,9,5500,STL@MIL,STL,MIL,,,,,,P
64277-53048:Cam Bedrosian,64277-53048,P,Cam,Cam Bedrosian,Bedrosian,4.476190476,21,5500,BAL@PHI,PHI,BAL,,,,,,P
64277-84815:Joey Krehbiel,64277-84815,P,Joey,Joey Krehbiel,Krehbiel,9,1,5500,TOR@TB,TB,TOR,,,,,,P
64277-70482:J.B. Wendelken,64277-70482,P,J.B.,J.B. Wendelken,Wendelken,4.575,40,5500,ATL@ARI,ARI,ATL,,,,,,P
64277-11108:Aroldis Chapman,64277-11108,P,Aroldis,Aroldis Chapman,Chapman,6.945454545,55,5500,TEX@NYY,NYY,TEX,,,,,,P
64277-68465:Yoan Lopez,64277-68465,P,Yoan,Yoan Lopez,Lopez,3.769230769,13,5500,ATL@ARI,ATL,ARI,,,,,,P
64277-54130:Ryan Weber,64277-54130,P,Ryan,Ryan Weber,Weber,3.5,4,5500,SEA@OAK,SEA,OAK,,,,,,P
64277-70517:Chad Green,64277-70517,P,Chad,Chad Green,Green,7.466666667,60,5500,TEX@NYY,NYY,TEX,,,,,,P
64277-68475:JT Chargois,64277-68475,P,JT,JT Chargois,Chargois,5.470588235,51,5500,TOR@TB,TB,TOR,,,,,,P
64277-68474:Josh Hader,64277-68474,P,Josh,Josh Hader,Hader,7.945454545,55,5500,STL@MIL,MIL,STL,,,,,,P
64277-68493:David Hess,64277-68493,P,David,David Hess,Hess,4,15,5500,TOR@TB,TB,TOR,,,,,,P
64277-23437:Brooks Raley,64277-23437,P,Brooks,Brooks Raley,Raley,4.679245283,53,5500,HOU@LAA,HOU,LAA,,,,,,P
64277-80801:Hoby Milner,64277-80801,P,Hoby,Hoby Milner,Milner,5.777777778,18,5500,STL@MIL,MIL,STL,,,,,,P
64277-68515:Sam Moll,64277-68515,P,Sam,Sam Moll,Moll,6.5,4,5500,SEA@OAK,OAK,SEA,,,,,,P
64277-157600:Austin Warren,64277-157600,P,Austin,Austin Warren,Warren,8.727272727,11,5500,HOU@LAA,LAA,HOU,IL,Undisclosed,,,,P
64277-39843:Burch Smith,64277-39843,P,Burch,Burch Smith,Smith,4.580645161,31,5500,SEA@OAK,OAK,SEA,,,,,,P
64277-8101:Ian Kennedy,64277-8101,P,Ian,Ian Kennedy,Kennedy,5.48,50,5500,BAL@PHI,PHI,BAL,,,,,,P
64277-80804:Tyler Webb,64277-80804,P,Tyler,Tyler Webb,Webb,0.863636364,22,5500,STL@MIL,STL,MIL,,,,,,P
64277-6057:Andrew Miller,64277-6057,P,Andrew,Andrew Miller,Miller,3.833333333,36,5500,STL@MIL,STL,MIL,,,,,,P
64277-108461:Pete Fairbanks,64277-108461,P,Pete,Pete Fairbanks,Fairbanks,5.534883721,43,5500,TOR@TB,TB,TOR,,,,,,P
64277-52143:Hunter Harvey,64277-52143,P,Hunter,Hunter Harvey,Harvey,3.555555556,9,5500,BAL@PHI,BAL,PHI,IL,Triceps,,,,P
64277-68529:Jharel Cotton,64277-68529,P,Jharel,Jharel Cotton,Cotton,7.294117647,17,5500,TEX@NYY,TEX,NYY,,,,,,P
64277-70578:Cody Reed,64277-70578,P,Cody,Cody Reed,Reed,3.166666667,12,5500,TOR@TB,TB,TOR,IL,Shoulder,,,,P
64277-68552:Sam Coonrod,64277-68552,P,Sam,Sam Coonrod,Coonrod,5.552631579,38,5500,BAL@PHI,PHI,BAL,,,,,,P
64277-68555:Brent Honeywell Jr.,64277-68555,P,Brent,Brent Honeywell Jr.,Honeywell Jr.,4.333333333,3,5500,TOR@TB,TB,TOR,,,,,,P
64277-68556:Dillon Tate,64277-68556,P,Dillon,Dillon Tate,Tate,4.035087719,57,5500,BAL@PHI,BAL,PHI,,,,,,P
64277-68559:Conner Greene,64277-68559,P,Conner,Conner Greene,Greene,5.388888889,18,5500,BAL@PHI,BAL,PHI,,,,,,P
64277-79825:Sal Romano,64277-79825,P,Sal,Sal Romano,Romano,3.947368421,19,5500,TEX@NYY,NYY,TEX,IL,Finger,,,,P
64277-80849:Adam Kolarek,64277-80849,P,Adam,Adam Kolarek,Kolarek,1.25,12,5500,SEA@OAK,OAK,SEA,,,,,,P
64277-52177:Jesse Biddle,64277-52177,P,Jesse,Jesse Biddle,Biddle,4.375,8,5500,ATL@ARI,ATL,ARI,,,,,,P
64277-5074:Tyler Clippard,64277-5074,P,Tyler,Tyler Clippard,Clippard,4.55,20,5500,ATL@ARI,ARI,ATL,,,,,,P
64277-13270:Blaine Hardy,64277-13270,P,Blaine,Blaine Hardy,Hardy,0,1,5500,STL@MIL,MIL,STL,,,,,,P
64277-13271:Will Smith,64277-13271,P,Will,Will Smith,Smith,5.5,66,5500,ATL@ARI,ATL,ARI,,,,,,P
64277-52184:Matt Wisler,64277-52184,P,Matt,Matt Wisler,Wisler,6.043478261,46,5500,TOR@TB,TB,TOR,IL,Finger,,,,P
64277-82911:Adam Cimber,64277-82911,P,Adam,Adam Cimber,Cimber,4.676923077,65,5500,TOR@TB,TOR,TB,,,,,,P
64277-52192:Luke Jackson,64277-52192,P,Luke,Luke Jackson,Jackson,5.296875,64,5500,ATL@ARI,ATL,ARI,,,,,,P
64277-52196:A.J. Cole,64277-52196,P,A.J.,A.J. Cole,Cole,7,6,5500,TOR@TB,TOR,TB,,,,,,P
64277-70629:Jacob Barnes,64277-70629,P,Jacob,Jacob Barnes,Barnes,4.464285714,28,5500,TOR@TB,TOR,TB,,,,,,P
64277-110564:Chris Mazza,64277-110564,P,Chris,Chris Mazza,Mazza,6.769230769,13,5500,TOR@TB,TB,TOR,IL,Not injury related,,,,P
64277-79848:Paul Sewald,64277-79848,P,Paul,Paul Sewald,Sewald,8.075471698,53,5500,SEA@OAK,SEA,OAK,,,,,,P
64277-82923:Luke Bard,64277-82923,P,Luke,Luke Bard,Bard,4.166666667,6,5500,HOU@LAA,LAA,HOU,IL,Hip,,,,P
64277-102382:Daulton Jefferies,64277-102382,P,Daulton,Daulton Jefferies,Jefferies,11.4,5,5500,SEA@OAK,OAK,SEA,IL,Elbow,,,,P
64277-68592:Francis Martes,64277-68592,P,Francis,Francis Martes,Martes,,,5500,HOU@LAA,HOU,LAA,,,,,,P
64277-5107:Sergio Romo,64277-5107,P,Sergio,Sergio Romo,Romo,4.161290323,62,5500,SEA@OAK,OAK,SEA,,,,,,P
64277-102397:Wyatt Mills,64277-102397,P,Wyatt,Wyatt Mills,Mills,2.416666667,12,5500,SEA@OAK,SEA,OAK,,,,,,P
64277-79273:Vladimir Guerrero Jr.,64277-79273,1B/3B,Vladimir,Vladimir Guerrero Jr.,Guerrero Jr.,14.03972636,146,4400,TOR@TB,TOR,TB,,,,,,C/1B/3B/UTIL
64277-12948:Bryce Harper,64277-12948,OF,Bryce,Bryce Harper,Harper,13.86428591,126,4400,BAL@PHI,PHI,BAL,,,,,,OF/UTIL
64277-82440:Shohei Ohtani,64277-82440,OF,Shohei,Shohei Ohtani,Ohtani,13.05241362,145,4300,HOU@LAA,LAA,HOU,,,,,,OF/UTIL
64277-52175:Matt Olson,64277-52175,1B,Matt,Matt Olson,Olson,12.62027938,143,4300,SEA@OAK,OAK,SEA,,,,,,C/1B/UTIL
64277-14562:Jose Altuve,64277-14562,2B,Jose,Jose Altuve,Altuve,12.31127838,133,4200,HOU@LAA,HOU,LAA,,,,,,2B/UTIL
64277-21705:Marcus Semien,64277-21705,2B/SS,Marcus,Marcus Semien,Semien,12.99931989,147,4100,TOR@TB,TOR,TB,,,,,,2B/SS/UTIL
64277-60643:Aaron Judge,64277-60643,OF,Aaron,Aaron Judge,Judge,11.78749982,136,4100,TEX@NYY,NYY,TEX,,,,,,OF/UTIL
64277-11334:Freddie Freeman,64277-11334,1B,Freddie,Freddie Freeman,Freeman,12.06712362,146,4000,ATL@ARI,ATL,ARI,,,,,,C/1B/UTIL
64277-102621:Wander Franco,64277-102621,SS,Wander,Wander Franco,Franco,11.43225787,62,4000,TOR@TB,TB,TOR,IL,Hamstring,,,,SS/UTIL
64277-12968:Paul Goldschmidt,64277-12968,1B,Paul,Paul Goldschmidt,Goldschmidt,11.61724138,145,4000,STL@MIL,STL,MIL,,,,,,C/1B/UTIL
64277-82654:Bo Bichette,64277-82654,SS,Bo,Bo Bichette,Bichette,12.36388906,144,4000,TOR@TB,TOR,TB,,,,,,SS/UTIL
64277-68522:Alex Bregman,64277-68522,3B,Alex,Alex Bregman,Bregman,10.98125,80,4000,HOU@LAA,HOU,LAA,,,,,,3B/UTIL
64277-12302:Giancarlo Stanton,64277-12302,OF,Giancarlo,Giancarlo Stanton,Stanton,10.58582696,127,3900,TEX@NYY,NYY,TEX,,,,,,OF/UTIL
64277-13423:Starling Marte,64277-13423,OF,Starling,Starling Marte,Marte,13.10458738,109,3900,SEA@OAK,OAK,SEA,,,,,,OF/UTIL
64277-73023:Teoscar Hernandez,64277-73023,OF,Teoscar,Teoscar Hernandez,Hernandez,12.49453163,128,3900,TOR@TB,TOR,TB,,,,,,OF/UTIL
64277-16983:George Springer,64277-16983,OF,George,George Springer,Springer,11.95625019,64,3900,TOR@TB,TOR,TB,,,,,,OF/UTIL
64277-5763:Nelson Cruz,64277-5763,OF,Nelson,Nelson Cruz,Cruz,11.18999962,130,3900,TOR@TB,TB,TOR,,,,,,OF/UTIL
64277-68587:Ozzie Albies,64277-68587,2B,Ozzie,Ozzie Albies,Albies,11.84615385,143,3900,ATL@ARI,ATL,ARI,,,,,,2B/UTIL
64277-13719:Nolan Arenado,64277-13719,3B,Nolan,Nolan Arenado,Arenado,10.84236145,144,3800,STL@MIL,STL,MIL,,,,,,3B/UTIL
64277-82575:Yordan Alvarez,64277-82575,OF,Yordan,Yordan Alvarez,Alvarez,12.00152634,131,3800,HOU@LAA,HOU,LAA,,,,,,OF/UTIL
64277-13567:DJ LeMahieu,64277-13567,2B,DJ,DJ LeMahieu,LeMahieu,9.200000172,142,3700,TEX@NYY,NYY,TEX,,,,,,2B/UTIL
64277-79125:Kyle Tucker,64277-79125,OF,Kyle,Kyle Tucker,Tucker,12.02698432,126,3700,HOU@LAA,HOU,LAA,DTD,Shoulder,,,,OF/UTIL
64277-73159:Mitch Haniger,64277-73159,OF,Mitch,Mitch Haniger,Haniger,11.14027744,144,3700,SEA@OAK,SEA,OAK,,,,,,OF/UTIL
64277-12940:Anthony Rizzo,64277-12940,1B,Anthony,Anthony Rizzo,Rizzo,9.668992627,129,3700,TEX@NYY,NYY,TEX,,,,,,C/1B/UTIL
64277-38117:Adam Duvall,64277-38117,OF,Adam,Adam Duvall,Duvall,10.67388096,134,3600,ATL@ARI,ATL,ARI,,,,,,OF/UTIL
64277-79082:Ryan Mountcastle,64277-79082,1B/OF,Ryan,Ryan Mountcastle,Mountcastle,10.66335896,131,3600,BAL@PHI,BAL,PHI,,,,,,C/1B/OF/UTIL
64277-85261:Randy Arozarena,64277-85261,OF,Randy,Randy Arozarena,Arozarena,11.09153865,130,3600,TOR@TB,TB,TOR,,,,,,OF/UTIL
64277-13239:Eduardo Escobar,64277-13239,3B/2B,Eduardo,Eduardo Escobar,Escobar,10.46742387,132,3600,STL@MIL,MIL,STL,,,,,,2B/3B/UTIL
64277-21609:Christian Yelich,64277-21609,OF,Christian,Christian Yelich,Yelich,9.846153846,104,3500,STL@MIL,MIL,STL,,,,,,OF/UTIL
64277-21853:Ketel Marte,64277-21853,2B/OF,Ketel,Ketel Marte,Marte,11.1397439,78,3500,ATL@ARI,ARI,ATL,,,,,,2B/OF/UTIL
64277-85504:Brandon Lowe,64277-85504,2B/OF,Brandon,Brandon Lowe,Lowe,11.3316545,139,3500,TOR@TB,TB,TOR,,,,,,2B/OF/UTIL
64277-85520:Adolis Garcia,64277-85520,OF,Adolis,Adolis Garcia,Garcia,10.53235312,136,3500,TEX@NYY,TEX,NYY,,,,,,OF/UTIL
64277-16948:Kolten Wong,64277-16948,2B,Kolten,Kolten Wong,Wong,10.48640753,103,3500,STL@MIL,MIL,STL,,,,,,2B/UTIL
64277-82536:Cedric Mullins,64277-82536,OF,Cedric,Cedric Mullins,Mullins,11.92191764,146,3500,BAL@PHI,BAL,PHI,,,,,,OF/UTIL
64277-12933:Mike Trout,64277-12933,OF,Mike,Mike Trout,Trout,12.62777795,36,3500,HOU@LAA,LAA,HOU,IL,Calf,,,,OF/UTIL
64277-38614:Carlos Correa,64277-38614,SS,Carlos,Carlos Correa,Correa,11.59117665,136,3500,HOU@LAA,HOU,LAA,,,,,,SS/UTIL
64277-68547:Tyler O'Neill,64277-68547,OF,Tyler,Tyler O'Neill,O'Neill,11.20322541,124,3500,STL@MIL,STL,MIL,,,,,,OF/UTIL
64277-79884:Anthony Santander,64277-79884,OF,Anthony,Anthony Santander,Santander,8.81509457,106,3400,BAL@PHI,BAL,PHI,,,,,,OF/UTIL
64277-79074:Austin Riley,64277-79074,3B,Austin,Austin Riley,Riley,10.83219178,146,3400,ATL@ARI,ATL,ARI,,,,,,3B/UTIL
64277-85285:Nathaniel Lowe,64277-85285,1B,Nathaniel,Nathaniel Lowe,Lowe,9.263447939,145,3400,TEX@NYY,TEX,NYY,,,,,,C/1B/UTIL
64277-79272:Lourdes Gurriel Jr.,64277-79272,OF,Lourdes,Lourdes Gurriel Jr.,Gurriel Jr.,9.373282629,131,3400,TOR@TB,TOR,TB,,,,,,OF/UTIL
64277-23107:Jorge Soler,64277-23107,OF,Jorge,Jorge Soler,Soler,8.761314225,137,3400,ATL@ARI,ATL,ARI,,,,,,OF/UTIL
64277-13966:Kyle Seager,64277-13966,3B,Kyle,Kyle Seager,Seager,10.18493151,146,3400,SEA@OAK,SEA,OAK,DTD,Elbow,,,,3B/UTIL
64277-13188:Jean Segura,64277-13188,2B/3B/SS,Jean,Jean Segura,Segura,10.56554663,119,3400,BAL@PHI,PHI,BAL,,,,,,2B/3B/SS/UTIL
64277-68544:Matt Chapman,64277-68544,3B,Matt,Matt Chapman,Chapman,9.656428746,140,3400,SEA@OAK,OAK,SEA,,,,,,3B/UTIL
64277-37983:Mike Zunino,64277-37983,C,Mike,Mike Zunino,Zunino,10.04999976,102,3300,TOR@TB,TB,TOR,,,,,,C/1B/UTIL
64277-17139:J.T. Realmuto,64277-17139,C,J.T.,J.T. Realmuto,Realmuto,9.96083374,120,3300,BAL@PHI,PHI,BAL,,,,,,C/1B/UTIL
64277-52180:Austin Meadows,64277-52180,OF,Austin,Austin Meadows,Meadows,10.87164216,134,3300,TOR@TB,TB,TOR,,,,,,OF/UTIL
64277-21666:Mark Canha,64277-21666,OF,Mark,Mark Canha,Canha,11.08139535,129,3200,SEA@OAK,OAK,SEA,,,,,,OF/UTIL
64277-80838:Luke Voit,64277-80838,1B,Luke,Luke Voit,Voit,8.616666852,66,3200,TEX@NYY,NYY,TEX,,,,,,C/1B/UTIL
64277-53401:Trey Mancini,64277-53401,1B/OF,Trey,Trey Mancini,Mancini,9.851111292,135,3100,BAL@PHI,BAL,PHI,,,,,,C/1B/OF/UTIL
64277-38321:Joey Gallo,64277-38321,OF,Joey,Joey Gallo,Gallo,11.0234046,141,3100,TEX@NYY,NYY,TEX,DTD,Neck,,,,OF/UTIL
64277-68588:Gleyber Torres,64277-68588,SS,Gleyber,Gleyber Torres,Torres,8.25130456,115,3100,TEX@NYY,NYY,TEX,,,,,,SS/UTIL
64277-5456:Andrew McCutchen,64277-5456,OF,Andrew,Andrew McCutchen,McCutchen,10.19384578,130,3000,BAL@PHI,PHI,BAL,,,,,,OF/UTIL
64277-16945:Gary Sanchez,64277-16945,C,Gary,Gary Sanchez,Sanchez,9.025471813,106,3000,TEX@NYY,NYY,TEX,,,,,,C/1B/UTIL
64277-12985:Avisail Garcia,64277-12985,OF,Avisail,Avisail Garcia,Garcia,10.51451652,124,3000,STL@MIL,MIL,STL,DTD,Back,,,,OF/UTIL
64277-82655:Danny Jansen,64277-82655,C,Danny,Danny Jansen,Jansen,6.741666667,60,3000,TOR@TB,TOR,TB,,,,,,C/1B/UTIL
64277-71507:Yuli Gurriel,64277-71507,1B,Yuli,Yuli Gurriel,Gurriel,10.41374009,131,3000,HOU@LAA,HOU,LAA,,,,,,C/1B/UTIL
64277-108450:Tommy Edman,64277-108450,2B/OF,Tommy,Tommy Edman,Edman,9.671917641,146,3000,STL@MIL,STL,MIL,,,,,,2B/OF/UTIL
64277-81953:Austin Hays,64277-81953,OF,Austin,Austin Hays,Hays,9.982203597,118,2900,BAL@PHI,BAL,PHI,,,,,,OF/UTIL
64277-82977:Isiah Kiner-Falefa,64277-82977,3B/SS,Isiah,Isiah Kiner-Falefa,Kiner-Falefa,8.502055129,146,2900,TEX@NYY,TEX,NYY,,,,,,3B/SS/UTIL
64277-104483:Jared Walsh,64277-104483,1B,Jared,Jared Walsh,Walsh,10.49542003,131,2900,HOU@LAA,LAA,HOU,,,,,,C/1B/UTIL
64277-79267:Andy Ibanez,64277-79267,2B,Andy,Andy Ibanez,Ibanez,6.779687405,64,2900,TEX@NYY,TEX,NYY,,,,,,2B/UTIL
64277-13771:Josh Harrison,64277-13771,2B/3B,Josh,Josh Harrison,Harrison,9.102362205,127,2900,SEA@OAK,OAK,SEA,,,,,,2B/3B/UTIL
64277-101842:Ty France,64277-101842,1B/2B,Ty,Ty France,France,9.721583085,139,2900,SEA@OAK,SEA,OAK,,,,,,C/1B/2B/UTIL
64277-16981:Yan Gomes,64277-16981,C,Yan,Yan Gomes,Gomes,8.358064385,93,2900,SEA@OAK,OAK,SEA,,,,,,C/1B/UTIL
64277-116339:Abraham Toro,64277-116339,3B/2B,Abraham,Abraham Toro,Toro,9.072289157,83,2900,SEA@OAK,SEA,OAK,,,,,,2B/3B/UTIL
64277-82580:Jo Adell,64277-82580,OF,Jo,Jo Adell,Adell,9.811428397,35,2900,HOU@LAA,LAA,HOU,IL,Abdomen,,,,OF/UTIL
64277-82620:Nick Solak,64277-82620,2B/OF,Nick,Nick Solak,Solak,8.167796507,118,2900,TEX@NYY,TEX,NYY,,,,,,2B/OF/UTIL
64277-68586:Dansby Swanson,64277-68586,SS,Dansby,Dansby Swanson,Swanson,10.05547928,146,2900,ATL@ARI,ATL,ARI,,,,,,SS/UTIL
64277-12434:Lorenzo Cain,64277-12434,OF,Lorenzo,Lorenzo Cain,Cain,9.75507211,69,2800,STL@MIL,MIL,STL,DTD,Hip,,,,OF/UTIL
64277-60655:Willy Adames,64277-60655,SS,Willy,Willy Adames,Adames,9.999212791,127,2800,STL@MIL,MIL,STL,IL,Quadriceps,,,,SS/UTIL
64277-79120:Yandy Diaz,64277-79120,1B/3B,Yandy,Yandy Diaz,Diaz,8.591200195,125,2800,TOR@TB,TB,TOR,,,,,,C/1B/3B/UTIL
64277-53586:David Peralta,64277-53586,OF,David,David Peralta,Peralta,7.855072464,138,2800,ATL@ARI,ARI,ATL,,,,,,OF/UTIL
64277-13099:Travis d'Arnaud,64277-13099,C,Travis,Travis d'Arnaud,d'Arnaud,7.969387755,49,2800,ATL@ARI,ATL,ARI,,,,,,C/1B/UTIL
64277-102398:Jarred Kelenic,64277-102398,OF,Jarred,Jarred Kelenic,Kelenic,8.318518368,81,2800,SEA@OAK,SEA,OAK,,,,,,OF/UTIL
64277-79151:Taylor Ward,64277-79151,3B,Taylor,Taylor Ward,Ward,8.725397019,63,2700,HOU@LAA,LAA,HOU,IL,Ribs,,,,3B/UTIL
64277-158244:Yonny Hernandez,64277-158244,SS,Yonny,Yonny Hernandez,Hernandez,8.084848115,33,2700,TEX@NYY,TEX,NYY,,,,,,SS/UTIL
64277-79400:Dylan Carlson,64277-79400,OF,Dylan,Dylan Carlson,Carlson,9.322794297,136,2700,STL@MIL,STL,MIL,,,,,,OF/UTIL
64277-119444:Alejandro Kirk,64277-119444,C,Alejandro,Alejandro Kirk,Kirk,7.737036811,54,2700,TOR@TB,TOR,TB,,,,,,C/1B/UTIL
64277-52179:J.P. Crawford,64277-52179,SS,J.P.,J.P. Crawford,Crawford,8.353741497,147,2700,SEA@OAK,SEA,OAK,,,,,,SS/UTIL
64277-6197:Justin Upton,64277-6197,OF,Justin,Justin Upton,Upton,9.19888916,90,2600,HOU@LAA,LAA,HOU,IL,Back,,,,OF/UTIL
64277-6273:Michael Brantley,64277-6273,OF,Michael,Michael Brantley,Brantley,9.496521527,115,2600,HOU@LAA,HOU,LAA,IL,Knee,,,,OF/UTIL
64277-38040:Eddie Rosario,64277-38040,OF,Eddie,Eddie Rosario,Rosario,9.215625127,96,2600,ATL@ARI,ATL,ARI,,,,,,OF/UTIL
64277-79156:David Fletcher,64277-79156,2B,David,David Fletcher,Fletcher,7.985416836,144,2600,HOU@LAA,LAA,HOU,,,,,,2B/UTIL
64277-38218:Christian Walker,64277-38218,1B,Christian,Christian Walker,Walker,7.840776462,103,2600,ATL@ARI,ARI,ATL,,,,,,C/1B/UTIL
64277-79225:Luis Urias,64277-79225,3B/2B/SS,Luis,Luis Urias,Urias,9.488321346,137,2600,STL@MIL,MIL,STL,,,,,,2B/3B/SS/UTIL
64277-38319:Odubel Herrera,64277-38319,OF,Odubel,Odubel Herrera,Herrera,9.054545455,110,2600,BAL@PHI,PHI,BAL,,,,,,OF/UTIL
64277-13909:Randal Grichuk,64277-13909,OF,Randal,Randal Grichuk,Grichuk,8.332856968,140,2600,TOR@TB,TOR,TB,,,,,,OF/UTIL
64277-5181:Yadier Molina,64277-5181,C,Yadier,Yadier Molina,Molina,8.122123786,113,2500,STL@MIL,STL,MIL,,,,,,C/1B/UTIL
64277-73832:Joey Wendle,64277-73832,3B/SS,Joey,Joey Wendle,Wendle,8.618254162,126,2500,TOR@TB,TB,TOR,,,,,,3B/SS/UTIL
64277-21612:Nick Ahmed,64277-21612,SS,Nick,Nick Ahmed,Ahmed,6.753488467,129,2500,ATL@ARI,ARI,ATL,,,,,,SS/UTIL
64277-73871:Carson Kelly,64277-73871,C,Carson,Carson Kelly,Kelly,8.309195683,87,2500,ATL@ARI,ARI,ATL,,,,,,C/1B/UTIL
64277-79234:Kyle Lewis,64277-79234,OF,Kyle,Kyle Lewis,Lewis,8.402777778,36,2500,SEA@OAK,SEA,OAK,IL,Knee,,,,OF/UTIL
64277-79249:Harrison Bader,64277-79249,OF,Harrison,Harrison Bader,Bader,8.706741847,89,2500,STL@MIL,STL,MIL,,,,,,OF/UTIL
64277-79263:Leody Taveras,64277-79263,OF,Leody,Leody Taveras,Taveras,6.724324407,37,2500,TEX@NYY,TEX,NYY,,,,,,OF/UTIL
64277-13841:Didi Gregorius,64277-13841,SS,Didi,Didi Gregorius,Gregorius,8.237778049,90,2500,BAL@PHI,PHI,BAL,,,,,,SS/UTIL
64277-13924:Kole Calhoun,64277-13924,OF,Kole,Kole Calhoun,Calhoun,7.392307379,39,2500,ATL@ARI,ARI,ATL,,,,,,OF/UTIL
64277-82533:Daulton Varsho,64277-82533,OF,Daulton,Daulton Varsho,Varsho,7.969512195,82,2500,ATL@ARI,ARI,ATL,,,,,,OF/UTIL
64277-82553:Jose Siri,64277-82553,OF,Jose,Jose Siri,Siri,11.35454559,11,2500,HOU@LAA,HOU,LAA,,,,,,OF/UTIL
64277-113309:Josh Rojas,64277-113309,2B/SS,Josh,Josh Rojas,Rojas,8.916278691,129,2500,ATL@ARI,ARI,ATL,,,,,,2B/SS/UTIL
64277-6029:Jed Lowrie,64277-6029,2B/3B,Jed,Jed Lowrie,Lowrie,8.159259259,135,2500,SEA@OAK,OAK,SEA,,,,,,2B/3B/UTIL
64277-102341:DJ Peters,64277-102341,OF,DJ,DJ Peters,Peters,8.180327869,61,2500,TEX@NYY,TEX,NYY,,,,,,OF/UTIL
64277-52187:Ji-Man Choi,64277-52187,1B,Ji-Man,Ji-Man Choi,Choi,9.049314734,73,2500,TOR@TB,TB,TOR,,,,,,C/1B/UTIL
64277-54401:Manuel Margot,64277-54401,OF,Manuel,Manuel Margot,Margot,8.782456247,114,2400,TOR@TB,TB,TOR,,,,,,OF/UTIL
64277-104629:Jack Mayfield,64277-104629,SS,Jack,Jack Mayfield,Mayfield,6.624324489,74,2400,HOU@LAA,LAA,HOU,,,,,,SS/UTIL
64277-38074:Corey Dickerson,64277-38074,OF,Corey,Corey Dickerson,Dickerson,7.012245023,98,2400,TOR@TB,TOR,TB,,,,,,OF/UTIL
64277-38112:Gio Urshela,64277-38112,3B,Gio,Gio Urshela,Urshela,7.788461538,104,2400,TEX@NYY,NYY,TEX,,,,,,3B/UTIL
64277-38196:Jake Lamb,64277-38196,1B/3B,Jake,Jake Lamb,Lamb,7.122641509,53,2400,TOR@TB,TOR,TB,,,,,,C/1B/3B/UTIL
64277-118120:Jonah Heim,64277-118120,C,Jonah,Jonah Heim,Heim,6.315789474,76,2400,TEX@NYY,TEX,NYY,,,,,,C/1B/UTIL
64277-79247:Edmundo Sosa,64277-79247,2B/SS,Edmundo,Edmundo Sosa,Sosa,6.170476423,105,2400,STL@MIL,STL,MIL,,,,,,2B/SS/UTIL
64277-71217:Omar Narvaez,64277-71217,C,Omar,Omar Narvaez,Narvaez,8.122608483,115,2400,STL@MIL,MIL,STL,,,,,,C/1B/UTIL
64277-81506:Jordan Luplow,64277-81506,OF,Jordan,Jordan Luplow,Luplow,8.010000102,60,2400,TOR@TB,TB,TOR,,,,,,OF/UTIL
64277-13961:Kevin Kiermaier,64277-13961,OF,Kevin,Kevin Kiermaier,Kiermaier,6.999099319,111,2400,TOR@TB,TB,TOR,DTD,Illness,,,,OF/UTIL
64277-17167:Brad Miller,64277-17167,1B,Brad,Brad Miller,Miller,6.948412698,126,2400,BAL@PHI,PHI,BAL,,,,,,C/1B/UTIL
64277-5948:Brett Gardner,64277-5948,OF,Brett,Brett Gardner,Gardner,6.5390625,128,2400,TEX@NYY,NYY,TEX,,,,,,OF/UTIL
64277-159624:Yohel Pozo,64277-159624,C,Yohel,Yohel Pozo,Pozo,7.147619338,21,2400,TEX@NYY,TEX,NYY,,,,,,C/1B/UTIL
64277-79896:Luis Torrens,64277-79896,C,Luis,Luis Torrens,Torrens,7.551546392,97,2300,SEA@OAK,SEA,OAK,,,,,,C/1B/UTIL
64277-81948:Breyvic Valera,64277-81948,SS,Breyvic,Breyvic Valera,Valera,5.823529412,34,2300,TOR@TB,TOR,TB,,,,,,SS/UTIL
64277-13436:Max Stassi,64277-13436,C,Max,Max Stassi,Stassi,8.422785119,79,2300,HOU@LAA,LAA,HOU,,,,,,C/1B/UTIL
64277-13520:Phil Gosselin,64277-13520,2B,Phil,Phil Gosselin,Gosselin,7.202173648,92,2300,HOU@LAA,LAA,HOU,,,,,,2B/UTIL
64277-5359:Elvis Andrus,64277-5359,SS,Elvis,Elvis Andrus,Andrus,6.72285723,140,2300,SEA@OAK,OAK,SEA,,,,,,SS/UTIL
64277-85274:DJ Stewart,64277-85274,OF,DJ,DJ Stewart,Stewart,6.872999878,100,2300,BAL@PHI,BAL,PHI,,,,,,OF/UTIL
64277-85277:Cavan Biggio,64277-85277,2B/3B,Cavan,Cavan Biggio,Biggio,7.384210687,76,2300,TOR@TB,TOR,TB,IL,Elbow,,,,2B/3B/UTIL
64277-79154:Brandon Marsh,64277-79154,OF,Brandon,Brandon Marsh,Marsh,6.812069071,58,2300,HOU@LAA,LAA,HOU,,,,,,OF/UTIL
64277-13694:Marwin Gonzalez,64277-13694,1B,Marwin,Marwin Gonzalez,Gonzalez,6.022891493,83,2300,HOU@LAA,HOU,LAA,,,,,,C/1B/UTIL
64277-38282:Daniel Vogelbach,64277-38282,1B,Daniel,Daniel Vogelbach,Vogelbach,6.08658544,82,2300,STL@MIL,MIL,STL,,,,,,C/1B/UTIL
64277-79277:Rowdy Tellez,64277-79277,1B,Rowdy,Rowdy Tellez,Tellez,6.34660206,103,2300,STL@MIL,MIL,STL,IL,Kneecap,,,,C/1B/UTIL
64277-82530:Pavin Smith,64277-82530,1B/OF,Pavin,Pavin Smith,Smith,8.054887585,133,2300,ATL@ARI,ARI,ATL,,,,,,C/1B/OF/UTIL
64277-161468:Henry Ramos,64277-161468,OF,Henry,Henry Ramos,Ramos,8.725000381,8,2300,ATL@ARI,ARI,ATL,,,,,,OF/UTIL
64277-82624:Sean Murphy,64277-82624,C,Sean,Sean Murphy,Murphy,8.426785605,112,2300,SEA@OAK,OAK,SEA,,,,,,C/1B/UTIL
64277-116450:Seth Brown,64277-116450,1B/OF,Seth,Seth Brown,Brown,6.934000244,100,2300,SEA@OAK,OAK,SEA,,,,,,C/1B/OF/UTIL
64277-52157:Tom Murphy,64277-52157,C,Tom,Tom Murphy,Murphy,6.759550287,89,2300,SEA@OAK,SEA,OAK,,,,,,C/1B/UTIL
64277-135218:Jake Meyers,64277-135218,OF,Jake,Jake Meyers,Meyers,8.842105263,38,2200,HOU@LAA,HOU,LAA,,,,,,OF/UTIL
64277-135216:Chas McCormick,64277-135216,OF,Chas,Chas McCormick,McCormick,7.602062107,97,2200,HOU@LAA,HOU,LAA,,,,,,OF/UTIL
64277-102591:Jake Fraley,64277-102591,OF,Jake,Jake Fraley,Fraley,8.76567146,67,2200,SEA@OAK,SEA,OAK,,,,,,OF/UTIL
64277-83173:Jose Trevino,64277-83173,C,Jose,Jose Trevino,Trevino,5.398765281,81,2200,TEX@NYY,TEX,NYY,,,,,,C/1B/UTIL
64277-101753:Dylan Moore,64277-101753,2B/OF,Dylan,Dylan Moore,Moore,7.101739237,115,2200,SEA@OAK,SEA,OAK,,,,,,2B/OF/UTIL
64277-65991:Pedro Severino,64277-65991,C,Pedro,Pedro Severino,Severino,6.922330097,103,2200,BAL@PHI,BAL,PHI,,,,,,C/1B/UTIL
64277-101850:Ramon Urias,64277-101850,2B,Ramon,Ramon Urias,Urias,7.90595209,84,2200,BAL@PHI,BAL,PHI,DTD,Upper leg,,,,2B/UTIL
64277-80462:Paul DeJong,64277-80462,SS,Paul,Paul DeJong,DeJong,7.764077788,103,2200,STL@MIL,STL,MIL,,,,,,SS/UTIL
64277-13917:Juan Lagares,64277-13917,OF,Juan,Juan Lagares,Lagares,5.89117671,102,2200,HOU@LAA,LAA,HOU,,,,,,OF/UTIL
64277-14038:Khris Davis,64277-14038,OF,Khris,Khris Davis,Davis,4.926470588,34,2200,SEA@OAK,OAK,SEA,,,,,,OF/UTIL
64277-13102:Freddy Galvis,64277-13102,2B/SS,Freddy,Freddy Galvis,Galvis,8.543010753,93,2200,BAL@PHI,PHI,BAL,,,,,,2B/SS/UTIL
64277-68471:Tony Kemp,64277-68471,2B/OF,Tony,Tony Kemp,Kemp,6.812712071,118,2200,SEA@OAK,OAK,SEA,,,,,,2B/OF/UTIL
64277-68478:Chad Pinder,64277-68478,2B/OF,Chad,Chad Pinder,Pinder,6.079687595,64,2200,SEA@OAK,OAK,SEA,,,,,,2B/OF/UTIL
64277-102279:Drew Ellis,64277-102279,3B,Drew,Drew Ellis,Ellis,4.767857143,28,2200,ATL@ARI,ARI,ATL,,,,,,3B/UTIL
64277-68533:Brett Phillips,64277-68533,OF,Brett,Brett Phillips,Phillips,7.176363858,110,2200,TOR@TB,TB,TOR,,,,,,OF/UTIL
64277-102337:Seth Beer,64277-102337,OF,Seth,Seth Beer,Beer,10.05999985,5,2200,ATL@ARI,ARI,ATL,IL,Shoulder,,,,OF/UTIL
64277-135190:Taylor Walls,64277-135190,SS,Taylor,Taylor Walls,Walls,6.123529172,51,2100,TOR@TB,TB,TOR,DTD,Illness,,,,SS/UTIL
64277-102424:Kevin Smith,64277-102424,SS,Kevin,Kevin Smith,Smith,2.347058913,17,2100,TOR@TB,TOR,TB,,,,,,SS/UTIL
64277-102439:Andrew Young,64277-102439,3B,Andrew,Andrew Young,Young,4.518965622,58,2100,ATL@ARI,ARI,ATL,,,,,,3B/UTIL
64277-13451:Ronald Torreyes,64277-13451,SS,Ronald,Ronald Torreyes,Torreyes,5.815999756,100,2100,BAL@PHI,PHI,BAL,,,,,,SS/UTIL
64277-73879:Pat Valaika,64277-73879,2B/SS,Pat,Pat Valaika,Valaika,4.478204972,78,2100,BAL@PHI,BAL,PHI,,,,,,2B/SS/UTIL
64277-12462:Mitch Moreland,64277-12462,1B,Mitch,Mitch Moreland,Moreland,6.661728094,81,2100,SEA@OAK,OAK,SEA,IL,Wrist,,,,C/1B/UTIL
64277-79113:Francisco Mejia,64277-79113,C,Francisco,Francisco Mejia,Mejia,7.113157573,76,2100,TOR@TB,TB,TOR,,,,,,C/1B/UTIL
64277-79153:Jahmai Jones,64277-79153,2B/OF,Jahmai,Jahmai Jones,Jones,4.305555556,18,2100,BAL@PHI,BAL,PHI,,,,,,2B/OF/UTIL
64277-13685:Brock Holt,64277-13685,3B/OF,Brock,Brock Holt,Holt,6.023943834,71,2100,TEX@NYY,TEX,NYY,,,,,,3B/OF/UTIL
64277-101817:Luis Rengifo,64277-101817,2B,Luis,Luis Rengifo,Rengifo,5.948780339,41,2100,HOU@LAA,LAA,HOU,,,,,,2B/UTIL
64277-101837:Jason Martin,64277-101837,OF,Jason,Jason Martin,Martin,5.160344617,58,2100,TEX@NYY,TEX,NYY,,,,,,OF/UTIL
64277-13864:Joc Pederson,64277-13864,OF,Joc,Joc Pederson,Pederson,7.909448819,127,2100,ATL@ARI,ATL,ARI,,,,,,OF/UTIL
64277-72261:Guillermo Heredia,64277-72261,OF,Guillermo,Guillermo Heredia,Heredia,6.14299054,107,2100,ATL@ARI,ATL,ARI,,,,,,OF/UTIL
64277-104085:Josh VanMeter,64277-104085,2B,Josh,Josh VanMeter,VanMeter,5.471568388,102,2100,ATL@ARI,ARI,ATL,,,,,,2B/UTIL
64277-82605:Keston Hiura,64277-82605,1B/2B,Keston,Keston Hiura,Hiura,5.800000207,59,2100,STL@MIL,MIL,STL,,,,,,C/1B/2B/UTIL
64277-13034:Charlie Culberson,64277-13034,SS/OF,Charlie,Charlie Culberson,Culberson,5.76428586,84,2100,TEX@NYY,TEX,NYY,,,,,,SS/OF/UTIL
64277-54049:Aledmys Diaz,64277-54049,2B/SS,Aledmys,Aledmys Diaz,Diaz,8.35394769,76,2100,HOU@LAA,HOU,LAA,,,,,,2B/SS/UTIL
64277-154422:Matt Vierling,64277-154422,OF,Matt,Matt Vierling,Vierling,4.547619048,21,2100,BAL@PHI,PHI,BAL,,,,,,OF/UTIL
64277-13209:Manny Pina,64277-13209,C,Manny,Manny Pina,Pina,7.346268839,67,2100,STL@MIL,MIL,STL,,,,,,C/1B/UTIL
64277-79785:Jose Marmolejos,64277-79785,1B/OF,Jose,Jose Marmolejos,Marmolejos,5.266666594,42,2100,SEA@OAK,SEA,OAK,,,,,,C/1B/OF/UTIL
64277-13253:Martin Maldonado,64277-13253,C,Martin,Martin Maldonado,Maldonado,6.021052846,114,2100,HOU@LAA,HOU,LAA,,,,,,C/1B/UTIL
64277-102406:Vidal Brujan,64277-102406,2B,Vidal,Vidal Brujan,Brujan,2.860000038,10,2000,TOR@TB,TB,TOR,,,,,,2B/UTIL
64277-102411:Andrew Knizner,64277-102411,C,Andrew,Andrew Knizner,Knizner,4.667272949,55,2000,STL@MIL,STL,MIL,,,,,,C/1B/UTIL
64277-102417:Anderson Tejeda,64277-102417,SS,Anderson,Anderson Tejeda,Tejeda,3.039999962,5,2000,TEX@NYY,TEX,NYY,,,,,,SS/UTIL
64277-102418:Eli White,64277-102418,2B,Eli,Eli White,White,6.287692495,65,2000,TEX@NYY,TEX,NYY,IL,Elbow,,,,2B/UTIL
64277-135207:Alex De Goti,64277-135207,2B,Alex,Alex De Goti,De Goti,9.449999809,2,2000,HOU@LAA,HOU,LAA,,,,,,2B/UTIL
64277-102438:Geraldo Perdomo,64277-102438,SS,Geraldo,Geraldo Perdomo,Perdomo,3.799999952,4,2000,ATL@ARI,ARI,ATL,,,,,,SS/UTIL
64277-11311:Drew Butera,64277-11311,C,Drew,Drew Butera,Butera,2.725000064,12,2000,HOU@LAA,HOU,LAA,,,,,,C/1B/UTIL
64277-79918:Kyle Higashioka,64277-79918,C,Kyle,Kyle Higashioka,Higashioka,6.596774194,62,2000,TEX@NYY,NYY,TEX,,,,,,C/1B/UTIL
64277-135227:Jose Rojas,64277-135227,2B,Jose,Jose Rojas,Rojas,6.82,50,2000,HOU@LAA,LAA,HOU,,,,,,2B/UTIL
64277-38973:Tyrone Taylor,64277-38973,OF,Tyrone,Tyrone Taylor,Taylor,7.635802469,81,2000,STL@MIL,MIL,STL,IL,Oblique,,,,OF/UTIL
64277-135228:Jack Kruger,64277-135228,C,Jack,Jack Kruger,Kruger,0,1,2000,TEX@NYY,TEX,NYY,,,,,,C/1B/UTIL
64277-148547:Scott Hurst,64277-148547,OF,Scott,Scott Hurst,Hurst,0,7,2000,STL@MIL,STL,MIL,,,,,,OF/UTIL
64277-21573:Jace Peterson,64277-21573,OF,Jace,Jace Peterson,Peterson,8.031764849,85,2000,STL@MIL,MIL,STL,,,,,,OF/UTIL
64277-13388:Ryan LaMarre,64277-13388,OF,Ryan,Ryan LaMarre,LaMarre,7.622222053,9,2000,TEX@NYY,NYY,TEX,,,,,,OF/UTIL
64277-11344:Jason Castro,64277-11344,C,Jason,Jason Castro,Castro,5.389473898,57,2000,HOU@LAA,HOU,LAA,,,,,,C/1B/UTIL
64277-21584:Rougned Odor,64277-21584,2B,Rougned,Rougned Odor,Odor,7.554545701,99,2000,TEX@NYY,NYY,TEX,,,,,,2B/UTIL
64277-154711:Lars Nootbaar,64277-154711,OF,Lars,Lars Nootbaar,Nootbaar,4.256521805,46,2000,STL@MIL,STL,MIL,,,,,,OF/UTIL
64277-13407:Bryan Holaday,64277-13407,C,Bryan,Bryan Holaday,Holaday,3.300000117,13,2000,ATL@ARI,ARI,ATL,,,,,,C/1B/UTIL
64277-102497:Ronnie Dawson,64277-102497,OF,Ronnie,Ronnie Dawson,Dawson,4.133333206,3,2000,HOU@LAA,HOU,LAA,,,,,,OF/UTIL
64277-116841:Sam Haggerty,64277-116841,1B/OF,Sam,Sam Haggerty,Haggerty,5.471428571,35,2000,SEA@OAK,SEA,OAK,IL,Shoulder,,,,C/1B/OF/UTIL
64277-102513:Mario Feliciano,64277-102513,C,Mario,Mario Feliciano,Feliciano,6.199999809,1,2000,STL@MIL,MIL,STL,,,,,,C/1B/UTIL
64277-135282:Josh Palacios,64277-135282,OF,Josh,Josh Palacios,Palacios,5.569230887,13,2000,TOR@TB,TOR,TB,,,,,,OF/UTIL
64277-135291:Jose Godoy,64277-135291,C,Jose,Jose Godoy,Godoy,2.931250095,16,2000,SEA@OAK,SEA,OAK,,,,,,C/1B/UTIL
64277-21637:Jackie Bradley Jr.,64277-21637,OF,Jackie,Jackie Bradley Jr.,Bradley Jr.,5.404032061,124,2000,STL@MIL,MIL,STL,,,,,,OF/UTIL
64277-160918:Ryan Dorow,64277-160918,SS,Ryan,Ryan Dorow,Dorow,1,3,2000,TEX@NYY,TEX,NYY,,,,,,SS/UTIL
64277-152731:Chris Gittens,64277-152731,1B,Chris,Chris Gittens,Gittens,3.918750048,16,2000,TEX@NYY,NYY,TEX,,,,,,C/1B/UTIL
64277-102554:Cal Raleigh,64277-102554,C,Cal,Cal Raleigh,Raleigh,4.226190476,42,2000,SEA@OAK,SEA,OAK,,,,,,C/1B/UTIL
64277-5282:Jeff Mathis,64277-5282,C,Jeff,Jeff Mathis,Mathis,0,4,2000,ATL@ARI,ATL,ARI,,,,,,C/1B/UTIL
64277-102577:Santiago Espinal,64277-102577,SS,Santiago,Santiago Espinal,Espinal,5.26951227,82,2000,TOR@TB,TOR,TB,IL,Hip,,,,SS/UTIL
64277-5311:Kurt Suzuki,64277-5311,C,Kurt,Kurt Suzuki,Suzuki,5.515384615,65,2000,HOU@LAA,LAA,HOU,,,,,,C/1B/UTIL
64277-13516:Stephen Vogt,64277-13516,C,Stephen,Stephen Vogt,Vogt,5.874025815,77,2000,ATL@ARI,ATL,ARI,IL,Hip,,,,C/1B/UTIL
64277-145618:Otto Lopez,64277-145618,SS,Otto,Otto Lopez,Lopez,0,1,2000,TOR@TB,TOR,TB,,,,,,SS/UTIL
64277-83155:Ramon Laureano,64277-83155,OF,Ramon,Ramon Laureano,Laureano,10.30795427,88,2000,SEA@OAK,OAK,SEA,NA,Suspension,,,,OF/UTIL
64277-13535:Ehire Adrianza,64277-13535,2B/SS,Ehire,Ehire Adrianza,Adrianza,4.412999878,100,2000,ATL@ARI,ATL,ARI,,,,,,2B/SS/UTIL
64277-79070:Domingo Leyba,64277-79070,SS,Domingo,Domingo Leyba,Leyba,3.005882263,34,2000,TEX@NYY,TEX,NYY,,,,,,SS/UTIL
64277-53476:Scott Schebler,64277-53476,OF,Scott,Scott Schebler,Schebler,2.399999891,14,2000,HOU@LAA,LAA,HOU,,,,,,OF/UTIL
64277-83188:Kelvin Gutierrez,64277-83188,3B,Kelvin,Kelvin Gutierrez,Gutierrez,4.915277693,72,2000,BAL@PHI,BAL,PHI,,,,,,3B/UTIL
64277-83191:Austin Wynns,64277-83191,C,Austin,Austin Wynns,Wynns,5.946341538,41,2000,BAL@PHI,BAL,PHI,,,,,,C/1B/UTIL
64277-116994:Donovan Walton,64277-116994,SS,Donovan,Donovan Walton,Walton,5.445833206,24,2000,SEA@OAK,SEA,OAK,,,,,,SS/UTIL
64277-79115:Greg Allen,64277-79115,OF,Greg,Greg Allen,Allen,9.58666687,15,2000,TEX@NYY,NYY,TEX,,,,,,OF/UTIL
64277-79127:Derek Fisher,64277-79127,OF,Derek,Derek Fisher,Fisher,4.675000191,4,2000,STL@MIL,MIL,STL,,,,,,OF/UTIL
64277-79128:Garrett Stubbs,64277-79128,C,Garrett,Garrett Stubbs,Stubbs,2.60555564,18,2000,HOU@LAA,HOU,LAA,,,,,,C/1B/UTIL
64277-12577:Jarrod Dyson,64277-12577,OF,Jarrod,Jarrod Dyson,Dyson,3.121276531,94,2000,TOR@TB,TOR,TB,,,,,,OF/UTIL
64277-85284:Jacob Wilson,64277-85284,3B,Jacob,Jacob Wilson,Wilson,2.84166654,12,2000,HOU@LAA,HOU,LAA,,,,,,3B/UTIL
64277-85287:Kean Wong,64277-85287,2B,Kean,Kean Wong,Wong,2.353571483,28,2000,HOU@LAA,LAA,HOU,,,,,,2B/UTIL
64277-79152:Matt Thaiss,64277-79152,1B,Matt,Matt Thaiss,Thaiss,4.599999905,2,2000,HOU@LAA,LAA,HOU,,,,,,C/1B/UTIL
64277-110911:Robel Garcia,64277-110911,OF,Robel,Robel Garcia,Garcia,3.119149066,47,2000,HOU@LAA,HOU,LAA,,,,,,OF/UTIL
64277-79170:Willie Calhoun,64277-79170,OF,Willie,Willie Calhoun,Calhoun,7.356249809,64,2000,TEX@NYY,TEX,NYY,,,,,,OF/UTIL
64277-79173:Corey Ray,64277-79173,OF,Corey,Corey Ray,Ray,6.199999809,1,2000,STL@MIL,MIL,STL,,,,,,OF/UTIL
64277-79174:Jacob Nottingham,64277-79174,C,Jacob,Jacob Nottingham,Nottingham,6.466666667,15,2000,SEA@OAK,SEA,OAK,,,,,,C/1B/UTIL
64277-82251:Tim Locastro,64277-82251,OF,Tim,Tim Locastro,Locastro,3.9921875,64,2000,TEX@NYY,NYY,TEX,IL,Knee,,,,OF/UTIL
64277-38223:Travis Jankowski,64277-38223,OF,Travis,Travis Jankowski,Jankowski,4.704347915,69,2000,BAL@PHI,PHI,BAL,IL,Foot,,,,OF/UTIL
64277-79195:Miguel Andujar,64277-79195,3B,Miguel,Miguel Andujar,Andujar,6.684444173,45,2000,TEX@NYY,NYY,TEX,IL,Wrist,,,,3B/UTIL
64277-79204:Richie Martin,64277-79204,SS,Richie,Richie Martin,Martin,4.791666667,24,2000,BAL@PHI,BAL,PHI,,,,,,SS/UTIL
64277-79211:Mickey Moniak,64277-79211,OF,Mickey,Mickey Moniak,Moniak,2.24285707,21,2000,BAL@PHI,PHI,BAL,,,,,,OF/UTIL
64277-38252:Stephen Piscotty,64277-38252,OF,Stephen,Stephen Piscotty,Piscotty,4.64999983,72,2000,SEA@OAK,OAK,SEA,IL,Wrist,,,,OF/UTIL
64277-79213:Scott Kingery,64277-79213,2B/OF,Scott,Scott Kingery,Kingery,0.413333321,15,2000,BAL@PHI,PHI,BAL,O,Shoulder,,,,2B/OF/UTIL
64277-79212:Andrew Knapp,64277-79212,C,Andrew,Andrew Knapp,Knapp,3.507017437,57,2000,BAL@PHI,PHI,BAL,,,,,,C/1B/UTIL
64277-79215:Rhys Hoskins,64277-79215,1B,Rhys,Rhys Hoskins,Hoskins,11.63831821,107,2000,BAL@PHI,PHI,BAL,IL,Abdomen,,,,C/1B/UTIL
64277-157036:Curtis Terry,64277-157036,1B,Curtis,Curtis Terry,Terry,3.084615267,13,2000,TEX@NYY,TEX,NYY,,,,,,C/1B/UTIL
64277-21890:Orlando Arcia,64277-21890,SS,Orlando,Orlando Arcia,Arcia,4.523333232,30,2000,ATL@ARI,ATL,ARI,,,,,,SS/UTIL
64277-152970:Dillon Thomas,64277-152970,OF,Dillon,Dillon Thomas,Thomas,3.279999924,5,2000,SEA@OAK,SEA,OAK,,,,,,OF/UTIL
64277-79240:Aramis Garcia,64277-79240,C,Aramis,Aramis Garcia,Garcia,4.565625191,32,2000,SEA@OAK,OAK,SEA,,,,,,C/1B/UTIL
64277-13706:Adam Eaton,64277-13706,OF,Adam,Adam Eaton,Eaton,6.830587948,85,2000,HOU@LAA,LAA,HOU,,,,,,OF/UTIL
64277-152972:Luke Williams,64277-152972,2B,Luke,Luke Williams,Williams,3.42641521,53,2000,BAL@PHI,PHI,BAL,IL,Illness,,,,2B/UTIL
64277-79255:Jake Bauers,64277-79255,1B,Jake,Jake Bauers,Bauers,4.689814815,108,2000,SEA@OAK,SEA,OAK,,,,,,C/1B/UTIL
64277-79257:Josh Lowe,64277-79257,3B,Josh,Josh Lowe,Lowe,6,2,2000,TOR@TB,TB,TOR,,,,,,3B/UTIL
64277-79262:Ronald Guzman,64277-79262,1B,Ronald,Ronald Guzman,Guzman,3.100000109,7,2000,TEX@NYY,TEX,NYY,IL,Knee,,,,C/1B/UTIL
64277-118181:Taylor Jones,64277-118181,1B/3B,Taylor,Taylor Jones,Jones,6.462857056,35,2000,HOU@LAA,HOU,LAA,,,,,,C/1B/3B/UTIL
64277-118189:Ali Sanchez,64277-118189,C,Ali,Ali Sanchez,Sanchez,6,2,2000,STL@MIL,STL,MIL,,,,,,C/1B/UTIL
64277-118193:Nick Heath,64277-118193,OF,Nick,Nick Heath,Heath,2.154999924,20,2000,ATL@ARI,ARI,ATL,,,,,,OF/UTIL
64277-118204:Ryan McKenna,64277-118204,OF,Ryan,Ryan McKenna,McKenna,3.54025982,77,2000,BAL@PHI,BAL,PHI,,,,,,OF/UTIL
64277-118211:Kevin Padlo,64277-118211,3B,Kevin,Kevin Padlo,Padlo,1.519999981,10,2000,SEA@OAK,SEA,OAK,,,,,,3B/UTIL
64277-101828:Troy Stokes Jr.,64277-101828,OF,Troy,Troy Stokes Jr.,Stokes Jr.,4.300000191,8,2000,STL@MIL,MIL,STL,,,,,,OF/UTIL
64277-101833:Luis Barrera,64277-101833,OF,Luis,Luis Barrera,Barrera,0.75,4,2000,SEA@OAK,OAK,SEA,,,,,,OF/UTIL
64277-101832:Skye Bolt,64277-101832,OF,Skye,Skye Bolt,Bolt,1.92758626,29,2000,SEA@OAK,OAK,SEA,,,,,,OF/UTIL
64277-101835:Austin Allen,64277-101835,C,Austin,Austin Allen,Allen,6.224999905,4,2000,SEA@OAK,OAK,SEA,,,,,,C/1B/UTIL
64277-118222:Mark Mathias,64277-118222,2B,Mark,Mark Mathias,Mathias,4.087500095,16,2000,STL@MIL,MIL,STL,IL,Shoulder,,,,2B/UTIL
64277-53725:Renato Nunez,64277-53725,1B,Renato,Renato Nunez,Nunez,9.135714395,14,2000,STL@MIL,MIL,STL,,,,,,C/1B/UTIL
64277-52732:Jorge Bonifacio,64277-52732,OF,Jorge,Jorge Bonifacio,Bonifacio,1.857142857,7,2000,BAL@PHI,PHI,BAL,,,,,,OF/UTIL
64277-96764:Jonathan Davis,64277-96764,OF,Jonathan,Jonathan Davis,Davis,3.047619048,63,2000,TEX@NYY,NYY,TEX,,,,,,OF/UTIL
64277-95776:Pablo Reyes,64277-95776,OF,Pablo,Pablo Reyes,Reyes,3.605882233,51,2000,STL@MIL,MIL,STL,,,,,,OF/UTIL
64277-16951:Anthony Rendon,64277-16951,3B,Anthony,Anthony Rendon,Rendon,9.220689445,58,2000,HOU@LAA,LAA,HOU,IL,Hip,,,,3B/UTIL
64277-13892:Hernan Perez,64277-13892,3B/OF,Hernan,Hernan Perez,Perez,1.219999981,10,2000,STL@MIL,MIL,STL,,,,,,3B/OF/UTIL
64277-13894:Aaron Hicks,64277-13894,OF,Aaron,Aaron Hicks,Hicks,7.706250191,32,2000,TEX@NYY,NYY,TEX,IL,Wrist,,,,OF/UTIL
64277-72264:Max Moroff,64277-72264,SS,Max,Max Moroff,Moroff,1.083333333,6,2000,STL@MIL,STL,MIL,IL,Shoulder,,,,SS/UTIL
64277-119401:Rafael Marchan,64277-119401,C,Rafael,Rafael Marchan,Marchan,5.120000076,20,2000,BAL@PHI,PHI,BAL,,,,,,C/1B/UTIL
64277-119404:Nick Maton,64277-119404,SS/2B,Nick,Nick Maton,Maton,5.446154081,52,2000,BAL@PHI,PHI,BAL,,,,,,2B/SS/UTIL
64277-82551:Shed Long Jr.,64277-82551,2B,Shed,Shed Long Jr.,Long Jr.,7.473529591,34,2000,SEA@OAK,SEA,OAK,IL,Lower leg,,,,2B/UTIL
64277-135801:Jake Hager,64277-135801,1B,Jake,Jake Hager,Hager,2.293333435,15,2000,ATL@ARI,ARI,ATL,,,,,,C/1B/UTIL
64277-82556:Taylor Trammell,64277-82556,OF,Taylor,Taylor Trammell,Trammell,7.384313845,51,2000,SEA@OAK,SEA,OAK,,,,,,OF/UTIL
64277-118398:Vimael Machin,64277-118398,SS,Vimael,Vimael Machin,Machin,1.900000059,13,2000,SEA@OAK,OAK,SEA,,,,,,SS/UTIL
64277-70277:Kevan Smith,64277-70277,C,Kevan,Kevan Smith,Smith,3.797059003,34,2000,ATL@ARI,ATL,ARI,,,,,,C/1B/UTIL
64277-82566:Tyler Nevin,64277-82566,1B,Tyler,Tyler Nevin,Nevin,4.5,2,2000,BAL@PHI,BAL,PHI,,,,,,C/1B/UTIL
64277-119439:Sam Huff,64277-119439,C,Sam,Sam Huff,Huff,10.5,10,2000,TEX@NYY,TEX,NYY,,,,,,C/1B/UTIL
64277-21158:John Hicks,64277-21158,C,John,John Hicks,Hicks,10.66999969,10,2000,TEX@NYY,TEX,NYY,,,,,,C/1B/UTIL
64277-84655:Stevie Wilkerson,64277-84655,OF,Stevie,Stevie Wilkerson,Wilkerson,3.062069071,29,2000,BAL@PHI,BAL,PHI,,,,,,OF/UTIL
64277-82619:Estevan Florial,64277-82619,OF,Estevan,Estevan Florial,Florial,7.059999847,10,2000,TEX@NYY,NYY,TEX,,,,,,OF/UTIL
64277-17086:Marcell Ozuna,64277-17086,OF,Marcell,Marcell Ozuna,Ozuna,8.733333588,48,2000,ATL@ARI,ATL,ARI,IL,Finger,,,,OF/UTIL
64277-14019:Abraham Almonte,64277-14019,OF,Abraham,Abraham Almonte,Almonte,6.214285714,63,2000,ATL@ARI,ATL,ARI,,,,,,OF/UTIL
64277-82626:Adam Haseley,64277-82626,OF,Adam,Adam Haseley,Haseley,2.377777735,9,2000,BAL@PHI,PHI,BAL,,,,,,OF/UTIL
64277-82637:Evan White,64277-82637,1B,Evan,Evan White,White,4.903333537,30,2000,SEA@OAK,SEA,OAK,IL,Hip,,,,C/1B/UTIL
64277-11989:Jon Jay,64277-11989,OF,Jon,Jon Jay,Jay,4.979999924,5,2000,HOU@LAA,LAA,HOU,,,,,,OF/UTIL
64277-82646:Justin Williams,64277-82646,OF,Justin,Justin Williams,Williams,4.264705882,51,2000,STL@MIL,STL,MIL,IL,Hamstring,,,,OF/UTIL
64277-112379:Tim Lopes,64277-112379,OF,Tim,Tim Lopes,Lopes,1.314285687,7,2000,STL@MIL,MIL,STL,,,,,,OF/UTIL
64277-13054:Rob Brantly,64277-13054,C,Rob,Rob Brantly,Brantly,2.5,6,2000,TEX@NYY,NYY,TEX,,,,,,C/1B/UTIL
64277-52995:Luke Maile,64277-52995,C,Luke,Luke Maile,Maile,5.379999797,15,2000,STL@MIL,MIL,STL,,,,,,C/1B/UTIL
64277-53007:Daniel Robertson,64277-53007,3B,Daniel,Daniel Robertson,Robertson,3.02,50,2000,STL@MIL,MIL,STL,,,,,,3B/UTIL
64277-5904:Chris Davis,64277-5904,1B,Chris,Chris Davis,Davis,3.068749905,16,2000,BAL@PHI,BAL,PHI,O,Hip,,,,C/1B/UTIL
64277-54080:Austin Dean,64277-54080,OF,Austin,Austin Dean,Dean,4.295454545,22,2000,STL@MIL,STL,MIL,,,,,,OF/UTIL
64277-110404:Mike Brosseau,64277-110404,2B/3B,Mike,Mike Brosseau,Brosseau,6.126316004,57,2000,TOR@TB,TB,TOR,,,,,,2B/3B/UTIL
64277-13152:Matt Carpenter,64277-13152,1B/3B,Matt,Matt Carpenter,Carpenter,3.469747848,119,2000,STL@MIL,STL,MIL,,,,,,C/1B/3B/UTIL
64277-137070:Joseph Odom,64277-137070,C,Joseph,Joseph Odom,Odom,0,2,2000,TOR@TB,TB,TOR,,,,,,C/1B/UTIL
64277-6005:Matt Joyce,64277-6005,OF,Matt,Matt Joyce,Joyce,2.895121877,41,2000,BAL@PHI,PHI,BAL,,,,,,OF/UTIL
64277-149374:Sean Kazmar Jr.,64277-149374,SS,Sean,Sean Kazmar Jr.,Kazmar Jr.,0,3,2000,ATL@ARI,ATL,ARI,,,,,,SS/UTIL
64277-68481:Roman Quinn,64277-68481,OF,Roman,Roman Quinn,Quinn,4.700000218,28,2000,BAL@PHI,PHI,BAL,IL,Achilles,,,,OF/UTIL
64277-102282:Jake McCarthy,64277-102282,OF,Jake,Jake McCarthy,McCarthy,4.699999883,13,2000,ATL@ARI,ARI,ATL,,,,,,OF/UTIL
64277-102285:Cristian Pache,64277-102285,OF,Cristian,Cristian Pache,Pache,3.554545316,22,2000,ATL@ARI,ATL,ARI,,,,,,OF/UTIL
64277-79756:Ronald Acuna Jr.,64277-79756,OF,Ronald,Ronald Acuna Jr.,Acuna Jr.,14.87073201,82,2000,ATL@ARI,ATL,ARI,IL,Knee,,,,OF/UTIL
64277-102284:William Contreras,64277-102284,C,William,William Contreras,Contreras,7.160416921,48,2000,ATL@ARI,ATL,ARI,,,,,,C/1B/UTIL
64277-68499:Johan Camargo,64277-68499,3B/OF,Johan,Johan Camargo,Camargo,0.613333321,15,2000,ATL@ARI,ATL,ARI,,,,,,3B/OF/UTIL
64277-13203:Eric Campbell,64277-13203,1B,Eric,Eric Campbell,Campbell,3.799999952,4,2000,SEA@OAK,SEA,OAK,,,,,,C/1B/UTIL
64277-102295:Stuart Fairchild,64277-102295,OF,Stuart,Stuart Fairchild,Fairchild,2.633333365,12,2000,ATL@ARI,ARI,ATL,,,,,,OF/UTIL
64277-70574:Jared Hoying,64277-70574,OF,Jared,Jared Hoying,Hoying,0,2,2000,TOR@TB,TOR,TB,,,,,,OF/UTIL
64277-52150:Clint Frazier,64277-52150,OF,Clint,Clint Frazier,Frazier,6.174242424,66,2000,TEX@NYY,NYY,TEX,IL,Eye,,,,OF/UTIL
64277-68537:Tyler Wade,64277-68537,2B,Tyler,Tyler Wade,Wade,3.901041667,96,2000,TEX@NYY,NYY,TEX,,,,,,2B/UTIL
64277-52153:David Dahl,64277-52153,OF,David,David Dahl,Dahl,5.822222028,63,2000,STL@MIL,MIL,STL,,,,,,OF/UTIL
64277-68538:Franklin Barreto,64277-68538,2B,Franklin,Franklin Barreto,Barreto,1.80952381,21,2000,HOU@LAA,LAA,HOU,IL,Elbow,,,,2B/UTIL
64277-68546:Jose Rondon,64277-68546,SS,Jose,Jose Rondon,Rondon,2.862264093,53,2000,STL@MIL,STL,MIL,,,,,,SS/UTIL
64277-68554:Andrew Velazquez,64277-68554,3B,Andrew,Andrew Velazquez,Velazquez,5.969230652,26,2000,TEX@NYY,NYY,TEX,,,,,,3B/UTIL
64277-81869:Chad Wallach,64277-81869,C,Chad,Chad Wallach,Wallach,3.800000066,23,2000,HOU@LAA,LAA,HOU,,,,,,C/1B/UTIL
64277-12237:Jonathan Lucroy,64277-12237,C,Jonathan,Jonathan Lucroy,Lucroy,6.700000218,7,2000,ATL@ARI,ATL,ARI,,,,,,C/1B/UTIL
64277-52178:Maikel Franco,64277-52178,3B,Maikel,Maikel Franco,Franco,7.064423194,104,2000,ATL@ARI,ATL,ARI,,,,,,3B/UTIL
64277-156630:Trey Amburgey,64277-156630,OF,Trey,Trey Amburgey,Amburgey,0,2,2000,TEX@NYY,NYY,TEX,,,,,,OF/UTIL
64277-5077:Dexter Fowler,64277-5077,OF,Dexter,Dexter Fowler,Fowler,5.299999782,7,2000,HOU@LAA,LAA,HOU,IL,Knee,,,,OF/UTIL
64277-80852:Ildemaro Vargas,64277-80852,2B,Ildemaro,Ildemaro Vargas,Vargas,3.28,25,2000,ATL@ARI,ARI,ATL,,,,,,2B/UTIL
64277-52182:Reese McGuire,64277-52182,C,Reese,Reese McGuire,McGuire,4.870270188,74,2000,TOR@TB,TOR,TB,,,,,,C/1B/UTIL
64277-102370:Alec Bohm,64277-102370,1B/3B,Alec,Alec Bohm,Bohm,7.388181929,110,2000,BAL@PHI,PHI,BAL,DTD,Wrist,,,,C/1B/3B/UTIL
64277-17382:Gregory Polanco,64277-17382,OF,Gregory,Gregory Polanco,Polanco,7.398113323,106,2000,TOR@TB,TOR,TB,,,,,,OF/UTIL
64277-68593:Jorge Mateo,64277-68593,2B/OF,Jorge,Jorge Mateo,Mateo,4.806741436,89,2000,BAL@PHI,BAL,PHI,IL,Back,,,,2B/OF/UTIL
