,Name,Rotowire Name,Full Name,Starter,Team
0,Tommy Edman,Tommy Edman,Tommy Edman,1,
1,P. Goldschmidt,P. Goldschmidt,Paul Goldschmidt,1,
2,T. O'Neill,T. O'Neill,Tyler O'Neill,1,
3,N. Arenado,N. Arenado,Nolan Arenado,1,
4,Y. Molina,Y. Molina,Yadier Molina,1,
5,D. Carlson,D. Carlson,Dylan Carlson,1,
6,Edmundo Sosa,Edmundo Sosa,Edmundo Sosa,1,STL
7,H. Bader,H. Bader,Harrison Bader,1,
8,J.A. Happ,J.A. Happ,J.A. Happ,1,STL
9,W. Contreras,W. Contreras,Willson Contreras,1,
10,F. Schwindel,F. Schwindel,Frank Schwindel,1,CHC
11,Ian Happ,Ian Happ,Ian Happ,1,
12,P. Wisdom,P. Wisdom,Patrick Wisdom,1,
13,Matt Duffy,Matt Duffy,Matt Duffy,1,CHC
14,Nico Hoerner,Nico Hoerner,Nico Hoerner,1,
15,T. Thompson,T. Thompson,Trayce Thompson,1,CHC
16,R. Ortega,R. Ortega,Rafael Ortega,1,CHC
17,J. Steele,J. Steele,Justin Steele,1,CHC
18,L. Taveras,L. Taveras,Leody Taveras,1,TEX
19,I. Kiner-Falefa,I. Kiner-Falefa,Isiah Kiner-Falefa,1,TEX
20,A. Garcia,A. Garcia,Avisail Garcia,1,
21,DJ Peters,DJ Peters,DJ Peters,1,TEX
22,N. Lowe,N. Lowe,Nathaniel Lowe,1,TEX
23,Nick Solak,Nick Solak,Nick Solak,1,TEX
24,C. Culberson,C. Culberson,Charlie Culberson,1,
25,Andy Ibanez,Andy Ibanez,Andy Ibanez,1,TEX
26,Jose Trevino,Jose Trevino,Jose Trevino,1,TEX
27,C. Mullins,C. Mullins,Cedric Mullins,1,
28,R. Mountcastle,R. Mountcastle,Ryan Mountcastle,1,
29,Trey Mancini,Trey Mancini,Trey Mancini,1,
30,A. Santander,A. Santander,Anthony Santander,1,
31,Austin Hays,Austin Hays,Austin Hays,1,
32,Pat Valaika,Pat Valaika,Pat Valaika,1,
33,P. Severino,P. Severino,Pedro Severino,1,
34,Jahmai Jones,Jahmai Jones,Jahmai Jones,1,BAL
35,K. Gutierrez,K. Gutierrez,Kelvin Gutierrez,1,
36,K. Hayes,K. Hayes,Ke'Bryan Hayes,1,
37,Y. Tsutsugo,Y. Tsutsugo,Yoshi Tsutsugo,1,PIT
38,B. Reynolds,B. Reynolds,Bryan Reynolds,1,
39,Colin Moran,Colin Moran,Colin Moran,1,PIT
40,Ben Gamel,Ben Gamel,Ben Gamel,1,
41,Kevin Newman,Kevin Newman,Kevin Newman,1,
42,M. Perez,M. Perez,Michael Perez,1,PIT
43,Hoy Park,Hoy Park,Hoy Park,1,PIT
44,Sam Howard,Sam Howard,Sam Howard,1,PIT
45,O. Herrera,O. Herrera,Odubel Herrera,1,PHI
46,Jean Segura,Jean Segura,Jean Segura,1,
47,Bryce Harper,Bryce Harper,Bryce Harper,1,
48,J. Realmuto,J. Realmuto,J.T. Realmuto,1,PHI
49,D. Gregorius,D. Gregorius,Didi Gregorius,1,PHI
50,A. McCutchen,A. McCutchen,Andrew McCutchen,1,PHI
51,Brad Miller,Brad Miller,Brad Miller,1,PHI
52,F. Galvis,F. Galvis,Freddy Galvis,1,PHI
53,Kyle Gibson,Kyle Gibson,Kyle Gibson,1,PHI
54,DJ LeMahieu,DJ LeMahieu,DJ LeMahieu,1,NYY
55,A. Rizzo,A. Rizzo,Anthony Rizzo,1,NYY
56,Aaron Judge,Aaron Judge,Aaron Judge,1,NYY
57,G. Stanton,G. Stanton,Giancarlo Stanton,1,NYY
58,Joey Gallo,Joey Gallo,Joey Gallo,1,NYY
59,G. Torres,G. Torres,Gleyber Torres,1,NYY
60,Gary Sanchez,Gary Sanchez,Gary Sanchez,1,NYY
61,Gio Urshela,Gio Urshela,Gio Urshela,1,NYY
62,B. Gardner,B. Gardner,Brett Gardner,1,NYY
63,E. Hernandez,E. Hernandez,Kike Hernandez,1,BOS
64,K. Schwarber,K. Schwarber,Kyle Schwarber,1,BOS
65,X. Bogaerts,X. Bogaerts,Xander Bogaerts,1,BOS
66,R. Devers,R. Devers,Rafael Devers,1,BOS
67,J. Martinez,J. Martinez,J.D. Martinez,1,BOS
68,Alex Verdugo,Alex Verdugo,Alex Verdugo,1,BOS
69,H. Renfroe,H. Renfroe,Hunter Renfroe,1,BOS
70,Bobby Dalbec,Bobby Dalbec,Bobby Dalbec,1,BOS
71,C. Vazquez,C. Vazquez,Christian Vazquez,1,BOS
72,Tim Anderson,Tim Anderson,Tim Anderson,1,
73,Yoan Moncada,Yoan Moncada,Yoan Moncada,1,
74,Jose Abreu,Jose Abreu,Jose Abreu,1,
75,Y. Grandal,Y. Grandal,Yasmani Grandal,1,CWS
76,Luis Robert,Luis Robert,Luis Robert,1,CWS
77,Eloy Jimenez,Eloy Jimenez,Eloy Jimenez,1,CWS
78,Leury Garcia,Leury Garcia,Leury Garcia,1,
79,A. Vaughn,A. Vaughn,Andrew Vaughn,1,
80,C. Hernandez,C. Hernandez,Cesar Hernandez,1,
81,Myles Straw,Myles Straw,Myles Straw,1,
82,B. Zimmer,B. Zimmer,Bradley Zimmer,1,
83,Jose Ramirez,Jose Ramirez,Jose Ramirez,1,
84,F. Reyes,F. Reyes,Franmil Reyes,1,CLE
85,B. Bradley,B. Bradley,Bobby Bradley,1,
86,H. Ramirez,H. Ramirez,Harold Ramirez,1,
87,Yu Chang,Yu Chang,Yu Chang,1,
88,R. Perez,R. Perez,Roberto Perez,1,
89,A. Gimenez,A. Gimenez,Andres Gimenez,1,CLE
90,W. Merrifield,W. Merrifield,Whit Merrifield,1,
91,Nicky Lopez,Nicky Lopez,Nicky Lopez,1,
92,S. Perez,S. Perez,Salvador Perez,1,
93,A. Benintendi,A. Benintendi,Andrew Benintendi,1,
94,C. Santana,C. Santana,Carlos Santana,1,
95,A. Mondesi,A. Mondesi,Adalberto Mondesi,1,KC
96,M. Taylor,M. Taylor,Michael A. Taylor,1,
97,H. Dozier,H. Dozier,Hunter Dozier,1,
98,H. Alberto,H. Alberto,Hanser Alberto,1,
99,Victor Reyes,Victor Reyes,Victor Reyes,1,DET
100,J. Schoop,J. Schoop,Jonathan Schoop,1,
101,R. Grossman,R. Grossman,Robbie Grossman,1,
102,M. Cabrera,M. Cabrera,Miguel Cabrera,1,
103,J. Candelario,J. Candelario,Jeimer Candelario,1,
104,Eric Haase,Eric Haase,Eric Haase,1,
105,Daz Cameron,Daz Cameron,Daz Cameron,1,DET
106,D. Garneau,D. Garneau,Dustin Garneau,1,DET
107,Niko Goodrum,Niko Goodrum,Niko Goodrum,1,DET
108,Lane Thomas,Lane Thomas,Lane Thomas,1,wAS
109,A. Escobar,A. Escobar,Alcides Escobar,1,WAS
110,Juan Soto,Juan Soto,Juan Soto,1,WAS
111,Josh Bell,Josh Bell,Josh Bell,1,WSH
112,Keibert Ruiz,Keibert Ruiz,Keibert Ruiz,1,WAS
113,C. Kieboom,C. Kieboom,Carter Kieboom,1,WAS
114,A. Stevenson,A. Stevenson,Andrew Stevenson,1,WAS
115,Luis Garcia,Luis Garcia,Luis Garcia,1,WAS
116,Paolo Espino,Paolo Espino,Paolo Espino,1,WSH
117,J. India,J. India,Jonathan India,1,
118,Max Schrock,Max Schrock,Max Schrock,1,CIN
119,N. Castellanos,N. Castellanos,Nick Castellanos,1,
120,Joey Votto,Joey Votto,Joey Votto,1,
121,Kyle Farmer,Kyle Farmer,Kyle Farmer,1,
122,E. Suarez,E. Suarez,Eugenio Suarez,1,
123,T. Barnhart,T. Barnhart,Tucker Barnhart,1,
124,TJ Friedl,TJ Friedl,TJ Friedl,1,CIN
125,Sonny Gray,Sonny Gray,Sonny Gray,1,
126,Miguel Rojas,Miguel Rojas,Miguel Rojas,1,
127,J. Chisholm,J. Chisholm,Jazz Chisholm,1,MIA
128,L. Brinson,L. Brinson,Lewis Brinson,1,MIA
129,J. Sanchez,J. Sanchez,Jesus Sanchez,1,MIA
130,B. De La Cruz,B. De La Cruz,Bryan De La Cruz,1,MIA
131,Lewin Diaz,Lewin Diaz,Lewin Diaz,1,MIA
132,Alex Jackson,Alex Jackson,Alex Jackson,1,MIA
133,Payton Henry,Payton Henry,Payton Henry,1,MIA
134,Eddy Alvarez,Eddy Alvarez,Eddy Alvarez,1,MIA
135,Brandon Lowe,Brandon Lowe,Brandon Lowe,1,
136,R. Arozarena,R. Arozarena,Randy Arozarena,1,TB
137,Nelson Cruz,Nelson Cruz,Nelson Cruz,1,TB
138,Ji-Man Choi,Ji-Man Choi,Ji-Man Choi,1,TB
139,Yandy Diaz,Yandy Diaz,Yandy Diaz,1,TB
140,A. Meadows,A. Meadows,Austin Meadows,1,TB
141,Joey Wendle,Joey Wendle,Joey Wendle,1,
142,Mike Zunino,Mike Zunino,Mike Zunino,1,
143,K. Kiermaier,K. Kiermaier,Kevin Kiermaier,1,
144,J. Flaherty,J. Flaherty,Jack Flaherty,1,STL
145,Zach Davies,Zach Davies,Zach Davies,1,
146,B. Nimmo,B. Nimmo,Brandon Nimmo,1,NYM
147,F. Lindor,F. Lindor,Francisco Lindor,1,NYM
148,M. Conforto,M. Conforto,Michael Conforto,1,
149,Pete Alonso,Pete Alonso,Pete Alonso,1,NYM
150,Javier Baez,Javier Baez,Javier Baez,1,
151,Jeff McNeil,Jeff McNeil,Jeff McNeil,1,NYM
152,J. Villar,J. Villar,Jonathan Villar,1,NYM
153,James McCann,James McCann,James McCann,1,
154,Tylor Megill,Tylor Megill,Tylor Megill,1,
155,Kolten Wong,Kolten Wong,Kolten Wong,1,
156,C. Yelich,C. Yelich,Christian Yelich,1,
157,Willy Adames,Willy Adames,Willy Adames,1,
158,E. Escobar,E. Escobar,Eduardo Escobar,1,
159,Luis Urias,Luis Urias,Luis Urias,1,
160,Omar Narvaez,Omar Narvaez,Omar Narvaez,1,
161,Lorenzo Cain,Lorenzo Cain,Lorenzo Cain,1,MIL
162,Eric Lauer,Eric Lauer,Eric Lauer,1,MIL
163,G. Springer,G. Springer,George Springer,1,TOR
164,M. Semien,M. Semien,Marcus Semien,1,TOR
165,V. Guerrero,V. Guerrero,Vladimir Guerrero Jr.,1,TOR
166,Bo Bichette,Bo Bichette,Bo Bichette,1,TOR
167,T. Hernandez,T. Hernandez,Teoscar Hernandez,1,TOR
168,A. Kirk,A. Kirk,Alejandro Kirk,1,TOR
169,L. Gurriel,L. Gurriel,Lourdes Gurriel Jr.,1,TOR
170,R. Grichuk,R. Grichuk,Randal Grichuk,1,TOR
171,B. Valera,B. Valera,Breyvic Valera,1,TOR
172,Luis Arraez,Luis Arraez,Luis Arraez,1,
173,Byron Buxton,Byron Buxton,Byron Buxton,1,MIN
174,J. Polanco,J. Polanco,Jorge Polanco,1,MIN
175,J. Donaldson,J. Donaldson,Josh Donaldson,1,MIN
176,Max Kepler,Max Kepler,Max Kepler,1,
177,Miguel Sano,Miguel Sano,Miguel Sano,1,
178,Mitch Garver,Mitch Garver,Mitch Garver,1,MIN
179,Brent Rooker,Brent Rooker,Brent Rooker,1,MIN
180,A. Simmons,A. Simmons,Andrelton Simmons,1,MIN
181,T. La Stella,T. La Stella,Tommy La Stella,1,SF
182,Brandon Belt,Brandon Belt,Brandon Belt,1,SF
183,Buster Posey,Buster Posey,Buster Posey,1,SF
184,A. Dickerson,A. Dickerson,Alex Dickerson,1,
185,Kris Bryant,Kris Bryant,Kris Bryant,1,
186,B. Crawford,B. Crawford,Brandon Crawford,1,
187,M. Yastrzemski,M. Yastrzemski,Mike Yastrzemski,1,
188,E. Longoria,E. Longoria,Evan Longoria,1,SF
189,Alex Wood,Alex Wood,Alex Wood,1,SF
190,B. Rodgers,B. Rodgers,Brendan Rodgers,1,COL
191,G. Hampson,G. Hampson,Garrett Hampson,1,COL
192,Trevor Story,Trevor Story,Trevor Story,1,COL
193,C.J. Cron,C.J. Cron,C.J. Cron,1,COL
194,C. Blackmon,C. Blackmon,Charlie Blackmon,1,COL
195,Ryan Vilade,Ryan Vilade,Ryan Vilade,1,COL
196,C. Welker,C. Welker,Colton Welker,1,COL
197,Elias Diaz,Elias Diaz,Elias Diaz,1,COL
198,P. Lambert,P. Lambert,Peter Lambert,1,COL
199,J. Crawford,J. Crawford,J.P. Crawford,1,SEA
200,M. Haniger,M. Haniger,Mitch Haniger,1,SEA
201,Ty France,Ty France,Ty France,1,SEA
202,Kyle Seager,Kyle Seager,Kyle Seager,1,SEA
203,Abraham Toro,Abraham Toro,Abraham Toro,1,
204,Luis Torrens,Luis Torrens,Luis Torrens,1,SEA
205,Tom Murphy,Tom Murphy,Tom Murphy,1,SEA
206,J. Kelenic,J. Kelenic,Jarred Kelenic,1,SEA
207,Dylan Moore,Dylan Moore,Dylan Moore,1,SEA
208,B. Marsh,B. Marsh,Brandon Marsh,1,
209,S. Ohtani,S. Ohtani,Shohei Ohtani,1,LAA
210,P. Gosselin,P. Gosselin,Phil Gosselin,1,
211,Jared Walsh,Jared Walsh,Jared Walsh,1,LAA
212,Luis Rengifo,Luis Rengifo,Luis Rengifo,1,
213,Jose Rojas,Jose Rojas,Jose Rojas,1,LAA
214,Max Stassi,Max Stassi,Max Stassi,1,LAA
215,J. Mayfield,J. Mayfield,Jack Mayfield,1,
216,D. Fletcher,D. Fletcher,David Fletcher,1,LAA
217,Jose Altuve,Jose Altuve,Jose Altuve,1,
218,Alex Bregman,Alex Bregman,Alex Bregman,1,HOU
219,C. Correa,C. Correa,Carlos Correa,1,
220,Y. Alvarez,Y. Alvarez,Yordan Alvarez,1,
221,Yuli Gurriel,Yuli Gurriel,Yuli Gurriel,1,
222,Kyle Tucker,Kyle Tucker,Kyle Tucker,1,
223,C. McCormick,C. McCormick,Chas McCormick,1,HOU
224,Jake Meyers,Jake Meyers,Jake Meyers,1,HOU
225,M. Maldonado,M. Maldonado,Martin Maldonado,1,
226,J. Harrison,J. Harrison,Josh Harrison,1,
227,S. Marte,S. Marte,Starling Marte,1,
228,Matt Olson,Matt Olson,Matt Olson,1,
229,Matt Chapman,Matt Chapman,Matt Chapman,1,
230,Jed Lowrie,Jed Lowrie,Jed Lowrie,1,
231,Mark Canha,Mark Canha,Mark Canha,1,
232,Yan Gomes,Yan Gomes,Yan Gomes,1,WSH
233,Tony Kemp,Tony Kemp,Tony Kemp,1,
234,Elvis Andrus,Elvis Andrus,Elvis Andrus,1,
235,Mookie Betts,Mookie Betts,Mookie Betts,1,LAD
236,Max Muncy,Max Muncy,Max Muncy,1,LAD
237,Trea Turner,Trea Turner,Trea Turner,1,WAS
238,J. Turner,J. Turner,Justin Turner,1,LAD
239,Corey Seager,Corey Seager,Corey Seager,1,LAD
240,Will Smith,Will Smith,Will Smith,1,LAD
241,AJ Pollock,AJ Pollock,AJ Pollock,1,LAD
242,Chris Taylor,Chris Taylor,Chris Taylor,1,LAD
243,T. Gonsolin,T. Gonsolin,Tony Gonsolin,1,
244,Josh Rojas,Josh Rojas,Josh Rojas,1,
245,Ketel Marte,Ketel Marte,Ketel Marte,1,ARI
246,J. VanMeter,J. VanMeter,Josh VanMeter,1,ARI
247,Carson Kelly,Carson Kelly,Carson Kelly,1,ARI
248,D. Peralta,D. Peralta,David Peralta,1,ARI
249,Pavin Smith,Pavin Smith,Pavin Smith,1,
250,Nick Ahmed,Nick Ahmed,Nick Ahmed,1,
251,D. Varsho,D. Varsho,Daulton Varsho,1,
252,H. Castellanos,H. Castellanos,Humberto Castellanos,1,ARI
253,Ozzie Albies,Ozzie Albies,Ozzie Albies,1,ATL
254,Jorge Soler,Jorge Soler,Jorge Soler,1,
255,F. Freeman,F. Freeman,Freddie Freeman,1,ATL
256,Austin Riley,Austin Riley,Austin Riley,1,ATL
257,Adam Duvall,Adam Duvall,Adam Duvall,1,
258,T. d'Arnaud,T. d'Arnaud,Travis d'Arnaud,1,ATL
259,D. Swanson,D. Swanson,Dansby Swanson,1,ATL
260,E. Rosario,E. Rosario,Eddie Rosario,1,ATL
261,Max Fried,Max Fried,Max Fried,1,ATL
262,F. Tatis,F. Tatis,Fernando Tatis Jr.,1,
263,M. Machado,M. Machado,Manny Machado,1,
264,Tommy Pham,Tommy Pham,Tommy Pham,1,
265,Wil Myers,Wil Myers,Wil Myers,1,
266,J. Profar,J. Profar,Jurickson Profar,1,SD
267,Austin Nola,Austin Nola,Austin Nola,1,SD
268,T. Grisham,T. Grisham,Trent Grisham,1,
269,Ha-Seong Kim,Ha-Seong Kim,Ha-Seong Kim,1,
270,P. Johnson,P. Johnson,Pierce Johnson,1,SD
